{"type":"FeatureCollection","features":[{"type":"Feature","properties":{"NAME_1":"Andaman and Nicobar","NAME_2":"Andaman Islands"},"geometry":{"type":"MultiPolygon","coordinates":[[[[92.516,10.898],[92.516,10.898],[92.516,10.898],[92.517,10.897],[92.52,10.897],[92.521,10.897],[92.521,10.897],[92.523,10.895],[92.523,10.895],[92.526,10.891],[92.527,10.891],[92.528,10.89],[92.528,10.89],[92.528,10.89],[92.528,10.889],[92.528,10.889],[92.528,10.889],[92.529,10.888],[92.529,10.888],[92.53,10.887],[92.53,10.887],[92.53,10.886],[92.53,10.886],[92.53,10.885],[92.529,10.885],[92.529,10.884],[92.529,10.884],[92.528,10.883],[92.528,10.883],[92.528,10.882],[92.529,10.881],[92.529,10.881],[92.529,10.881],[92.529,10.88],[92.529,10.88],[92.529,10.88],[92.53,10.879],[92.53,10.878],[92.53,10.877],[92.53,10.877],[92.532,10.876],[92.532,10.875],[92.532,10.874],[92.532,10.873],[92.531,10.872],[92.53,10.872],[92.53,10.871],[92.529,10.87],[92.528,10.869],[92.528,10.869],[92.529,10.868],[92.529,10.867],[92.529,10.867],[92.53,10.865],[92.531,10.865],[92.531,10.865],[92.531,10.865],[92.532,10.865],[92.532,10.865],[92.533,10.865],[92.533,10.865],[92.534,10.865],[92.535,10.865],[92.536,10.865],[92.536,10.865],[92.537,10.865],[92.537,10.866],[92.537,10.866],[92.536,10.866],[92.536,10.866],[92.535,10.866],[92.534,10.866],[92.533,10.866],[92.532,10.866],[92.531,10.866],[92.53,10.867],[92.53,10.868],[92.53,10.868],[92.53,10.869],[92.53,10.869],[92.53,10.87],[92.53,10.87],[92.533,10.872],[92.533,10.873],[92.533,10.874],[92.533,10.875],[92.533,10.875],[92.533,10.876],[92.532,10.877],[92.532,10.877],[92.532,10.878],[92.531,10.878],[92.531,10.878],[92.531,10.879],[92.531,10.879],[92.532,10.88],[92.532,10.881],[92.531,10.881],[92.531,10.882],[92.531,10.882],[92.531,10.882],[92.531,10.883],[92.53,10.883],[92.53,10.883],[92.53,10.883],[92.529,10.883],[92.53,10.884],[92.53,10.884],[92.53,10.885],[92.531,10.885],[92.532,10.885],[92.532,10.885],[92.532,10.885],[92.532,10.885],[92.533,10.885],[92.533,10.884],[92.533,10.884],[92.533,10.884],[92.534,10.884],[92.534,10.884],[92.535,10.884],[92.535,10.884],[92.536,10.884],[92.536,10.883],[92.536,10.883],[92.537,10.883],[92.537,10.883],[92.539,10.88],[92.54,10.88],[92.541,10.879],[92.541,10.879],[92.543,10.877],[92.543,10.877],[92.543,10.876],[92.543,10.876],[92.543,10.876],[92.544,10.875],[92.545,10.875],[92.546,10.874],[92.546,10.874],[92.547,10.873],[92.547,10.873],[92.548,10.872],[92.548,10.872],[92.548,10.871],[92.55,10.871],[92.55,10.871],[92.551,10.871],[92.553,10.869],[92.553,10.869],[92.554,10.868],[92.554,10.868],[92.554,10.867],[92.554,10.867],[92.557,10.865],[92.557,10.865],[92.558,10.864],[92.558,10.864],[92.558,10.863],[92.558,10.863],[92.559,10.863],[92.559,10.863],[92.559,10.862],[92.559,10.862],[92.559,10.861],[92.559,10.861],[92.559,10.861],[92.559,10.86],[92.56,10.86],[92.56,10.859],[92.56,10.859],[92.56,10.859],[92.56,10.858],[92.56,10.858],[92.559,10.857],[92.559,10.857],[92.559,10.857],[92.559,10.856],[92.558,10.856],[92.558,10.855],[92.558,10.855],[92.558,10.854],[92.558,10.854],[92.558,10.851],[92.557,10.851],[92.557,10.851],[92.557,10.85],[92.557,10.85],[92.557,10.849],[92.557,10.849],[92.556,10.849],[92.557,10.845],[92.557,10.844],[92.557,10.844],[92.557,10.843],[92.558,10.843],[92.558,10.842],[92.558,10.842],[92.558,10.841],[92.558,10.841],[92.558,10.84],[92.558,10.84],[92.558,10.839],[92.559,10.839],[92.559,10.839],[92.559,10.839],[92.559,10.838],[92.559,10.838],[92.559,10.838],[92.559,10.838],[92.559,10.837],[92.56,10.836],[92.56,10.836],[92.56,10.836],[92.56,10.835],[92.56,10.835],[92.56,10.834],[92.561,10.834],[92.561,10.833],[92.561,10.833],[92.561,10.832],[92.561,10.832],[92.561,10.831],[92.561,10.831],[92.561,10.831],[92.562,10.83],[92.562,10.83],[92.563,10.829],[92.563,10.828],[92.563,10.828],[92.563,10.827],[92.563,10.827],[92.563,10.827],[92.563,10.826],[92.563,10.826],[92.562,10.826],[92.562,10.825],[92.562,10.825],[92.561,10.824],[92.561,10.824],[92.561,10.823],[92.561,10.823],[92.561,10.823],[92.561,10.821],[92.561,10.821],[92.561,10.82],[92.561,10.819],[92.561,10.819],[92.561,10.818],[92.562,10.818],[92.562,10.817],[92.562,10.817],[92.562,10.814],[92.562,10.814],[92.562,10.814],[92.561,10.813],[92.561,10.812],[92.562,10.812],[92.562,10.811],[92.562,10.811],[92.562,10.811],[92.562,10.811],[92.562,10.81],[92.563,10.81],[92.563,10.809],[92.564,10.808],[92.564,10.808],[92.565,10.807],[92.565,10.806],[92.564,10.805],[92.563,10.805],[92.563,10.805],[92.563,10.804],[92.562,10.804],[92.561,10.804],[92.561,10.804],[92.56,10.804],[92.56,10.805],[92.56,10.805],[92.56,10.806],[92.56,10.806],[92.56,10.805],[92.56,10.804],[92.56,10.804],[92.56,10.803],[92.56,10.802],[92.56,10.801],[92.561,10.801],[92.561,10.801],[92.561,10.8],[92.561,10.8],[92.562,10.8],[92.562,10.801],[92.562,10.801],[92.562,10.801],[92.562,10.802],[92.562,10.803],[92.562,10.803],[92.562,10.803],[92.562,10.804],[92.563,10.804],[92.563,10.804],[92.564,10.804],[92.564,10.804],[92.564,10.804],[92.565,10.804],[92.565,10.804],[92.566,10.803],[92.566,10.803],[92.566,10.803],[92.567,10.803],[92.567,10.803],[92.568,10.803],[92.569,10.802],[92.57,10.802],[92.571,10.803],[92.572,10.803],[92.573,10.801],[92.573,10.801],[92.574,10.801],[92.574,10.801],[92.574,10.8],[92.574,10.8],[92.574,10.799],[92.574,10.798],[92.574,10.798],[92.574,10.797],[92.575,10.797],[92.575,10.797],[92.579,10.793],[92.579,10.792],[92.579,10.792],[92.58,10.792],[92.58,10.792],[92.58,10.792],[92.581,10.792],[92.581,10.792],[92.582,10.791],[92.582,10.791],[92.582,10.791],[92.583,10.791],[92.583,10.791],[92.583,10.791],[92.584,10.79],[92.584,10.79],[92.585,10.79],[92.585,10.79],[92.587,10.788],[92.588,10.788],[92.588,10.787],[92.588,10.786],[92.588,10.786],[92.588,10.786],[92.588,10.785],[92.588,10.785],[92.588,10.785],[92.588,10.782],[92.588,10.781],[92.588,10.779],[92.588,10.779],[92.588,10.779],[92.588,10.778],[92.588,10.778],[92.588,10.777],[92.588,10.777],[92.588,10.776],[92.587,10.775],[92.587,10.774],[92.587,10.774],[92.587,10.773],[92.587,10.773],[92.587,10.771],[92.587,10.77],[92.587,10.769],[92.586,10.769],[92.586,10.768],[92.586,10.767],[92.586,10.766],[92.585,10.766],[92.585,10.765],[92.585,10.764],[92.585,10.764],[92.585,10.763],[92.585,10.763],[92.584,10.763],[92.584,10.763],[92.584,10.762],[92.584,10.762],[92.584,10.762],[92.584,10.761],[92.584,10.76],[92.584,10.759],[92.583,10.759],[92.583,10.758],[92.584,10.758],[92.584,10.756],[92.583,10.756],[92.583,10.756],[92.584,10.756],[92.584,10.755],[92.583,10.754],[92.584,10.752],[92.584,10.752],[92.584,10.752],[92.583,10.751],[92.584,10.75],[92.583,10.748],[92.583,10.748],[92.583,10.747],[92.583,10.745],[92.583,10.743],[92.583,10.742],[92.583,10.742],[92.583,10.742],[92.583,10.741],[92.584,10.741],[92.584,10.741],[92.584,10.74],[92.584,10.74],[92.585,10.74],[92.585,10.739],[92.585,10.739],[92.585,10.739],[92.585,10.739],[92.585,10.738],[92.586,10.738],[92.586,10.738],[92.586,10.738],[92.586,10.737],[92.586,10.737],[92.586,10.736],[92.586,10.736],[92.586,10.736],[92.587,10.735],[92.587,10.735],[92.588,10.734],[92.588,10.734],[92.588,10.734],[92.588,10.732],[92.588,10.732],[92.588,10.732],[92.589,10.731],[92.589,10.729],[92.589,10.728],[92.589,10.725],[92.589,10.725],[92.589,10.724],[92.589,10.723],[92.589,10.722],[92.589,10.721],[92.589,10.721],[92.59,10.72],[92.59,10.719],[92.59,10.719],[92.59,10.718],[92.59,10.717],[92.59,10.717],[92.592,10.716],[92.592,10.715],[92.592,10.715],[92.592,10.714],[92.592,10.714],[92.592,10.712],[92.593,10.712],[92.593,10.711],[92.593,10.711],[92.594,10.71],[92.595,10.709],[92.595,10.708],[92.596,10.708],[92.597,10.707],[92.597,10.707],[92.597,10.706],[92.597,10.706],[92.598,10.705],[92.598,10.704],[92.598,10.703],[92.598,10.702],[92.598,10.701],[92.598,10.7],[92.598,10.7],[92.598,10.699],[92.598,10.698],[92.598,10.697],[92.598,10.696],[92.597,10.695],[92.597,10.694],[92.597,10.694],[92.597,10.694],[92.597,10.693],[92.597,10.692],[92.597,10.692],[92.597,10.691],[92.597,10.689],[92.597,10.688],[92.597,10.688],[92.597,10.686],[92.598,10.685],[92.598,10.683],[92.598,10.682],[92.598,10.681],[92.597,10.681],[92.597,10.68],[92.597,10.68],[92.597,10.679],[92.597,10.678],[92.596,10.678],[92.596,10.677],[92.595,10.677],[92.594,10.677],[92.593,10.677],[92.592,10.677],[92.592,10.678],[92.592,10.678],[92.592,10.678],[92.591,10.678],[92.591,10.678],[92.591,10.678],[92.589,10.679],[92.589,10.679],[92.589,10.68],[92.588,10.68],[92.587,10.68],[92.587,10.68],[92.587,10.68],[92.586,10.679],[92.586,10.679],[92.585,10.679],[92.585,10.679],[92.585,10.679],[92.584,10.679],[92.584,10.679],[92.584,10.679],[92.584,10.679],[92.583,10.678],[92.583,10.677],[92.582,10.677],[92.582,10.677],[92.582,10.677],[92.582,10.677],[92.581,10.677],[92.581,10.677],[92.581,10.677],[92.579,10.675],[92.579,10.675],[92.578,10.675],[92.578,10.675],[92.577,10.674],[92.577,10.673],[92.576,10.672],[92.576,10.672],[92.576,10.671],[92.576,10.671],[92.576,10.67],[92.576,10.67],[92.576,10.669],[92.576,10.668],[92.576,10.668],[92.577,10.667],[92.577,10.666],[92.577,10.666],[92.577,10.665],[92.577,10.665],[92.577,10.665],[92.577,10.664],[92.577,10.664],[92.578,10.664],[92.578,10.663],[92.578,10.663],[92.578,10.662],[92.578,10.661],[92.578,10.66],[92.578,10.66],[92.579,10.659],[92.579,10.659],[92.579,10.658],[92.579,10.658],[92.58,10.658],[92.58,10.659],[92.581,10.659],[92.581,10.659],[92.581,10.659],[92.582,10.659],[92.582,10.659],[92.582,10.659],[92.583,10.658],[92.583,10.658],[92.583,10.657],[92.583,10.657],[92.583,10.657],[92.582,10.657],[92.582,10.657],[92.582,10.657],[92.581,10.657],[92.581,10.656],[92.58,10.656],[92.58,10.656],[92.58,10.656],[92.579,10.655],[92.579,10.655],[92.579,10.654],[92.578,10.654],[92.578,10.654],[92.578,10.654],[92.577,10.654],[92.577,10.654],[92.577,10.653],[92.577,10.653],[92.576,10.653],[92.576,10.653],[92.575,10.653],[92.575,10.653],[92.574,10.653],[92.574,10.653],[92.573,10.653],[92.572,10.653],[92.571,10.653],[92.571,10.653],[92.571,10.653],[92.57,10.652],[92.57,10.652],[92.569,10.652],[92.569,10.652],[92.568,10.651],[92.568,10.651],[92.568,10.651],[92.568,10.651],[92.567,10.651],[92.567,10.651],[92.566,10.651],[92.566,10.65],[92.566,10.65],[92.565,10.649],[92.564,10.649],[92.564,10.649],[92.564,10.649],[92.564,10.649],[92.564,10.648],[92.564,10.648],[92.564,10.648],[92.563,10.648],[92.563,10.647],[92.562,10.647],[92.562,10.646],[92.561,10.646],[92.561,10.646],[92.561,10.646],[92.559,10.644],[92.559,10.644],[92.558,10.643],[92.558,10.643],[92.557,10.642],[92.557,10.642],[92.556,10.641],[92.554,10.639],[92.554,10.639],[92.553,10.638],[92.552,10.638],[92.552,10.637],[92.552,10.637],[92.551,10.636],[92.551,10.636],[92.55,10.635],[92.55,10.634],[92.55,10.634],[92.55,10.634],[92.549,10.633],[92.549,10.633],[92.549,10.632],[92.549,10.632],[92.548,10.631],[92.548,10.631],[92.548,10.631],[92.548,10.631],[92.547,10.63],[92.547,10.63],[92.547,10.629],[92.547,10.629],[92.547,10.629],[92.547,10.629],[92.546,10.628],[92.546,10.628],[92.546,10.628],[92.546,10.627],[92.546,10.627],[92.545,10.626],[92.545,10.626],[92.544,10.625],[92.544,10.624],[92.544,10.624],[92.544,10.624],[92.544,10.623],[92.544,10.623],[92.543,10.623],[92.543,10.623],[92.543,10.622],[92.543,10.622],[92.543,10.621],[92.543,10.621],[92.543,10.621],[92.543,10.62],[92.542,10.619],[92.542,10.619],[92.542,10.619],[92.542,10.619],[92.541,10.618],[92.541,10.618],[92.541,10.617],[92.541,10.616],[92.541,10.616],[92.541,10.615],[92.541,10.614],[92.541,10.614],[92.54,10.614],[92.54,10.613],[92.54,10.613],[92.54,10.613],[92.54,10.612],[92.54,10.612],[92.54,10.611],[92.54,10.611],[92.54,10.611],[92.54,10.61],[92.54,10.61],[92.54,10.609],[92.54,10.608],[92.54,10.608],[92.54,10.608],[92.54,10.605],[92.54,10.604],[92.54,10.603],[92.541,10.603],[92.541,10.602],[92.541,10.601],[92.541,10.601],[92.541,10.6],[92.541,10.599],[92.542,10.599],[92.542,10.599],[92.542,10.598],[92.542,10.598],[92.543,10.597],[92.543,10.596],[92.543,10.596],[92.543,10.596],[92.544,10.595],[92.544,10.595],[92.544,10.595],[92.544,10.594],[92.544,10.594],[92.544,10.594],[92.544,10.594],[92.544,10.593],[92.546,10.592],[92.547,10.592],[92.548,10.592],[92.549,10.592],[92.549,10.592],[92.549,10.592],[92.55,10.591],[92.55,10.591],[92.551,10.591],[92.551,10.591],[92.551,10.591],[92.552,10.591],[92.552,10.59],[92.553,10.59],[92.553,10.59],[92.554,10.59],[92.554,10.59],[92.554,10.59],[92.554,10.589],[92.555,10.589],[92.555,10.589],[92.556,10.589],[92.556,10.589],[92.556,10.589],[92.557,10.589],[92.557,10.589],[92.557,10.589],[92.558,10.589],[92.558,10.589],[92.558,10.589],[92.559,10.588],[92.56,10.588],[92.561,10.588],[92.561,10.588],[92.562,10.587],[92.563,10.587],[92.563,10.587],[92.564,10.587],[92.564,10.587],[92.564,10.586],[92.566,10.584],[92.567,10.584],[92.568,10.583],[92.568,10.583],[92.569,10.581],[92.569,10.581],[92.569,10.581],[92.569,10.579],[92.569,10.579],[92.569,10.578],[92.569,10.578],[92.569,10.578],[92.569,10.577],[92.569,10.577],[92.568,10.576],[92.568,10.576],[92.566,10.574],[92.566,10.574],[92.566,10.573],[92.566,10.573],[92.565,10.572],[92.565,10.572],[92.565,10.572],[92.565,10.571],[92.564,10.571],[92.564,10.57],[92.564,10.57],[92.564,10.57],[92.561,10.568],[92.561,10.567],[92.561,10.567],[92.56,10.565],[92.559,10.563],[92.558,10.562],[92.558,10.561],[92.556,10.561],[92.556,10.56],[92.555,10.559],[92.555,10.559],[92.554,10.558],[92.554,10.557],[92.553,10.556],[92.552,10.556],[92.551,10.555],[92.551,10.555],[92.55,10.555],[92.55,10.555],[92.549,10.555],[92.548,10.554],[92.548,10.554],[92.548,10.554],[92.548,10.554],[92.548,10.554],[92.546,10.552],[92.546,10.552],[92.546,10.552],[92.546,10.551],[92.546,10.551],[92.546,10.551],[92.545,10.55],[92.545,10.55],[92.545,10.549],[92.545,10.548],[92.545,10.547],[92.545,10.546],[92.544,10.546],[92.544,10.544],[92.544,10.544],[92.544,10.543],[92.544,10.543],[92.544,10.542],[92.543,10.541],[92.542,10.54],[92.542,10.539],[92.542,10.538],[92.542,10.538],[92.541,10.537],[92.541,10.536],[92.54,10.536],[92.54,10.535],[92.538,10.535],[92.538,10.535],[92.537,10.534],[92.537,10.534],[92.537,10.533],[92.536,10.532],[92.536,10.531],[92.536,10.53],[92.535,10.53],[92.534,10.53],[92.534,10.529],[92.534,10.528],[92.534,10.528],[92.534,10.527],[92.534,10.526],[92.534,10.526],[92.534,10.525],[92.534,10.524],[92.534,10.523],[92.534,10.523],[92.534,10.523],[92.534,10.522],[92.533,10.521],[92.533,10.521],[92.532,10.52],[92.532,10.52],[92.532,10.519],[92.531,10.518],[92.531,10.518],[92.53,10.518],[92.53,10.518],[92.53,10.518],[92.529,10.518],[92.529,10.517],[92.529,10.517],[92.529,10.517],[92.528,10.517],[92.528,10.517],[92.527,10.517],[92.526,10.517],[92.526,10.517],[92.525,10.517],[92.525,10.516],[92.524,10.516],[92.523,10.516],[92.522,10.515],[92.521,10.515],[92.521,10.514],[92.52,10.514],[92.52,10.514],[92.519,10.514],[92.519,10.514],[92.518,10.514],[92.517,10.513],[92.517,10.513],[92.517,10.513],[92.516,10.513],[92.516,10.512],[92.515,10.513],[92.514,10.512],[92.514,10.512],[92.513,10.512],[92.512,10.512],[92.512,10.512],[92.511,10.512],[92.511,10.512],[92.51,10.512],[92.509,10.513],[92.509,10.512],[92.508,10.512],[92.508,10.512],[92.507,10.512],[92.507,10.512],[92.506,10.512],[92.506,10.511],[92.505,10.511],[92.505,10.511],[92.504,10.511],[92.501,10.511],[92.499,10.511],[92.498,10.512],[92.498,10.512],[92.497,10.513],[92.497,10.512],[92.497,10.513],[92.496,10.513],[92.496,10.513],[92.496,10.513],[92.495,10.513],[92.495,10.514],[92.495,10.514],[92.495,10.514],[92.494,10.515],[92.494,10.515],[92.494,10.515],[92.494,10.515],[92.493,10.516],[92.493,10.516],[92.492,10.516],[92.491,10.516],[92.491,10.516],[92.491,10.516],[92.49,10.516],[92.489,10.516],[92.489,10.516],[92.488,10.516],[92.488,10.516],[92.487,10.516],[92.486,10.517],[92.486,10.517],[92.486,10.517],[92.485,10.517],[92.485,10.517],[92.484,10.517],[92.484,10.518],[92.484,10.518],[92.483,10.518],[92.483,10.518],[92.483,10.518],[92.482,10.518],[92.482,10.518],[92.481,10.518],[92.48,10.52],[92.48,10.52],[92.48,10.521],[92.479,10.521],[92.479,10.521],[92.478,10.521],[92.478,10.522],[92.478,10.522],[92.477,10.522],[92.477,10.522],[92.476,10.523],[92.476,10.523],[92.476,10.523],[92.475,10.523],[92.475,10.523],[92.475,10.524],[92.475,10.524],[92.474,10.524],[92.474,10.524],[92.472,10.526],[92.472,10.526],[92.471,10.526],[92.471,10.526],[92.471,10.527],[92.47,10.527],[92.47,10.527],[92.469,10.528],[92.469,10.528],[92.468,10.529],[92.466,10.531],[92.465,10.532],[92.465,10.533],[92.464,10.534],[92.464,10.534],[92.463,10.535],[92.463,10.535],[92.462,10.536],[92.462,10.536],[92.462,10.536],[92.461,10.536],[92.461,10.537],[92.46,10.537],[92.459,10.538],[92.459,10.538],[92.457,10.54],[92.457,10.54],[92.457,10.54],[92.456,10.54],[92.456,10.54],[92.455,10.54],[92.455,10.541],[92.454,10.541],[92.453,10.541],[92.453,10.543],[92.453,10.543],[92.453,10.543],[92.452,10.544],[92.452,10.544],[92.452,10.545],[92.452,10.545],[92.45,10.543],[92.45,10.543],[92.449,10.543],[92.449,10.544],[92.448,10.544],[92.448,10.544],[92.447,10.544],[92.447,10.544],[92.446,10.544],[92.445,10.544],[92.445,10.545],[92.444,10.545],[92.444,10.545],[92.443,10.545],[92.443,10.545],[92.442,10.545],[92.442,10.545],[92.441,10.545],[92.441,10.546],[92.441,10.546],[92.44,10.546],[92.44,10.546],[92.439,10.546],[92.438,10.547],[92.438,10.547],[92.438,10.547],[92.438,10.547],[92.437,10.547],[92.437,10.548],[92.436,10.547],[92.436,10.548],[92.436,10.548],[92.435,10.548],[92.435,10.548],[92.435,10.548],[92.434,10.548],[92.433,10.548],[92.432,10.548],[92.432,10.549],[92.431,10.549],[92.429,10.549],[92.428,10.549],[92.427,10.549],[92.426,10.549],[92.426,10.549],[92.424,10.549],[92.423,10.549],[92.421,10.548],[92.421,10.548],[92.42,10.548],[92.419,10.548],[92.419,10.547],[92.418,10.546],[92.418,10.546],[92.417,10.545],[92.417,10.545],[92.416,10.543],[92.416,10.543],[92.415,10.542],[92.415,10.542],[92.413,10.541],[92.413,10.54],[92.413,10.54],[92.413,10.54],[92.412,10.539],[92.412,10.539],[92.408,10.535],[92.408,10.535],[92.408,10.534],[92.407,10.534],[92.407,10.534],[92.407,10.534],[92.406,10.534],[92.406,10.533],[92.405,10.533],[92.405,10.533],[92.405,10.533],[92.404,10.533],[92.404,10.533],[92.404,10.532],[92.403,10.532],[92.403,10.532],[92.403,10.532],[92.402,10.532],[92.402,10.532],[92.402,10.531],[92.4,10.531],[92.4,10.531],[92.395,10.531],[92.395,10.531],[92.395,10.531],[92.391,10.531],[92.391,10.531],[92.39,10.531],[92.389,10.531],[92.389,10.531],[92.389,10.532],[92.387,10.532],[92.387,10.532],[92.386,10.532],[92.386,10.532],[92.386,10.532],[92.386,10.532],[92.385,10.532],[92.384,10.534],[92.384,10.534],[92.383,10.535],[92.383,10.535],[92.383,10.536],[92.383,10.536],[92.383,10.536],[92.382,10.536],[92.381,10.537],[92.381,10.538],[92.381,10.539],[92.382,10.54],[92.382,10.541],[92.382,10.541],[92.383,10.542],[92.383,10.542],[92.384,10.544],[92.384,10.544],[92.385,10.545],[92.386,10.545],[92.386,10.545],[92.386,10.545],[92.387,10.546],[92.387,10.546],[92.389,10.548],[92.389,10.549],[92.39,10.549],[92.39,10.549],[92.39,10.55],[92.39,10.55],[92.391,10.551],[92.391,10.551],[92.394,10.554],[92.394,10.555],[92.393,10.555],[92.393,10.556],[92.392,10.556],[92.392,10.557],[92.392,10.558],[92.392,10.558],[92.393,10.559],[92.393,10.559],[92.393,10.56],[92.394,10.561],[92.394,10.561],[92.395,10.562],[92.395,10.562],[92.395,10.563],[92.395,10.563],[92.395,10.563],[92.395,10.564],[92.396,10.564],[92.396,10.565],[92.396,10.565],[92.397,10.566],[92.397,10.566],[92.399,10.568],[92.399,10.568],[92.399,10.568],[92.399,10.569],[92.399,10.569],[92.399,10.57],[92.4,10.57],[92.4,10.571],[92.4,10.571],[92.4,10.572],[92.401,10.572],[92.401,10.572],[92.402,10.574],[92.402,10.574],[92.403,10.575],[92.404,10.575],[92.404,10.575],[92.404,10.575],[92.404,10.575],[92.405,10.576],[92.405,10.576],[92.405,10.577],[92.405,10.577],[92.406,10.577],[92.406,10.578],[92.406,10.578],[92.406,10.578],[92.407,10.578],[92.407,10.579],[92.407,10.579],[92.407,10.58],[92.408,10.58],[92.408,10.58],[92.408,10.581],[92.408,10.581],[92.409,10.582],[92.409,10.583],[92.409,10.583],[92.409,10.583],[92.41,10.583],[92.409,10.584],[92.409,10.584],[92.41,10.584],[92.41,10.587],[92.41,10.588],[92.41,10.589],[92.41,10.589],[92.41,10.592],[92.41,10.592],[92.41,10.593],[92.41,10.593],[92.41,10.594],[92.411,10.594],[92.411,10.596],[92.411,10.596],[92.411,10.596],[92.411,10.596],[92.411,10.597],[92.412,10.597],[92.412,10.597],[92.412,10.598],[92.412,10.601],[92.412,10.601],[92.412,10.601],[92.413,10.602],[92.413,10.602],[92.413,10.602],[92.413,10.605],[92.413,10.605],[92.413,10.606],[92.413,10.606],[92.413,10.607],[92.413,10.607],[92.414,10.608],[92.414,10.608],[92.415,10.609],[92.415,10.609],[92.415,10.609],[92.415,10.61],[92.416,10.61],[92.416,10.61],[92.416,10.61],[92.418,10.611],[92.418,10.611],[92.419,10.611],[92.42,10.611],[92.42,10.612],[92.42,10.613],[92.42,10.613],[92.421,10.614],[92.421,10.615],[92.42,10.615],[92.42,10.615],[92.42,10.616],[92.42,10.618],[92.42,10.618],[92.42,10.619],[92.419,10.619],[92.419,10.62],[92.419,10.621],[92.419,10.621],[92.419,10.622],[92.419,10.623],[92.418,10.623],[92.418,10.624],[92.418,10.624],[92.418,10.624],[92.418,10.625],[92.418,10.626],[92.417,10.627],[92.417,10.628],[92.417,10.629],[92.417,10.629],[92.417,10.629],[92.416,10.629],[92.416,10.63],[92.416,10.63],[92.416,10.632],[92.416,10.632],[92.416,10.632],[92.415,10.633],[92.415,10.634],[92.415,10.634],[92.414,10.635],[92.414,10.636],[92.413,10.637],[92.413,10.637],[92.413,10.638],[92.413,10.639],[92.413,10.639],[92.412,10.639],[92.412,10.639],[92.412,10.64],[92.412,10.64],[92.412,10.64],[92.412,10.641],[92.412,10.641],[92.412,10.641],[92.411,10.641],[92.411,10.642],[92.411,10.642],[92.411,10.642],[92.411,10.642],[92.411,10.643],[92.411,10.643],[92.41,10.644],[92.41,10.644],[92.41,10.644],[92.41,10.645],[92.41,10.645],[92.41,10.645],[92.41,10.646],[92.409,10.646],[92.409,10.646],[92.409,10.647],[92.409,10.647],[92.409,10.647],[92.409,10.648],[92.408,10.648],[92.408,10.649],[92.407,10.65],[92.407,10.65],[92.407,10.65],[92.407,10.651],[92.407,10.651],[92.407,10.651],[92.406,10.652],[92.406,10.652],[92.406,10.652],[92.406,10.653],[92.404,10.654],[92.404,10.654],[92.404,10.655],[92.404,10.655],[92.404,10.656],[92.404,10.656],[92.402,10.657],[92.402,10.658],[92.402,10.658],[92.401,10.659],[92.401,10.659],[92.4,10.66],[92.4,10.661],[92.4,10.661],[92.399,10.661],[92.399,10.662],[92.396,10.665],[92.396,10.665],[92.395,10.666],[92.395,10.666],[92.394,10.666],[92.394,10.666],[92.393,10.666],[92.393,10.666],[92.393,10.667],[92.393,10.667],[92.392,10.666],[92.392,10.666],[92.391,10.666],[92.391,10.666],[92.39,10.666],[92.389,10.666],[92.388,10.666],[92.387,10.666],[92.386,10.666],[92.386,10.666],[92.385,10.666],[92.384,10.667],[92.384,10.667],[92.383,10.667],[92.383,10.666],[92.382,10.666],[92.381,10.666],[92.381,10.666],[92.381,10.666],[92.381,10.667],[92.381,10.667],[92.381,10.667],[92.38,10.667],[92.38,10.668],[92.381,10.669],[92.381,10.669],[92.381,10.669],[92.381,10.669],[92.382,10.669],[92.382,10.669],[92.382,10.67],[92.382,10.67],[92.382,10.67],[92.383,10.671],[92.383,10.671],[92.383,10.671],[92.383,10.672],[92.383,10.672],[92.383,10.674],[92.384,10.674],[92.384,10.674],[92.383,10.675],[92.383,10.675],[92.383,10.676],[92.382,10.676],[92.382,10.676],[92.382,10.677],[92.382,10.677],[92.382,10.678],[92.381,10.678],[92.381,10.678],[92.381,10.679],[92.382,10.679],[92.382,10.679],[92.382,10.679],[92.382,10.68],[92.382,10.682],[92.382,10.682],[92.382,10.682],[92.382,10.682],[92.382,10.683],[92.381,10.683],[92.381,10.684],[92.381,10.69],[92.381,10.69],[92.381,10.691],[92.381,10.691],[92.381,10.692],[92.38,10.693],[92.38,10.693],[92.38,10.694],[92.38,10.695],[92.38,10.695],[92.381,10.696],[92.381,10.697],[92.381,10.697],[92.381,10.699],[92.381,10.699],[92.381,10.701],[92.381,10.701],[92.381,10.701],[92.381,10.701],[92.381,10.702],[92.38,10.703],[92.38,10.704],[92.38,10.705],[92.38,10.705],[92.38,10.706],[92.38,10.707],[92.38,10.708],[92.38,10.708],[92.38,10.708],[92.38,10.71],[92.381,10.711],[92.381,10.713],[92.381,10.713],[92.381,10.714],[92.381,10.715],[92.381,10.716],[92.381,10.716],[92.381,10.717],[92.382,10.717],[92.382,10.718],[92.382,10.718],[92.382,10.719],[92.382,10.719],[92.382,10.719],[92.382,10.72],[92.382,10.721],[92.382,10.722],[92.382,10.723],[92.382,10.723],[92.382,10.724],[92.382,10.725],[92.382,10.725],[92.381,10.725],[92.381,10.726],[92.381,10.727],[92.381,10.727],[92.381,10.728],[92.381,10.728],[92.38,10.728],[92.38,10.729],[92.38,10.729],[92.38,10.73],[92.38,10.731],[92.38,10.731],[92.38,10.732],[92.379,10.734],[92.379,10.734],[92.379,10.735],[92.378,10.736],[92.378,10.738],[92.378,10.738],[92.378,10.738],[92.378,10.739],[92.378,10.74],[92.378,10.74],[92.378,10.741],[92.378,10.741],[92.378,10.742],[92.379,10.742],[92.379,10.743],[92.378,10.743],[92.378,10.743],[92.379,10.744],[92.379,10.745],[92.379,10.745],[92.378,10.746],[92.378,10.747],[92.378,10.748],[92.378,10.748],[92.378,10.748],[92.378,10.749],[92.378,10.75],[92.378,10.75],[92.378,10.751],[92.378,10.751],[92.378,10.753],[92.378,10.753],[92.378,10.754],[92.378,10.755],[92.378,10.755],[92.378,10.755],[92.378,10.756],[92.379,10.756],[92.379,10.757],[92.379,10.757],[92.38,10.758],[92.38,10.758],[92.38,10.759],[92.38,10.76],[92.38,10.76],[92.381,10.761],[92.381,10.761],[92.381,10.762],[92.381,10.762],[92.381,10.762],[92.381,10.763],[92.381,10.764],[92.381,10.765],[92.38,10.765],[92.38,10.765],[92.379,10.766],[92.379,10.766],[92.379,10.767],[92.379,10.768],[92.379,10.768],[92.378,10.769],[92.378,10.769],[92.378,10.769],[92.377,10.77],[92.377,10.771],[92.377,10.771],[92.377,10.772],[92.377,10.772],[92.377,10.772],[92.376,10.773],[92.376,10.773],[92.376,10.773],[92.376,10.773],[92.376,10.774],[92.376,10.775],[92.376,10.775],[92.376,10.776],[92.376,10.776],[92.376,10.776],[92.376,10.777],[92.376,10.777],[92.376,10.779],[92.376,10.779],[92.376,10.78],[92.376,10.782],[92.376,10.782],[92.376,10.782],[92.377,10.782],[92.377,10.783],[92.377,10.783],[92.377,10.783],[92.378,10.784],[92.378,10.784],[92.381,10.788],[92.381,10.788],[92.381,10.788],[92.381,10.789],[92.383,10.79],[92.383,10.79],[92.384,10.791],[92.384,10.791],[92.384,10.791],[92.385,10.791],[92.386,10.79],[92.386,10.79],[92.386,10.789],[92.386,10.789],[92.386,10.788],[92.386,10.788],[92.386,10.788],[92.386,10.787],[92.386,10.786],[92.386,10.786],[92.386,10.785],[92.386,10.784],[92.386,10.784],[92.387,10.783],[92.387,10.783],[92.388,10.783],[92.389,10.782],[92.389,10.782],[92.39,10.782],[92.391,10.782],[92.391,10.781],[92.392,10.781],[92.392,10.781],[92.392,10.781],[92.393,10.781],[92.393,10.781],[92.393,10.78],[92.394,10.78],[92.395,10.78],[92.395,10.779],[92.395,10.779],[92.395,10.778],[92.394,10.777],[92.394,10.777],[92.393,10.777],[92.393,10.776],[92.393,10.775],[92.393,10.773],[92.393,10.773],[92.393,10.772],[92.393,10.77],[92.393,10.769],[92.393,10.769],[92.394,10.769],[92.394,10.767],[92.394,10.767],[92.394,10.766],[92.394,10.765],[92.394,10.764],[92.394,10.764],[92.394,10.763],[92.395,10.763],[92.395,10.762],[92.395,10.762],[92.395,10.762],[92.395,10.762],[92.395,10.761],[92.396,10.761],[92.396,10.761],[92.396,10.76],[92.397,10.76],[92.397,10.76],[92.397,10.76],[92.397,10.761],[92.398,10.761],[92.398,10.761],[92.399,10.762],[92.399,10.762],[92.399,10.763],[92.399,10.763],[92.399,10.763],[92.399,10.763],[92.399,10.763],[92.398,10.763],[92.398,10.762],[92.397,10.762],[92.397,10.762],[92.396,10.762],[92.396,10.763],[92.396,10.763],[92.396,10.764],[92.395,10.764],[92.395,10.765],[92.395,10.766],[92.395,10.766],[92.395,10.767],[92.395,10.768],[92.395,10.768],[92.394,10.769],[92.394,10.771],[92.394,10.772],[92.394,10.772],[92.395,10.773],[92.395,10.773],[92.395,10.774],[92.395,10.774],[92.395,10.774],[92.395,10.775],[92.396,10.775],[92.396,10.777],[92.396,10.778],[92.396,10.778],[92.397,10.778],[92.397,10.779],[92.397,10.779],[92.397,10.779],[92.397,10.78],[92.397,10.78],[92.397,10.781],[92.397,10.781],[92.397,10.781],[92.398,10.781],[92.398,10.781],[92.398,10.781],[92.399,10.782],[92.399,10.782],[92.399,10.782],[92.4,10.782],[92.4,10.782],[92.401,10.782],[92.402,10.782],[92.402,10.782],[92.402,10.783],[92.403,10.782],[92.403,10.783],[92.404,10.783],[92.404,10.783],[92.405,10.783],[92.405,10.783],[92.406,10.783],[92.406,10.784],[92.406,10.784],[92.407,10.784],[92.407,10.784],[92.408,10.785],[92.408,10.785],[92.409,10.786],[92.409,10.786],[92.412,10.788],[92.412,10.788],[92.413,10.789],[92.413,10.789],[92.413,10.789],[92.413,10.789],[92.414,10.79],[92.414,10.79],[92.414,10.79],[92.415,10.791],[92.415,10.791],[92.416,10.792],[92.416,10.793],[92.417,10.794],[92.417,10.794],[92.418,10.795],[92.418,10.796],[92.419,10.796],[92.419,10.796],[92.42,10.797],[92.42,10.798],[92.42,10.798],[92.42,10.798],[92.42,10.799],[92.42,10.799],[92.421,10.799],[92.421,10.8],[92.421,10.8],[92.421,10.801],[92.421,10.802],[92.422,10.802],[92.422,10.803],[92.422,10.803],[92.422,10.805],[92.423,10.805],[92.423,10.806],[92.422,10.807],[92.422,10.807],[92.422,10.807],[92.422,10.808],[92.423,10.808],[92.423,10.809],[92.423,10.809],[92.424,10.81],[92.424,10.809],[92.425,10.81],[92.425,10.811],[92.426,10.812],[92.426,10.812],[92.426,10.813],[92.426,10.814],[92.426,10.814],[92.426,10.814],[92.427,10.815],[92.427,10.815],[92.426,10.816],[92.426,10.816],[92.427,10.816],[92.427,10.817],[92.427,10.817],[92.427,10.818],[92.427,10.818],[92.427,10.818],[92.427,10.819],[92.427,10.819],[92.427,10.82],[92.427,10.82],[92.427,10.821],[92.427,10.823],[92.427,10.823],[92.428,10.824],[92.428,10.823],[92.429,10.823],[92.43,10.822],[92.43,10.822],[92.431,10.822],[92.433,10.822],[92.434,10.822],[92.434,10.822],[92.435,10.823],[92.436,10.823],[92.437,10.824],[92.437,10.825],[92.438,10.826],[92.439,10.826],[92.441,10.829],[92.441,10.83],[92.442,10.83],[92.442,10.831],[92.442,10.831],[92.443,10.832],[92.444,10.833],[92.444,10.833],[92.445,10.834],[92.445,10.834],[92.445,10.834],[92.445,10.834],[92.446,10.835],[92.446,10.836],[92.446,10.836],[92.446,10.836],[92.447,10.838],[92.448,10.838],[92.448,10.838],[92.449,10.838],[92.449,10.838],[92.449,10.838],[92.45,10.838],[92.45,10.838],[92.451,10.838],[92.451,10.838],[92.454,10.837],[92.454,10.838],[92.455,10.838],[92.455,10.838],[92.456,10.838],[92.456,10.838],[92.457,10.839],[92.457,10.839],[92.457,10.84],[92.458,10.841],[92.458,10.841],[92.458,10.842],[92.458,10.842],[92.459,10.843],[92.459,10.843],[92.459,10.844],[92.459,10.844],[92.459,10.845],[92.459,10.845],[92.459,10.846],[92.459,10.846],[92.46,10.846],[92.46,10.847],[92.46,10.848],[92.46,10.849],[92.46,10.851],[92.46,10.851],[92.46,10.852],[92.46,10.852],[92.46,10.853],[92.46,10.854],[92.459,10.854],[92.459,10.855],[92.459,10.855],[92.459,10.855],[92.459,10.856],[92.459,10.856],[92.459,10.856],[92.459,10.856],[92.458,10.857],[92.458,10.857],[92.457,10.858],[92.457,10.858],[92.457,10.859],[92.457,10.86],[92.456,10.86],[92.456,10.86],[92.457,10.861],[92.457,10.861],[92.457,10.861],[92.457,10.861],[92.459,10.863],[92.459,10.863],[92.459,10.863],[92.46,10.863],[92.46,10.864],[92.462,10.864],[92.462,10.864],[92.463,10.864],[92.463,10.864],[92.463,10.864],[92.463,10.864],[92.464,10.864],[92.464,10.864],[92.464,10.865],[92.464,10.865],[92.465,10.865],[92.465,10.865],[92.465,10.865],[92.466,10.866],[92.466,10.866],[92.466,10.866],[92.467,10.866],[92.467,10.866],[92.467,10.867],[92.468,10.867],[92.468,10.867],[92.468,10.867],[92.469,10.868],[92.469,10.868],[92.47,10.869],[92.47,10.869],[92.47,10.869],[92.47,10.869],[92.47,10.87],[92.47,10.87],[92.47,10.87],[92.47,10.871],[92.47,10.871],[92.47,10.872],[92.47,10.872],[92.471,10.872],[92.471,10.871],[92.472,10.871],[92.472,10.871],[92.472,10.871],[92.474,10.871],[92.474,10.871],[92.475,10.871],[92.476,10.871],[92.476,10.871],[92.477,10.871],[92.478,10.871],[92.478,10.871],[92.479,10.871],[92.479,10.871],[92.479,10.871],[92.479,10.871],[92.48,10.872],[92.48,10.872],[92.483,10.875],[92.483,10.876],[92.483,10.876],[92.483,10.876],[92.484,10.877],[92.484,10.877],[92.484,10.877],[92.484,10.877],[92.486,10.88],[92.486,10.88],[92.487,10.881],[92.487,10.881],[92.487,10.881],[92.488,10.882],[92.488,10.882],[92.488,10.882],[92.489,10.883],[92.489,10.884],[92.489,10.884],[92.489,10.885],[92.489,10.885],[92.489,10.885],[92.489,10.886],[92.491,10.887],[92.491,10.887],[92.491,10.888],[92.491,10.888],[92.493,10.889],[92.493,10.889],[92.493,10.889],[92.494,10.889],[92.494,10.89],[92.494,10.89],[92.495,10.89],[92.497,10.89],[92.497,10.89],[92.497,10.89],[92.498,10.89],[92.499,10.891],[92.5,10.891],[92.5,10.891],[92.5,10.891],[92.5,10.891],[92.501,10.891],[92.501,10.891],[92.502,10.891],[92.502,10.891],[92.502,10.891],[92.503,10.891],[92.503,10.891],[92.503,10.891],[92.503,10.891],[92.504,10.89],[92.504,10.89],[92.505,10.889],[92.505,10.888],[92.505,10.887],[92.505,10.886],[92.505,10.885],[92.505,10.884],[92.506,10.883],[92.506,10.883],[92.506,10.882],[92.506,10.882],[92.506,10.882],[92.506,10.882],[92.508,10.88],[92.509,10.88],[92.509,10.879],[92.509,10.879],[92.51,10.879],[92.51,10.879],[92.511,10.878],[92.511,10.878],[92.511,10.877],[92.511,10.876],[92.511,10.875],[92.511,10.874],[92.511,10.872],[92.511,10.872],[92.511,10.872],[92.511,10.871],[92.51,10.871],[92.51,10.87],[92.509,10.87],[92.508,10.87],[92.507,10.87],[92.507,10.871],[92.506,10.871],[92.505,10.872],[92.504,10.873],[92.503,10.873],[92.503,10.873],[92.503,10.872],[92.503,10.872],[92.504,10.871],[92.505,10.871],[92.505,10.871],[92.505,10.871],[92.506,10.87],[92.506,10.87],[92.506,10.87],[92.507,10.87],[92.507,10.869],[92.507,10.869],[92.508,10.869],[92.508,10.869],[92.508,10.869],[92.509,10.869],[92.51,10.869],[92.51,10.869],[92.51,10.869],[92.511,10.869],[92.511,10.87],[92.511,10.87],[92.512,10.871],[92.512,10.871],[92.512,10.872],[92.512,10.873],[92.512,10.873],[92.512,10.874],[92.513,10.874],[92.513,10.874],[92.513,10.875],[92.513,10.876],[92.513,10.876],[92.513,10.877],[92.512,10.878],[92.512,10.878],[92.511,10.88],[92.51,10.88],[92.51,10.88],[92.51,10.88],[92.508,10.882],[92.508,10.882],[92.508,10.882],[92.508,10.883],[92.508,10.883],[92.508,10.884],[92.508,10.885],[92.507,10.886],[92.507,10.887],[92.507,10.887],[92.507,10.889],[92.507,10.89],[92.507,10.89],[92.507,10.89],[92.507,10.891],[92.507,10.891],[92.508,10.891],[92.508,10.892],[92.508,10.892],[92.508,10.892],[92.509,10.893],[92.509,10.893],[92.509,10.893],[92.509,10.894],[92.509,10.894],[92.509,10.894],[92.509,10.894],[92.509,10.895],[92.51,10.895],[92.51,10.896],[92.511,10.896],[92.511,10.896],[92.512,10.896],[92.512,10.897],[92.513,10.897],[92.513,10.897],[92.513,10.897],[92.514,10.897],[92.514,10.897],[92.515,10.898],[92.515,10.898],[92.516,10.898]]],[[[92.609,10.939],[92.609,10.938],[92.61,10.938],[92.61,10.938],[92.611,10.938],[92.612,10.936],[92.613,10.936],[92.614,10.936],[92.615,10.935],[92.616,10.935],[92.617,10.935],[92.617,10.935],[92.617,10.934],[92.618,10.934],[92.618,10.934],[92.618,10.934],[92.619,10.933],[92.619,10.932],[92.62,10.931],[92.62,10.931],[92.621,10.93],[92.62,10.929],[92.619,10.928],[92.619,10.928],[92.618,10.928],[92.617,10.927],[92.617,10.928],[92.617,10.927],[92.616,10.927],[92.616,10.927],[92.615,10.927],[92.614,10.927],[92.614,10.927],[92.614,10.928],[92.613,10.928],[92.613,10.928],[92.612,10.928],[92.611,10.929],[92.611,10.929],[92.61,10.93],[92.61,10.93],[92.609,10.93],[92.609,10.93],[92.608,10.932],[92.608,10.932],[92.608,10.933],[92.608,10.933],[92.606,10.934],[92.606,10.934],[92.606,10.935],[92.606,10.936],[92.606,10.936],[92.606,10.937],[92.607,10.938],[92.608,10.938],[92.608,10.938],[92.608,10.938],[92.609,10.939],[92.609,10.939]]],[[[92.227,10.982],[92.227,10.982],[92.228,10.982],[92.228,10.982],[92.228,10.982],[92.229,10.982],[92.229,10.982],[92.229,10.982],[92.229,10.981],[92.229,10.981],[92.229,10.98],[92.229,10.979],[92.229,10.979],[92.229,10.978],[92.228,10.978],[92.228,10.976],[92.227,10.976],[92.227,10.976],[92.226,10.975],[92.226,10.975],[92.226,10.975],[92.225,10.974],[92.224,10.974],[92.223,10.974],[92.223,10.973],[92.222,10.973],[92.222,10.973],[92.221,10.972],[92.22,10.972],[92.219,10.972],[92.219,10.972],[92.219,10.972],[92.218,10.973],[92.218,10.973],[92.218,10.973],[92.217,10.973],[92.217,10.974],[92.216,10.975],[92.216,10.975],[92.216,10.975],[92.216,10.976],[92.216,10.976],[92.216,10.976],[92.215,10.977],[92.215,10.977],[92.215,10.977],[92.215,10.978],[92.215,10.979],[92.215,10.979],[92.216,10.979],[92.217,10.98],[92.218,10.981],[92.219,10.982],[92.22,10.982],[92.221,10.983],[92.221,10.983],[92.222,10.983],[92.223,10.983],[92.223,10.983],[92.224,10.983],[92.224,10.983],[92.225,10.983],[92.225,10.983],[92.225,10.983],[92.226,10.982],[92.227,10.982]]],[[[92.663,10.982],[92.662,10.981],[92.662,10.982],[92.661,10.982],[92.661,10.982],[92.66,10.983],[92.66,10.983],[92.659,10.984],[92.659,10.984],[92.659,10.984],[92.659,10.985],[92.659,10.985],[92.659,10.985],[92.659,10.986],[92.658,10.987],[92.658,10.987],[92.659,10.987],[92.659,10.988],[92.659,10.989],[92.659,10.989],[92.659,10.99],[92.659,10.99],[92.66,10.991],[92.66,10.992],[92.661,10.992],[92.661,10.992],[92.661,10.993],[92.662,10.993],[92.662,10.993],[92.663,10.993],[92.664,10.993],[92.665,10.993],[92.666,10.993],[92.666,10.992],[92.668,10.992],[92.669,10.991],[92.669,10.99],[92.67,10.989],[92.67,10.988],[92.67,10.987],[92.67,10.987],[92.669,10.986],[92.669,10.986],[92.668,10.984],[92.668,10.984],[92.667,10.984],[92.667,10.984],[92.666,10.983],[92.666,10.983],[92.665,10.982],[92.663,10.982]]],[[[92.726,11.144],[92.726,11.144],[92.726,11.144],[92.726,11.143],[92.726,11.143],[92.726,11.142],[92.726,11.142],[92.726,11.142],[92.725,11.141],[92.725,11.141],[92.724,11.14],[92.724,11.14],[92.724,11.141],[92.724,11.141],[92.723,11.141],[92.723,11.142],[92.722,11.142],[92.723,11.142],[92.723,11.143],[92.723,11.143],[92.723,11.144],[92.724,11.144],[92.725,11.144],[92.725,11.144],[92.725,11.144],[92.726,11.144]]],[[[92.732,11.15],[92.732,11.149],[92.733,11.149],[92.733,11.149],[92.733,11.148],[92.734,11.148],[92.734,11.147],[92.735,11.147],[92.735,11.146],[92.735,11.146],[92.735,11.146],[92.734,11.145],[92.734,11.145],[92.734,11.145],[92.734,11.145],[92.733,11.144],[92.733,11.143],[92.731,11.142],[92.731,11.142],[92.731,11.142],[92.73,11.141],[92.729,11.142],[92.729,11.142],[92.728,11.144],[92.728,11.144],[92.728,11.144],[92.728,11.144],[92.727,11.145],[92.727,11.145],[92.727,11.145],[92.727,11.146],[92.727,11.146],[92.727,11.146],[92.728,11.148],[92.729,11.148],[92.731,11.15],[92.732,11.15]]],[[[92.677,11.184],[92.677,11.183],[92.678,11.183],[92.678,11.183],[92.679,11.183],[92.679,11.183],[92.679,11.183],[92.68,11.182],[92.68,11.182],[92.681,11.181],[92.681,11.181],[92.681,11.18],[92.68,11.18],[92.678,11.178],[92.678,11.177],[92.677,11.177],[92.677,11.177],[92.677,11.177],[92.676,11.177],[92.676,11.178],[92.676,11.178],[92.676,11.178],[92.676,11.178],[92.676,11.179],[92.676,11.18],[92.676,11.18],[92.676,11.181],[92.675,11.181],[92.675,11.181],[92.675,11.182],[92.675,11.182],[92.675,11.182],[92.675,11.183],[92.674,11.183],[92.674,11.183],[92.674,11.183],[92.674,11.184],[92.674,11.184],[92.674,11.184],[92.673,11.185],[92.673,11.185],[92.673,11.186],[92.673,11.187],[92.674,11.188],[92.674,11.188],[92.674,11.188],[92.674,11.188],[92.674,11.189],[92.674,11.189],[92.675,11.189],[92.676,11.189],[92.676,11.189],[92.676,11.188],[92.677,11.188],[92.677,11.187],[92.677,11.187],[92.677,11.186],[92.677,11.186],[92.677,11.186],[92.676,11.186],[92.676,11.185],[92.677,11.185],[92.677,11.184],[92.677,11.184],[92.677,11.184]]],[[[92.706,11.289],[92.706,11.288],[92.707,11.288],[92.707,11.287],[92.707,11.287],[92.707,11.287],[92.707,11.287],[92.707,11.286],[92.707,11.286],[92.707,11.286],[92.707,11.285],[92.707,11.285],[92.707,11.284],[92.707,11.283],[92.707,11.283],[92.707,11.283],[92.707,11.282],[92.707,11.281],[92.707,11.28],[92.707,11.28],[92.707,11.28],[92.707,11.279],[92.707,11.278],[92.707,11.278],[92.707,11.278],[92.706,11.277],[92.706,11.276],[92.706,11.275],[92.706,11.275],[92.706,11.274],[92.706,11.273],[92.707,11.273],[92.707,11.273],[92.706,11.272],[92.706,11.272],[92.706,11.271],[92.706,11.271],[92.706,11.271],[92.706,11.27],[92.705,11.27],[92.705,11.269],[92.706,11.269],[92.706,11.268],[92.706,11.267],[92.706,11.265],[92.706,11.265],[92.706,11.264],[92.706,11.263],[92.704,11.261],[92.704,11.261],[92.703,11.261],[92.703,11.26],[92.702,11.259],[92.701,11.259],[92.701,11.259],[92.701,11.259],[92.701,11.259],[92.7,11.258],[92.7,11.258],[92.699,11.257],[92.699,11.257],[92.699,11.256],[92.698,11.256],[92.697,11.254],[92.697,11.254],[92.695,11.252],[92.695,11.252],[92.695,11.251],[92.694,11.251],[92.694,11.251],[92.695,11.251],[92.695,11.25],[92.694,11.25],[92.694,11.249],[92.695,11.249],[92.695,11.248],[92.695,11.248],[92.695,11.248],[92.695,11.247],[92.695,11.247],[92.694,11.247],[92.694,11.246],[92.694,11.246],[92.694,11.246],[92.694,11.245],[92.694,11.245],[92.694,11.245],[92.694,11.244],[92.693,11.244],[92.693,11.243],[92.693,11.243],[92.692,11.243],[92.692,11.243],[92.691,11.243],[92.691,11.243],[92.691,11.243],[92.69,11.243],[92.69,11.243],[92.689,11.242],[92.688,11.242],[92.687,11.242],[92.687,11.243],[92.687,11.243],[92.688,11.244],[92.688,11.244],[92.688,11.244],[92.688,11.245],[92.688,11.246],[92.688,11.246],[92.69,11.249],[92.69,11.249],[92.69,11.249],[92.69,11.25],[92.69,11.25],[92.69,11.251],[92.691,11.251],[92.691,11.251],[92.691,11.252],[92.691,11.252],[92.691,11.252],[92.691,11.252],[92.692,11.253],[92.692,11.254],[92.692,11.255],[92.692,11.256],[92.694,11.257],[92.694,11.257],[92.694,11.257],[92.694,11.257],[92.695,11.258],[92.695,11.258],[92.695,11.258],[92.695,11.259],[92.695,11.259],[92.695,11.259],[92.696,11.26],[92.696,11.26],[92.697,11.261],[92.697,11.261],[92.697,11.262],[92.697,11.262],[92.697,11.262],[92.697,11.262],[92.696,11.263],[92.696,11.264],[92.696,11.264],[92.696,11.265],[92.696,11.266],[92.696,11.266],[92.695,11.266],[92.695,11.266],[92.695,11.267],[92.695,11.268],[92.694,11.268],[92.694,11.269],[92.694,11.269],[92.694,11.27],[92.693,11.27],[92.693,11.271],[92.693,11.271],[92.693,11.272],[92.693,11.272],[92.693,11.273],[92.694,11.274],[92.694,11.274],[92.694,11.275],[92.694,11.275],[92.694,11.276],[92.693,11.277],[92.693,11.277],[92.693,11.278],[92.693,11.279],[92.693,11.279],[92.693,11.28],[92.693,11.28],[92.692,11.28],[92.692,11.281],[92.693,11.281],[92.693,11.281],[92.694,11.283],[92.694,11.284],[92.695,11.285],[92.696,11.285],[92.696,11.285],[92.697,11.285],[92.697,11.286],[92.697,11.286],[92.698,11.286],[92.698,11.286],[92.698,11.286],[92.698,11.286],[92.699,11.286],[92.699,11.286],[92.699,11.287],[92.7,11.287],[92.7,11.287],[92.701,11.287],[92.702,11.288],[92.702,11.288],[92.702,11.289],[92.703,11.289],[92.703,11.289],[92.703,11.289],[92.704,11.289],[92.704,11.289],[92.704,11.289],[92.705,11.289],[92.705,11.289],[92.706,11.289],[92.706,11.289]]],[[[92.701,11.311],[92.702,11.31],[92.702,11.31],[92.703,11.309],[92.704,11.309],[92.704,11.309],[92.704,11.309],[92.704,11.309],[92.706,11.309],[92.706,11.308],[92.706,11.308],[92.706,11.308],[92.707,11.308],[92.707,11.308],[92.708,11.308],[92.708,11.308],[92.709,11.308],[92.709,11.308],[92.71,11.308],[92.71,11.309],[92.71,11.309],[92.711,11.308],[92.711,11.308],[92.711,11.308],[92.711,11.307],[92.711,11.307],[92.711,11.307],[92.711,11.306],[92.711,11.306],[92.711,11.305],[92.712,11.304],[92.712,11.303],[92.711,11.303],[92.711,11.302],[92.711,11.302],[92.711,11.302],[92.71,11.301],[92.709,11.301],[92.709,11.301],[92.709,11.301],[92.707,11.303],[92.706,11.304],[92.706,11.304],[92.706,11.305],[92.704,11.307],[92.703,11.307],[92.702,11.308],[92.702,11.308],[92.701,11.308],[92.699,11.308],[92.699,11.308],[92.698,11.308],[92.698,11.308],[92.698,11.309],[92.698,11.309],[92.698,11.309],[92.698,11.31],[92.698,11.31],[92.698,11.31],[92.698,11.311],[92.699,11.311],[92.699,11.311],[92.699,11.311],[92.7,11.311],[92.7,11.311],[92.701,11.311]]],[[[92.723,11.316],[92.723,11.316],[92.723,11.316],[92.721,11.314],[92.721,11.314],[92.72,11.315],[92.719,11.316],[92.719,11.316],[92.718,11.316],[92.718,11.316],[92.718,11.316],[92.717,11.315],[92.717,11.315],[92.717,11.315],[92.717,11.314],[92.717,11.314],[92.716,11.313],[92.717,11.312],[92.716,11.311],[92.716,11.31],[92.716,11.31],[92.716,11.309],[92.715,11.308],[92.714,11.308],[92.714,11.308],[92.714,11.308],[92.713,11.309],[92.712,11.31],[92.712,11.311],[92.713,11.311],[92.713,11.311],[92.713,11.312],[92.713,11.312],[92.713,11.312],[92.714,11.313],[92.714,11.313],[92.714,11.314],[92.714,11.314],[92.714,11.314],[92.714,11.314],[92.714,11.315],[92.715,11.315],[92.715,11.317],[92.715,11.317],[92.715,11.317],[92.715,11.318],[92.715,11.318],[92.714,11.32],[92.714,11.32],[92.714,11.32],[92.714,11.321],[92.714,11.321],[92.715,11.321],[92.716,11.323],[92.716,11.323],[92.717,11.323],[92.717,11.323],[92.718,11.324],[92.718,11.324],[92.718,11.325],[92.718,11.325],[92.718,11.325],[92.718,11.326],[92.718,11.326],[92.718,11.326],[92.718,11.326],[92.718,11.327],[92.718,11.327],[92.717,11.328],[92.718,11.329],[92.718,11.33],[92.718,11.33],[92.719,11.331],[92.72,11.332],[92.72,11.332],[92.721,11.333],[92.721,11.333],[92.722,11.333],[92.723,11.333],[92.723,11.333],[92.723,11.333],[92.724,11.333],[92.724,11.332],[92.724,11.331],[92.724,11.33],[92.724,11.329],[92.724,11.329],[92.723,11.327],[92.723,11.326],[92.723,11.326],[92.722,11.325],[92.723,11.324],[92.723,11.323],[92.723,11.322],[92.723,11.322],[92.723,11.321],[92.723,11.32],[92.724,11.319],[92.724,11.319],[92.724,11.318],[92.724,11.318],[92.723,11.317],[92.723,11.316]]],[[[92.548,11.393],[92.548,11.393],[92.547,11.393],[92.547,11.394],[92.546,11.394],[92.546,11.394],[92.546,11.395],[92.546,11.395],[92.546,11.396],[92.546,11.396],[92.547,11.397],[92.547,11.397],[92.548,11.397],[92.548,11.397],[92.549,11.397],[92.549,11.397],[92.55,11.397],[92.55,11.397],[92.55,11.397],[92.551,11.397],[92.551,11.397],[92.551,11.397],[92.551,11.396],[92.551,11.396],[92.551,11.395],[92.551,11.395],[92.55,11.394],[92.55,11.394],[92.549,11.393],[92.549,11.393],[92.548,11.393]]],[[[92.558,11.391],[92.557,11.39],[92.557,11.39],[92.556,11.391],[92.556,11.391],[92.556,11.392],[92.556,11.393],[92.556,11.393],[92.556,11.394],[92.556,11.394],[92.556,11.395],[92.557,11.396],[92.557,11.396],[92.558,11.396],[92.558,11.397],[92.559,11.397],[92.559,11.397],[92.56,11.397],[92.561,11.398],[92.561,11.398],[92.562,11.398],[92.562,11.397],[92.563,11.397],[92.563,11.397],[92.563,11.396],[92.564,11.396],[92.564,11.395],[92.563,11.395],[92.563,11.394],[92.563,11.394],[92.562,11.393],[92.562,11.393],[92.562,11.392],[92.561,11.392],[92.56,11.392],[92.56,11.392],[92.56,11.392],[92.559,11.391],[92.559,11.391],[92.559,11.391],[92.558,11.391],[92.558,11.391]]],[[[92.673,11.488],[92.673,11.487],[92.673,11.487],[92.672,11.487],[92.671,11.487],[92.671,11.488],[92.67,11.488],[92.67,11.489],[92.671,11.489],[92.672,11.489],[92.672,11.489],[92.672,11.489],[92.673,11.489],[92.673,11.488],[92.673,11.488],[92.673,11.488]]],[[[92.61,11.504],[92.61,11.504],[92.61,11.504],[92.609,11.504],[92.609,11.505],[92.609,11.505],[92.609,11.506],[92.609,11.506],[92.609,11.506],[92.61,11.507],[92.61,11.507],[92.61,11.507],[92.61,11.508],[92.611,11.508],[92.611,11.508],[92.611,11.509],[92.612,11.509],[92.612,11.509],[92.612,11.51],[92.613,11.51],[92.613,11.511],[92.614,11.511],[92.614,11.511],[92.615,11.511],[92.616,11.512],[92.616,11.511],[92.616,11.511],[92.616,11.511],[92.616,11.511],[92.616,11.51],[92.616,11.51],[92.615,11.51],[92.615,11.509],[92.615,11.509],[92.614,11.509],[92.614,11.508],[92.613,11.508],[92.613,11.508],[92.613,11.507],[92.613,11.507],[92.612,11.506],[92.612,11.506],[92.612,11.505],[92.612,11.505],[92.611,11.505],[92.611,11.504],[92.61,11.504]]],[[[92.644,11.513],[92.644,11.513],[92.644,11.513],[92.644,11.513],[92.644,11.514],[92.644,11.514],[92.644,11.514],[92.644,11.515],[92.645,11.515],[92.645,11.516],[92.646,11.515],[92.646,11.515],[92.646,11.515],[92.646,11.514],[92.646,11.514],[92.646,11.514],[92.645,11.514],[92.645,11.513],[92.645,11.513],[92.645,11.513],[92.644,11.513]]],[[[92.641,11.51],[92.642,11.51],[92.642,11.51],[92.643,11.51],[92.643,11.51],[92.643,11.51],[92.643,11.51],[92.644,11.51],[92.644,11.511],[92.644,11.511],[92.644,11.511],[92.645,11.511],[92.645,11.511],[92.646,11.511],[92.646,11.511],[92.646,11.511],[92.646,11.51],[92.646,11.51],[92.646,11.509],[92.646,11.509],[92.646,11.509],[92.646,11.508],[92.646,11.508],[92.646,11.507],[92.646,11.507],[92.646,11.506],[92.646,11.506],[92.646,11.505],[92.646,11.505],[92.646,11.504],[92.645,11.504],[92.645,11.503],[92.645,11.503],[92.645,11.502],[92.645,11.502],[92.645,11.501],[92.645,11.501],[92.646,11.501],[92.646,11.501],[92.646,11.5],[92.647,11.5],[92.647,11.5],[92.647,11.5],[92.648,11.5],[92.648,11.5],[92.648,11.5],[92.649,11.499],[92.649,11.499],[92.649,11.499],[92.65,11.499],[92.65,11.498],[92.651,11.498],[92.651,11.498],[92.651,11.497],[92.652,11.497],[92.652,11.496],[92.653,11.496],[92.653,11.496],[92.654,11.496],[92.654,11.496],[92.654,11.495],[92.655,11.495],[92.655,11.495],[92.656,11.495],[92.656,11.494],[92.656,11.494],[92.656,11.494],[92.657,11.494],[92.657,11.493],[92.657,11.493],[92.658,11.493],[92.658,11.493],[92.658,11.492],[92.659,11.492],[92.659,11.492],[92.66,11.491],[92.66,11.491],[92.66,11.491],[92.661,11.491],[92.661,11.491],[92.662,11.491],[92.662,11.491],[92.663,11.491],[92.663,11.491],[92.664,11.491],[92.664,11.491],[92.664,11.491],[92.665,11.491],[92.665,11.492],[92.665,11.492],[92.666,11.492],[92.667,11.491],[92.667,11.491],[92.668,11.491],[92.668,11.49],[92.669,11.49],[92.669,11.489],[92.669,11.489],[92.669,11.488],[92.669,11.488],[92.67,11.487],[92.67,11.487],[92.67,11.487],[92.67,11.486],[92.67,11.486],[92.67,11.485],[92.67,11.485],[92.67,11.484],[92.671,11.484],[92.671,11.483],[92.671,11.483],[92.671,11.482],[92.671,11.482],[92.671,11.481],[92.671,11.481],[92.671,11.48],[92.671,11.479],[92.671,11.479],[92.671,11.478],[92.672,11.478],[92.672,11.477],[92.672,11.477],[92.672,11.477],[92.673,11.476],[92.673,11.476],[92.673,11.476],[92.673,11.475],[92.674,11.475],[92.674,11.475],[92.674,11.474],[92.674,11.474],[92.675,11.474],[92.675,11.473],[92.676,11.473],[92.676,11.473],[92.676,11.473],[92.676,11.472],[92.677,11.472],[92.677,11.472],[92.677,11.471],[92.677,11.47],[92.677,11.47],[92.677,11.469],[92.677,11.468],[92.677,11.468],[92.677,11.467],[92.677,11.467],[92.676,11.466],[92.676,11.466],[92.677,11.465],[92.676,11.465],[92.676,11.464],[92.676,11.464],[92.676,11.463],[92.676,11.463],[92.676,11.463],[92.676,11.462],[92.676,11.462],[92.677,11.461],[92.677,11.461],[92.678,11.461],[92.678,11.46],[92.678,11.459],[92.677,11.459],[92.678,11.458],[92.678,11.458],[92.679,11.457],[92.679,11.457],[92.679,11.457],[92.68,11.456],[92.68,11.456],[92.68,11.456],[92.68,11.456],[92.68,11.455],[92.68,11.455],[92.68,11.454],[92.68,11.454],[92.68,11.454],[92.679,11.453],[92.68,11.453],[92.68,11.452],[92.68,11.452],[92.681,11.451],[92.681,11.451],[92.681,11.45],[92.681,11.45],[92.681,11.449],[92.681,11.449],[92.682,11.449],[92.682,11.448],[92.682,11.448],[92.682,11.447],[92.682,11.447],[92.682,11.447],[92.682,11.446],[92.682,11.446],[92.682,11.446],[92.683,11.446],[92.683,11.445],[92.683,11.445],[92.684,11.444],[92.684,11.444],[92.684,11.443],[92.685,11.443],[92.685,11.442],[92.684,11.442],[92.684,11.441],[92.684,11.441],[92.684,11.441],[92.684,11.44],[92.684,11.44],[92.685,11.44],[92.685,11.439],[92.685,11.439],[92.685,11.438],[92.685,11.438],[92.685,11.438],[92.685,11.437],[92.685,11.437],[92.686,11.437],[92.686,11.436],[92.686,11.436],[92.685,11.435],[92.685,11.434],[92.685,11.434],[92.685,11.433],[92.685,11.433],[92.684,11.432],[92.684,11.432],[92.683,11.432],[92.683,11.432],[92.682,11.432],[92.682,11.432],[92.681,11.432],[92.681,11.431],[92.681,11.431],[92.681,11.43],[92.681,11.43],[92.682,11.43],[92.682,11.429],[92.682,11.429],[92.682,11.429],[92.682,11.429],[92.683,11.428],[92.683,11.428],[92.684,11.428],[92.684,11.427],[92.684,11.427],[92.684,11.427],[92.684,11.426],[92.683,11.426],[92.683,11.426],[92.682,11.426],[92.682,11.426],[92.681,11.426],[92.681,11.426],[92.681,11.427],[92.681,11.427],[92.68,11.428],[92.68,11.428],[92.68,11.428],[92.68,11.428],[92.679,11.428],[92.679,11.428],[92.679,11.428],[92.678,11.428],[92.678,11.428],[92.678,11.427],[92.677,11.427],[92.677,11.427],[92.676,11.427],[92.676,11.427],[92.676,11.427],[92.675,11.427],[92.675,11.427],[92.674,11.427],[92.674,11.427],[92.674,11.427],[92.673,11.427],[92.673,11.427],[92.672,11.427],[92.672,11.426],[92.672,11.426],[92.672,11.426],[92.672,11.426],[92.672,11.425],[92.672,11.425],[92.672,11.424],[92.672,11.424],[92.672,11.424],[92.673,11.423],[92.673,11.423],[92.673,11.423],[92.674,11.422],[92.674,11.422],[92.674,11.422],[92.674,11.421],[92.675,11.421],[92.675,11.421],[92.674,11.42],[92.674,11.42],[92.674,11.419],[92.674,11.419],[92.674,11.418],[92.674,11.418],[92.673,11.417],[92.673,11.417],[92.673,11.416],[92.672,11.416],[92.672,11.416],[92.671,11.416],[92.671,11.415],[92.671,11.415],[92.67,11.415],[92.67,11.415],[92.669,11.415],[92.669,11.415],[92.669,11.415],[92.668,11.415],[92.668,11.414],[92.667,11.414],[92.667,11.414],[92.666,11.414],[92.666,11.414],[92.665,11.414],[92.665,11.414],[92.664,11.413],[92.664,11.413],[92.664,11.413],[92.663,11.413],[92.663,11.413],[92.663,11.413],[92.662,11.413],[92.662,11.413],[92.661,11.413],[92.661,11.412],[92.66,11.412],[92.66,11.412],[92.66,11.412],[92.659,11.412],[92.659,11.412],[92.658,11.412],[92.658,11.412],[92.657,11.411],[92.657,11.411],[92.657,11.411],[92.656,11.41],[92.656,11.41],[92.656,11.41],[92.655,11.41],[92.654,11.41],[92.654,11.41],[92.653,11.41],[92.653,11.409],[92.652,11.409],[92.652,11.409],[92.651,11.409],[92.651,11.408],[92.65,11.408],[92.65,11.408],[92.649,11.408],[92.649,11.407],[92.65,11.407],[92.65,11.407],[92.65,11.407],[92.651,11.407],[92.651,11.407],[92.652,11.407],[92.652,11.407],[92.653,11.407],[92.653,11.407],[92.653,11.407],[92.654,11.407],[92.654,11.408],[92.655,11.408],[92.656,11.408],[92.656,11.407],[92.656,11.407],[92.657,11.407],[92.657,11.407],[92.657,11.407],[92.658,11.407],[92.658,11.407],[92.658,11.407],[92.659,11.407],[92.659,11.407],[92.66,11.407],[92.66,11.407],[92.66,11.406],[92.661,11.406],[92.661,11.406],[92.66,11.405],[92.66,11.404],[92.66,11.404],[92.66,11.403],[92.661,11.403],[92.661,11.403],[92.661,11.403],[92.661,11.402],[92.662,11.402],[92.662,11.402],[92.663,11.402],[92.663,11.402],[92.663,11.402],[92.664,11.402],[92.664,11.402],[92.664,11.401],[92.664,11.401],[92.663,11.401],[92.663,11.4],[92.662,11.4],[92.662,11.4],[92.662,11.399],[92.662,11.399],[92.662,11.398],[92.662,11.398],[92.662,11.398],[92.662,11.397],[92.663,11.397],[92.663,11.396],[92.663,11.396],[92.664,11.395],[92.664,11.395],[92.665,11.395],[92.665,11.395],[92.666,11.395],[92.666,11.395],[92.667,11.395],[92.667,11.395],[92.668,11.396],[92.668,11.396],[92.669,11.396],[92.669,11.396],[92.67,11.396],[92.67,11.396],[92.671,11.396],[92.671,11.396],[92.672,11.397],[92.672,11.397],[92.672,11.398],[92.672,11.398],[92.672,11.398],[92.672,11.399],[92.672,11.399],[92.672,11.399],[92.673,11.399],[92.673,11.399],[92.674,11.399],[92.674,11.399],[92.674,11.399],[92.675,11.399],[92.675,11.399],[92.675,11.399],[92.675,11.399],[92.676,11.399],[92.676,11.399],[92.676,11.398],[92.676,11.398],[92.676,11.398],[92.676,11.397],[92.676,11.397],[92.676,11.397],[92.676,11.396],[92.677,11.396],[92.677,11.395],[92.677,11.395],[92.677,11.395],[92.677,11.394],[92.678,11.393],[92.678,11.393],[92.678,11.392],[92.679,11.392],[92.679,11.392],[92.68,11.392],[92.68,11.392],[92.681,11.391],[92.681,11.391],[92.682,11.391],[92.682,11.391],[92.682,11.391],[92.683,11.39],[92.683,11.39],[92.683,11.39],[92.684,11.39],[92.684,11.39],[92.685,11.39],[92.686,11.39],[92.686,11.39],[92.687,11.39],[92.687,11.391],[92.688,11.391],[92.689,11.391],[92.689,11.391],[92.689,11.39],[92.689,11.39],[92.689,11.389],[92.689,11.389],[92.689,11.389],[92.689,11.388],[92.689,11.388],[92.689,11.387],[92.69,11.387],[92.69,11.387],[92.69,11.387],[92.691,11.387],[92.691,11.387],[92.691,11.387],[92.692,11.388],[92.692,11.388],[92.692,11.388],[92.693,11.388],[92.693,11.387],[92.694,11.387],[92.694,11.387],[92.693,11.387],[92.693,11.386],[92.693,11.386],[92.692,11.386],[92.692,11.385],[92.692,11.385],[92.691,11.385],[92.691,11.384],[92.691,11.384],[92.69,11.383],[92.69,11.382],[92.69,11.382],[92.69,11.381],[92.69,11.38],[92.691,11.38],[92.691,11.379],[92.691,11.378],[92.692,11.378],[92.692,11.377],[92.692,11.377],[92.692,11.377],[92.692,11.376],[92.692,11.376],[92.692,11.375],[92.692,11.375],[92.692,11.374],[92.691,11.374],[92.691,11.374],[92.691,11.373],[92.691,11.373],[92.691,11.372],[92.691,11.372],[92.691,11.371],[92.691,11.371],[92.691,11.37],[92.691,11.37],[92.69,11.37],[92.69,11.369],[92.689,11.369],[92.689,11.369],[92.688,11.369],[92.688,11.369],[92.688,11.368],[92.687,11.368],[92.687,11.368],[92.687,11.368],[92.687,11.367],[92.686,11.367],[92.686,11.367],[92.686,11.367],[92.685,11.367],[92.684,11.366],[92.684,11.366],[92.683,11.367],[92.683,11.367],[92.683,11.367],[92.682,11.367],[92.682,11.367],[92.682,11.366],[92.682,11.366],[92.681,11.366],[92.681,11.366],[92.68,11.366],[92.68,11.366],[92.68,11.365],[92.68,11.365],[92.68,11.364],[92.68,11.364],[92.679,11.364],[92.679,11.363],[92.678,11.363],[92.678,11.363],[92.677,11.363],[92.677,11.362],[92.676,11.362],[92.676,11.362],[92.675,11.362],[92.675,11.362],[92.674,11.362],[92.674,11.363],[92.674,11.363],[92.673,11.363],[92.673,11.363],[92.672,11.363],[92.672,11.363],[92.671,11.363],[92.669,11.362],[92.669,11.362],[92.668,11.361],[92.668,11.361],[92.667,11.361],[92.667,11.361],[92.666,11.36],[92.666,11.36],[92.666,11.359],[92.666,11.359],[92.666,11.359],[92.666,11.358],[92.665,11.358],[92.665,11.357],[92.665,11.357],[92.665,11.356],[92.665,11.356],[92.665,11.355],[92.665,11.355],[92.665,11.355],[92.665,11.354],[92.665,11.353],[92.665,11.353],[92.664,11.352],[92.664,11.352],[92.664,11.353],[92.664,11.353],[92.664,11.354],[92.663,11.354],[92.663,11.354],[92.663,11.354],[92.662,11.354],[92.662,11.355],[92.662,11.355],[92.661,11.355],[92.661,11.355],[92.66,11.356],[92.66,11.356],[92.659,11.356],[92.659,11.356],[92.658,11.356],[92.657,11.356],[92.657,11.357],[92.656,11.357],[92.655,11.357],[92.655,11.357],[92.654,11.357],[92.653,11.357],[92.652,11.357],[92.652,11.357],[92.651,11.357],[92.65,11.357],[92.65,11.356],[92.649,11.356],[92.649,11.356],[92.648,11.356],[92.648,11.356],[92.648,11.355],[92.647,11.355],[92.647,11.355],[92.646,11.354],[92.646,11.354],[92.645,11.353],[92.645,11.353],[92.644,11.353],[92.644,11.352],[92.644,11.352],[92.642,11.351],[92.641,11.351],[92.641,11.35],[92.64,11.35],[92.64,11.349],[92.639,11.348],[92.639,11.348],[92.639,11.347],[92.639,11.347],[92.638,11.347],[92.638,11.346],[92.637,11.346],[92.637,11.346],[92.636,11.347],[92.636,11.347],[92.636,11.348],[92.635,11.348],[92.635,11.348],[92.634,11.348],[92.634,11.348],[92.633,11.348],[92.633,11.349],[92.632,11.349],[92.632,11.349],[92.631,11.349],[92.631,11.349],[92.63,11.349],[92.63,11.349],[92.629,11.349],[92.628,11.349],[92.628,11.349],[92.627,11.349],[92.626,11.349],[92.626,11.349],[92.625,11.349],[92.625,11.348],[92.624,11.348],[92.624,11.348],[92.624,11.347],[92.624,11.347],[92.623,11.347],[92.623,11.347],[92.622,11.347],[92.621,11.348],[92.621,11.348],[92.62,11.349],[92.62,11.349],[92.62,11.349],[92.619,11.349],[92.618,11.349],[92.617,11.349],[92.617,11.349],[92.615,11.349],[92.613,11.348],[92.613,11.348],[92.612,11.348],[92.612,11.347],[92.612,11.347],[92.612,11.347],[92.612,11.347],[92.611,11.347],[92.61,11.346],[92.609,11.346],[92.608,11.346],[92.608,11.346],[92.607,11.346],[92.607,11.346],[92.605,11.346],[92.605,11.346],[92.604,11.346],[92.604,11.346],[92.603,11.346],[92.603,11.346],[92.602,11.346],[92.601,11.346],[92.601,11.346],[92.6,11.347],[92.6,11.347],[92.599,11.347],[92.599,11.347],[92.598,11.347],[92.598,11.347],[92.598,11.348],[92.598,11.348],[92.597,11.348],[92.597,11.348],[92.597,11.348],[92.596,11.348],[92.596,11.349],[92.595,11.349],[92.595,11.349],[92.594,11.349],[92.594,11.35],[92.593,11.35],[92.593,11.35],[92.592,11.351],[92.592,11.351],[92.592,11.351],[92.591,11.352],[92.591,11.352],[92.59,11.353],[92.589,11.354],[92.589,11.354],[92.589,11.355],[92.588,11.355],[92.588,11.355],[92.588,11.356],[92.587,11.357],[92.587,11.357],[92.586,11.358],[92.586,11.358],[92.586,11.359],[92.586,11.359],[92.586,11.36],[92.586,11.36],[92.586,11.36],[92.585,11.361],[92.585,11.361],[92.585,11.362],[92.584,11.362],[92.584,11.363],[92.584,11.363],[92.584,11.363],[92.583,11.364],[92.583,11.364],[92.583,11.364],[92.583,11.364],[92.583,11.365],[92.583,11.365],[92.583,11.365],[92.582,11.365],[92.582,11.366],[92.582,11.366],[92.582,11.366],[92.582,11.366],[92.581,11.367],[92.581,11.367],[92.581,11.368],[92.581,11.369],[92.581,11.37],[92.582,11.37],[92.582,11.371],[92.582,11.371],[92.583,11.372],[92.584,11.372],[92.584,11.372],[92.585,11.373],[92.586,11.373],[92.586,11.373],[92.587,11.373],[92.587,11.374],[92.588,11.374],[92.589,11.374],[92.589,11.374],[92.589,11.374],[92.589,11.375],[92.59,11.375],[92.59,11.375],[92.59,11.376],[92.59,11.376],[92.59,11.376],[92.591,11.377],[92.591,11.377],[92.591,11.378],[92.591,11.378],[92.591,11.378],[92.592,11.379],[92.592,11.379],[92.592,11.38],[92.592,11.38],[92.592,11.38],[92.592,11.381],[92.592,11.381],[92.592,11.381],[92.592,11.382],[92.592,11.383],[92.592,11.384],[92.592,11.385],[92.592,11.385],[92.592,11.386],[92.591,11.387],[92.591,11.387],[92.591,11.388],[92.591,11.388],[92.591,11.388],[92.591,11.389],[92.591,11.389],[92.591,11.39],[92.591,11.39],[92.591,11.39],[92.591,11.39],[92.59,11.391],[92.59,11.391],[92.59,11.391],[92.59,11.392],[92.59,11.392],[92.59,11.392],[92.59,11.392],[92.59,11.393],[92.59,11.393],[92.59,11.393],[92.59,11.394],[92.59,11.394],[92.589,11.394],[92.589,11.395],[92.589,11.395],[92.589,11.396],[92.589,11.396],[92.589,11.397],[92.589,11.397],[92.589,11.397],[92.589,11.398],[92.588,11.398],[92.588,11.398],[92.588,11.399],[92.587,11.399],[92.587,11.4],[92.587,11.4],[92.587,11.401],[92.588,11.401],[92.588,11.401],[92.589,11.401],[92.589,11.401],[92.59,11.401],[92.591,11.401],[92.591,11.401],[92.592,11.401],[92.592,11.401],[92.593,11.401],[92.593,11.401],[92.593,11.401],[92.593,11.401],[92.594,11.401],[92.594,11.401],[92.595,11.4],[92.595,11.4],[92.596,11.4],[92.596,11.4],[92.596,11.4],[92.597,11.4],[92.597,11.4],[92.598,11.4],[92.598,11.4],[92.598,11.4],[92.599,11.4],[92.599,11.4],[92.6,11.401],[92.6,11.401],[92.6,11.401],[92.601,11.401],[92.601,11.401],[92.602,11.401],[92.602,11.401],[92.603,11.401],[92.604,11.401],[92.604,11.401],[92.605,11.401],[92.605,11.401],[92.606,11.401],[92.606,11.401],[92.607,11.401],[92.607,11.402],[92.608,11.402],[92.609,11.402],[92.609,11.402],[92.61,11.402],[92.61,11.402],[92.61,11.402],[92.61,11.402],[92.611,11.401],[92.611,11.401],[92.612,11.401],[92.612,11.401],[92.612,11.401],[92.613,11.401],[92.613,11.401],[92.614,11.4],[92.614,11.4],[92.614,11.4],[92.615,11.401],[92.615,11.401],[92.616,11.401],[92.616,11.401],[92.617,11.401],[92.617,11.401],[92.618,11.402],[92.618,11.402],[92.618,11.402],[92.619,11.402],[92.619,11.402],[92.619,11.402],[92.62,11.403],[92.62,11.403],[92.621,11.403],[92.621,11.404],[92.622,11.404],[92.622,11.404],[92.622,11.405],[92.623,11.405],[92.623,11.405],[92.623,11.406],[92.623,11.406],[92.623,11.406],[92.624,11.407],[92.624,11.407],[92.624,11.408],[92.624,11.408],[92.624,11.408],[92.624,11.409],[92.624,11.409],[92.624,11.41],[92.624,11.41],[92.624,11.411],[92.624,11.411],[92.624,11.412],[92.624,11.412],[92.624,11.412],[92.624,11.413],[92.624,11.413],[92.624,11.414],[92.624,11.414],[92.624,11.415],[92.624,11.415],[92.624,11.416],[92.624,11.416],[92.624,11.417],[92.625,11.417],[92.625,11.419],[92.625,11.42],[92.625,11.42],[92.625,11.421],[92.625,11.422],[92.625,11.422],[92.625,11.422],[92.625,11.423],[92.624,11.423],[92.624,11.423],[92.624,11.424],[92.624,11.424],[92.624,11.425],[92.624,11.425],[92.624,11.426],[92.624,11.427],[92.624,11.427],[92.624,11.428],[92.624,11.428],[92.624,11.429],[92.624,11.429],[92.624,11.43],[92.623,11.43],[92.623,11.43],[92.623,11.431],[92.623,11.431],[92.623,11.431],[92.622,11.431],[92.622,11.431],[92.622,11.431],[92.622,11.431],[92.621,11.431],[92.621,11.431],[92.621,11.431],[92.62,11.43],[92.62,11.43],[92.62,11.432],[92.62,11.432],[92.62,11.433],[92.62,11.434],[92.62,11.434],[92.62,11.434],[92.62,11.435],[92.62,11.435],[92.62,11.436],[92.62,11.436],[92.621,11.436],[92.621,11.436],[92.622,11.436],[92.622,11.436],[92.622,11.435],[92.622,11.435],[92.622,11.434],[92.621,11.434],[92.621,11.434],[92.621,11.434],[92.622,11.433],[92.622,11.433],[92.623,11.434],[92.623,11.434],[92.623,11.434],[92.623,11.434],[92.623,11.434],[92.623,11.435],[92.624,11.435],[92.624,11.435],[92.623,11.436],[92.623,11.436],[92.623,11.436],[92.623,11.437],[92.623,11.438],[92.623,11.438],[92.623,11.439],[92.623,11.439],[92.623,11.44],[92.624,11.44],[92.624,11.44],[92.624,11.441],[92.623,11.441],[92.623,11.441],[92.623,11.442],[92.623,11.442],[92.622,11.442],[92.622,11.442],[92.622,11.442],[92.621,11.442],[92.621,11.442],[92.62,11.442],[92.62,11.442],[92.62,11.443],[92.62,11.443],[92.62,11.444],[92.62,11.444],[92.62,11.445],[92.62,11.445],[92.62,11.445],[92.619,11.446],[92.619,11.446],[92.619,11.446],[92.619,11.447],[92.618,11.447],[92.618,11.447],[92.618,11.448],[92.618,11.448],[92.617,11.448],[92.617,11.449],[92.617,11.449],[92.616,11.45],[92.616,11.45],[92.616,11.451],[92.615,11.451],[92.615,11.452],[92.615,11.452],[92.614,11.452],[92.614,11.453],[92.614,11.453],[92.614,11.453],[92.614,11.454],[92.614,11.454],[92.614,11.454],[92.614,11.454],[92.613,11.455],[92.613,11.455],[92.613,11.455],[92.613,11.456],[92.613,11.456],[92.613,11.456],[92.612,11.457],[92.612,11.457],[92.612,11.457],[92.611,11.458],[92.611,11.459],[92.611,11.459],[92.611,11.459],[92.612,11.46],[92.612,11.461],[92.612,11.462],[92.612,11.462],[92.612,11.463],[92.612,11.463],[92.612,11.464],[92.613,11.464],[92.613,11.465],[92.613,11.465],[92.613,11.466],[92.613,11.466],[92.613,11.467],[92.613,11.467],[92.613,11.468],[92.613,11.468],[92.613,11.469],[92.613,11.469],[92.613,11.47],[92.613,11.47],[92.613,11.471],[92.613,11.472],[92.613,11.472],[92.614,11.473],[92.614,11.473],[92.614,11.473],[92.614,11.474],[92.614,11.474],[92.614,11.475],[92.614,11.475],[92.614,11.475],[92.614,11.476],[92.614,11.476],[92.614,11.476],[92.614,11.477],[92.614,11.477],[92.615,11.477],[92.615,11.478],[92.615,11.479],[92.615,11.479],[92.615,11.48],[92.615,11.481],[92.615,11.482],[92.615,11.482],[92.616,11.483],[92.616,11.483],[92.616,11.484],[92.616,11.484],[92.616,11.485],[92.616,11.485],[92.617,11.486],[92.617,11.486],[92.618,11.486],[92.618,11.487],[92.618,11.487],[92.618,11.488],[92.618,11.489],[92.618,11.49],[92.618,11.49],[92.618,11.491],[92.619,11.492],[92.619,11.492],[92.619,11.492],[92.619,11.493],[92.62,11.493],[92.62,11.494],[92.62,11.494],[92.62,11.494],[92.62,11.495],[92.621,11.495],[92.621,11.495],[92.621,11.496],[92.621,11.496],[92.621,11.496],[92.621,11.497],[92.621,11.497],[92.621,11.497],[92.621,11.498],[92.621,11.498],[92.621,11.499],[92.622,11.499],[92.622,11.5],[92.622,11.5],[92.623,11.501],[92.623,11.501],[92.623,11.501],[92.624,11.501],[92.624,11.502],[92.625,11.502],[92.625,11.502],[92.626,11.503],[92.626,11.503],[92.626,11.503],[92.627,11.503],[92.627,11.504],[92.627,11.504],[92.627,11.505],[92.628,11.505],[92.628,11.506],[92.628,11.506],[92.628,11.507],[92.629,11.507],[92.629,11.508],[92.629,11.508],[92.629,11.508],[92.629,11.509],[92.629,11.509],[92.629,11.51],[92.63,11.51],[92.63,11.511],[92.63,11.511],[92.631,11.512],[92.632,11.512],[92.632,11.513],[92.632,11.514],[92.632,11.514],[92.632,11.514],[92.632,11.514],[92.632,11.515],[92.633,11.515],[92.633,11.515],[92.633,11.515],[92.634,11.516],[92.634,11.516],[92.635,11.516],[92.635,11.516],[92.635,11.517],[92.636,11.517],[92.636,11.517],[92.637,11.517],[92.637,11.516],[92.637,11.516],[92.637,11.516],[92.637,11.515],[92.638,11.515],[92.638,11.515],[92.638,11.514],[92.638,11.514],[92.638,11.514],[92.638,11.513],[92.639,11.513],[92.639,11.513],[92.639,11.512],[92.639,11.512],[92.64,11.512],[92.64,11.511],[92.641,11.511],[92.641,11.51],[92.641,11.51]]],[[[92.272,11.516],[92.271,11.516],[92.271,11.516],[92.27,11.516],[92.27,11.517],[92.27,11.517],[92.272,11.518],[92.272,11.518],[92.272,11.518],[92.273,11.518],[92.274,11.518],[92.273,11.517],[92.272,11.516],[92.272,11.516]]],[[[92.605,11.535],[92.605,11.534],[92.605,11.534],[92.605,11.535],[92.605,11.535],[92.606,11.535],[92.606,11.535],[92.606,11.534],[92.606,11.534],[92.606,11.534],[92.606,11.533],[92.606,11.531],[92.607,11.53],[92.607,11.529],[92.607,11.528],[92.607,11.528],[92.607,11.528],[92.607,11.527],[92.607,11.526],[92.607,11.524],[92.607,11.523],[92.607,11.523],[92.607,11.522],[92.606,11.522],[92.606,11.522],[92.606,11.522],[92.605,11.523],[92.605,11.523],[92.605,11.523],[92.604,11.523],[92.603,11.524],[92.603,11.524],[92.602,11.524],[92.602,11.527],[92.602,11.527],[92.602,11.527],[92.602,11.529],[92.601,11.53],[92.601,11.53],[92.601,11.531],[92.601,11.531],[92.601,11.532],[92.601,11.533],[92.601,11.533],[92.601,11.533],[92.601,11.534],[92.601,11.535],[92.601,11.535],[92.601,11.536],[92.602,11.536],[92.602,11.537],[92.602,11.538],[92.602,11.538],[92.603,11.538],[92.604,11.538],[92.604,11.537],[92.604,11.537],[92.604,11.537],[92.604,11.537],[92.604,11.536],[92.604,11.536],[92.604,11.535],[92.605,11.535]]],[[[92.56,11.538],[92.561,11.538],[92.561,11.537],[92.561,11.537],[92.561,11.536],[92.561,11.536],[92.561,11.535],[92.561,11.534],[92.561,11.534],[92.561,11.533],[92.561,11.533],[92.562,11.532],[92.562,11.532],[92.562,11.531],[92.563,11.531],[92.563,11.531],[92.564,11.531],[92.564,11.53],[92.565,11.53],[92.565,11.53],[92.566,11.53],[92.566,11.529],[92.566,11.529],[92.567,11.529],[92.567,11.528],[92.568,11.528],[92.568,11.528],[92.569,11.528],[92.569,11.527],[92.569,11.527],[92.569,11.526],[92.569,11.526],[92.569,11.525],[92.569,11.525],[92.569,11.525],[92.569,11.524],[92.569,11.524],[92.568,11.523],[92.568,11.523],[92.568,11.522],[92.568,11.522],[92.568,11.522],[92.568,11.521],[92.568,11.521],[92.568,11.52],[92.568,11.519],[92.567,11.519],[92.567,11.518],[92.567,11.518],[92.567,11.517],[92.566,11.517],[92.566,11.517],[92.565,11.517],[92.565,11.517],[92.565,11.517],[92.564,11.517],[92.564,11.517],[92.563,11.517],[92.563,11.517],[92.562,11.517],[92.561,11.517],[92.561,11.517],[92.561,11.518],[92.561,11.518],[92.561,11.519],[92.561,11.519],[92.561,11.52],[92.561,11.521],[92.56,11.521],[92.56,11.521],[92.56,11.522],[92.559,11.522],[92.559,11.522],[92.559,11.522],[92.558,11.523],[92.558,11.523],[92.558,11.523],[92.558,11.523],[92.558,11.524],[92.557,11.524],[92.557,11.525],[92.557,11.525],[92.556,11.525],[92.556,11.526],[92.556,11.526],[92.556,11.527],[92.555,11.527],[92.555,11.528],[92.554,11.528],[92.554,11.529],[92.554,11.529],[92.554,11.53],[92.554,11.53],[92.553,11.53],[92.553,11.531],[92.553,11.532],[92.552,11.532],[92.552,11.533],[92.552,11.533],[92.552,11.534],[92.552,11.534],[92.552,11.535],[92.552,11.535],[92.552,11.536],[92.552,11.537],[92.552,11.537],[92.552,11.538],[92.552,11.539],[92.553,11.538],[92.554,11.539],[92.554,11.538],[92.554,11.538],[92.555,11.538],[92.555,11.538],[92.556,11.539],[92.556,11.539],[92.556,11.539],[92.557,11.54],[92.557,11.54],[92.557,11.541],[92.558,11.541],[92.558,11.541],[92.558,11.541],[92.559,11.541],[92.559,11.541],[92.559,11.541],[92.56,11.54],[92.56,11.54],[92.56,11.539],[92.56,11.539],[92.56,11.538],[92.56,11.538]]],[[[92.628,11.542],[92.627,11.542],[92.627,11.543],[92.627,11.543],[92.627,11.544],[92.627,11.545],[92.627,11.545],[92.627,11.546],[92.627,11.547],[92.627,11.548],[92.627,11.549],[92.627,11.549],[92.628,11.549],[92.628,11.549],[92.629,11.549],[92.63,11.549],[92.63,11.547],[92.63,11.547],[92.63,11.547],[92.629,11.546],[92.629,11.544],[92.629,11.543],[92.629,11.543],[92.629,11.542],[92.628,11.542]]],[[[92.61,11.559],[92.61,11.559],[92.611,11.559],[92.612,11.561],[92.612,11.561],[92.613,11.561],[92.613,11.561],[92.613,11.56],[92.614,11.56],[92.614,11.56],[92.614,11.56],[92.615,11.559],[92.615,11.558],[92.614,11.558],[92.615,11.557],[92.615,11.557],[92.616,11.557],[92.617,11.557],[92.617,11.557],[92.617,11.557],[92.617,11.558],[92.617,11.558],[92.617,11.559],[92.617,11.559],[92.617,11.559],[92.617,11.559],[92.617,11.56],[92.618,11.56],[92.618,11.56],[92.619,11.56],[92.619,11.56],[92.619,11.56],[92.619,11.559],[92.619,11.559],[92.62,11.558],[92.62,11.557],[92.62,11.556],[92.62,11.554],[92.62,11.554],[92.62,11.553],[92.62,11.552],[92.62,11.552],[92.62,11.551],[92.62,11.551],[92.62,11.55],[92.619,11.55],[92.619,11.549],[92.619,11.549],[92.619,11.548],[92.619,11.547],[92.619,11.546],[92.619,11.546],[92.619,11.545],[92.619,11.544],[92.619,11.543],[92.619,11.543],[92.619,11.542],[92.619,11.542],[92.619,11.541],[92.618,11.54],[92.618,11.54],[92.618,11.54],[92.618,11.539],[92.617,11.538],[92.618,11.538],[92.618,11.537],[92.616,11.535],[92.615,11.535],[92.614,11.535],[92.614,11.534],[92.614,11.534],[92.613,11.533],[92.612,11.533],[92.611,11.532],[92.61,11.532],[92.61,11.532],[92.61,11.533],[92.61,11.533],[92.61,11.533],[92.61,11.534],[92.61,11.534],[92.61,11.534],[92.609,11.535],[92.607,11.536],[92.607,11.536],[92.607,11.537],[92.607,11.537],[92.607,11.537],[92.607,11.537],[92.607,11.538],[92.607,11.538],[92.607,11.538],[92.607,11.539],[92.607,11.539],[92.606,11.539],[92.606,11.542],[92.606,11.542],[92.606,11.543],[92.606,11.543],[92.606,11.544],[92.605,11.544],[92.605,11.547],[92.606,11.547],[92.606,11.547],[92.606,11.548],[92.606,11.549],[92.606,11.549],[92.606,11.549],[92.605,11.55],[92.605,11.55],[92.605,11.551],[92.604,11.551],[92.604,11.552],[92.604,11.552],[92.602,11.552],[92.602,11.552],[92.602,11.553],[92.602,11.553],[92.602,11.553],[92.602,11.554],[92.602,11.555],[92.602,11.555],[92.603,11.555],[92.604,11.555],[92.605,11.554],[92.605,11.554],[92.605,11.554],[92.606,11.555],[92.607,11.555],[92.607,11.555],[92.607,11.554],[92.607,11.554],[92.608,11.554],[92.609,11.554],[92.61,11.554],[92.61,11.555],[92.61,11.556],[92.609,11.556],[92.609,11.556],[92.608,11.557],[92.608,11.557],[92.608,11.557],[92.607,11.557],[92.607,11.558],[92.607,11.558],[92.607,11.558],[92.607,11.558],[92.607,11.559],[92.607,11.559],[92.606,11.56],[92.606,11.561],[92.606,11.561],[92.606,11.562],[92.606,11.562],[92.607,11.563],[92.607,11.563],[92.607,11.563],[92.608,11.563],[92.608,11.563],[92.608,11.563],[92.609,11.562],[92.609,11.561],[92.609,11.561],[92.61,11.56],[92.61,11.56],[92.61,11.56],[92.61,11.559]]],[[[92.575,11.563],[92.574,11.563],[92.574,11.563],[92.573,11.563],[92.573,11.563],[92.573,11.564],[92.573,11.566],[92.574,11.566],[92.574,11.567],[92.576,11.569],[92.576,11.57],[92.576,11.57],[92.576,11.571],[92.577,11.571],[92.577,11.569],[92.577,11.569],[92.577,11.568],[92.576,11.567],[92.576,11.567],[92.576,11.567],[92.576,11.566],[92.576,11.566],[92.575,11.566],[92.576,11.566],[92.576,11.565],[92.575,11.565],[92.575,11.564],[92.575,11.564],[92.575,11.564],[92.575,11.563],[92.575,11.563],[92.575,11.563],[92.575,11.563]]],[[[92.568,11.571],[92.568,11.571],[92.568,11.57],[92.568,11.57],[92.567,11.57],[92.567,11.57],[92.567,11.569],[92.567,11.569],[92.567,11.569],[92.566,11.568],[92.566,11.568],[92.566,11.568],[92.565,11.568],[92.565,11.568],[92.565,11.568],[92.565,11.569],[92.565,11.569],[92.565,11.569],[92.565,11.569],[92.565,11.57],[92.565,11.57],[92.566,11.57],[92.566,11.571],[92.566,11.571],[92.566,11.571],[92.567,11.571],[92.567,11.571],[92.567,11.571],[92.568,11.571]]],[[[92.597,11.542],[92.597,11.541],[92.597,11.541],[92.597,11.54],[92.597,11.54],[92.597,11.54],[92.597,11.539],[92.597,11.538],[92.596,11.538],[92.596,11.537],[92.596,11.537],[92.596,11.536],[92.596,11.536],[92.596,11.535],[92.596,11.535],[92.596,11.535],[92.596,11.534],[92.596,11.533],[92.596,11.533],[92.595,11.533],[92.595,11.533],[92.595,11.533],[92.595,11.533],[92.595,11.534],[92.595,11.534],[92.594,11.534],[92.593,11.535],[92.593,11.535],[92.593,11.536],[92.593,11.536],[92.593,11.536],[92.593,11.536],[92.592,11.536],[92.592,11.536],[92.591,11.535],[92.591,11.535],[92.59,11.535],[92.59,11.535],[92.59,11.535],[92.59,11.534],[92.589,11.534],[92.589,11.534],[92.589,11.534],[92.588,11.533],[92.588,11.533],[92.588,11.533],[92.588,11.534],[92.588,11.535],[92.588,11.535],[92.588,11.536],[92.588,11.536],[92.588,11.537],[92.588,11.537],[92.588,11.538],[92.588,11.538],[92.588,11.539],[92.588,11.539],[92.588,11.539],[92.587,11.54],[92.587,11.54],[92.586,11.541],[92.586,11.541],[92.586,11.541],[92.586,11.541],[92.586,11.54],[92.586,11.54],[92.586,11.539],[92.586,11.539],[92.586,11.539],[92.586,11.539],[92.586,11.538],[92.586,11.538],[92.585,11.538],[92.585,11.537],[92.585,11.537],[92.585,11.536],[92.585,11.536],[92.584,11.535],[92.584,11.534],[92.584,11.534],[92.583,11.535],[92.583,11.536],[92.583,11.537],[92.583,11.539],[92.583,11.54],[92.583,11.54],[92.583,11.54],[92.583,11.541],[92.584,11.542],[92.585,11.542],[92.585,11.542],[92.585,11.542],[92.586,11.542],[92.586,11.542],[92.586,11.542],[92.586,11.542],[92.586,11.543],[92.586,11.543],[92.586,11.544],[92.586,11.544],[92.586,11.545],[92.586,11.545],[92.586,11.546],[92.586,11.546],[92.586,11.546],[92.586,11.546],[92.586,11.547],[92.585,11.547],[92.585,11.547],[92.585,11.548],[92.585,11.548],[92.585,11.548],[92.585,11.548],[92.584,11.549],[92.584,11.549],[92.584,11.55],[92.584,11.55],[92.584,11.551],[92.584,11.552],[92.585,11.552],[92.585,11.553],[92.585,11.553],[92.586,11.553],[92.586,11.553],[92.587,11.554],[92.587,11.554],[92.587,11.554],[92.587,11.555],[92.587,11.555],[92.588,11.555],[92.588,11.556],[92.588,11.556],[92.588,11.557],[92.588,11.557],[92.588,11.558],[92.588,11.558],[92.588,11.558],[92.588,11.559],[92.588,11.559],[92.589,11.56],[92.589,11.56],[92.589,11.561],[92.589,11.561],[92.589,11.561],[92.589,11.562],[92.589,11.562],[92.589,11.562],[92.589,11.563],[92.589,11.563],[92.589,11.563],[92.589,11.564],[92.589,11.564],[92.588,11.564],[92.588,11.565],[92.588,11.565],[92.588,11.565],[92.588,11.566],[92.588,11.566],[92.588,11.567],[92.588,11.567],[92.588,11.568],[92.588,11.568],[92.588,11.569],[92.588,11.569],[92.588,11.57],[92.588,11.57],[92.588,11.57],[92.588,11.571],[92.588,11.571],[92.588,11.571],[92.589,11.572],[92.589,11.572],[92.589,11.573],[92.589,11.573],[92.589,11.573],[92.589,11.574],[92.589,11.574],[92.589,11.574],[92.59,11.575],[92.59,11.575],[92.59,11.575],[92.591,11.576],[92.591,11.576],[92.591,11.576],[92.591,11.577],[92.592,11.577],[92.592,11.577],[92.592,11.577],[92.593,11.577],[92.593,11.577],[92.593,11.577],[92.593,11.577],[92.593,11.576],[92.593,11.576],[92.593,11.576],[92.594,11.575],[92.594,11.575],[92.594,11.574],[92.594,11.574],[92.594,11.573],[92.594,11.573],[92.594,11.572],[92.594,11.572],[92.595,11.571],[92.595,11.571],[92.595,11.571],[92.595,11.57],[92.594,11.569],[92.594,11.569],[92.594,11.568],[92.593,11.567],[92.594,11.567],[92.594,11.566],[92.595,11.566],[92.595,11.565],[92.596,11.565],[92.596,11.565],[92.596,11.564],[92.597,11.564],[92.597,11.563],[92.597,11.563],[92.597,11.563],[92.597,11.562],[92.597,11.562],[92.597,11.561],[92.597,11.561],[92.597,11.561],[92.597,11.56],[92.597,11.56],[92.597,11.559],[92.597,11.559],[92.597,11.558],[92.597,11.558],[92.597,11.557],[92.598,11.557],[92.597,11.556],[92.597,11.555],[92.597,11.555],[92.597,11.554],[92.597,11.553],[92.597,11.553],[92.597,11.552],[92.597,11.552],[92.597,11.551],[92.597,11.55],[92.597,11.55],[92.597,11.549],[92.597,11.549],[92.597,11.548],[92.597,11.548],[92.597,11.548],[92.597,11.547],[92.597,11.547],[92.597,11.546],[92.597,11.546],[92.597,11.545],[92.597,11.545],[92.597,11.545],[92.597,11.544],[92.597,11.544],[92.597,11.543],[92.597,11.543],[92.597,11.543],[92.597,11.542],[92.597,11.542]]],[[[92.578,11.582],[92.578,11.582],[92.578,11.583],[92.577,11.585],[92.577,11.585],[92.578,11.585],[92.579,11.585],[92.579,11.585],[92.579,11.584],[92.58,11.584],[92.58,11.583],[92.579,11.583],[92.579,11.583],[92.579,11.582],[92.578,11.582],[92.578,11.582]]],[[[92.611,11.588],[92.611,11.588],[92.612,11.588],[92.612,11.587],[92.612,11.587],[92.613,11.586],[92.613,11.586],[92.613,11.586],[92.614,11.586],[92.614,11.585],[92.615,11.585],[92.615,11.584],[92.615,11.584],[92.615,11.584],[92.615,11.584],[92.616,11.583],[92.616,11.583],[92.617,11.583],[92.617,11.583],[92.617,11.582],[92.617,11.582],[92.617,11.582],[92.618,11.582],[92.618,11.581],[92.618,11.581],[92.618,11.58],[92.618,11.58],[92.618,11.579],[92.618,11.578],[92.619,11.578],[92.619,11.578],[92.619,11.578],[92.619,11.577],[92.619,11.576],[92.619,11.576],[92.619,11.575],[92.619,11.574],[92.619,11.573],[92.619,11.573],[92.619,11.572],[92.619,11.572],[92.619,11.571],[92.619,11.571],[92.618,11.57],[92.618,11.57],[92.618,11.569],[92.618,11.569],[92.618,11.568],[92.617,11.568],[92.617,11.567],[92.617,11.566],[92.617,11.566],[92.617,11.566],[92.617,11.565],[92.616,11.565],[92.616,11.564],[92.616,11.564],[92.616,11.564],[92.616,11.564],[92.615,11.563],[92.615,11.563],[92.615,11.563],[92.614,11.563],[92.614,11.563],[92.613,11.563],[92.613,11.564],[92.612,11.564],[92.612,11.565],[92.611,11.565],[92.611,11.565],[92.611,11.566],[92.611,11.566],[92.61,11.567],[92.61,11.567],[92.61,11.568],[92.61,11.568],[92.61,11.568],[92.609,11.568],[92.609,11.569],[92.609,11.569],[92.609,11.569],[92.608,11.569],[92.608,11.569],[92.608,11.568],[92.607,11.569],[92.607,11.569],[92.606,11.569],[92.606,11.57],[92.606,11.57],[92.606,11.571],[92.606,11.571],[92.605,11.571],[92.605,11.571],[92.605,11.57],[92.605,11.57],[92.605,11.569],[92.604,11.568],[92.604,11.568],[92.604,11.568],[92.603,11.568],[92.603,11.567],[92.602,11.567],[92.601,11.567],[92.601,11.568],[92.601,11.568],[92.601,11.569],[92.601,11.569],[92.6,11.57],[92.601,11.57],[92.6,11.571],[92.6,11.572],[92.6,11.572],[92.6,11.573],[92.6,11.574],[92.6,11.574],[92.6,11.575],[92.6,11.576],[92.601,11.576],[92.601,11.577],[92.601,11.578],[92.601,11.578],[92.601,11.579],[92.601,11.58],[92.601,11.58],[92.601,11.581],[92.601,11.581],[92.601,11.582],[92.601,11.583],[92.601,11.583],[92.601,11.584],[92.601,11.584],[92.601,11.585],[92.601,11.586],[92.602,11.586],[92.602,11.586],[92.602,11.587],[92.603,11.587],[92.603,11.587],[92.604,11.587],[92.604,11.587],[92.605,11.587],[92.605,11.587],[92.606,11.588],[92.606,11.588],[92.607,11.588],[92.607,11.588],[92.608,11.588],[92.608,11.588],[92.609,11.588],[92.609,11.588],[92.609,11.588],[92.61,11.588],[92.61,11.588],[92.611,11.588],[92.611,11.588]]],[[[92.219,11.592],[92.219,11.592],[92.219,11.592],[92.22,11.592],[92.22,11.592],[92.221,11.592],[92.221,11.592],[92.222,11.592],[92.222,11.592],[92.222,11.591],[92.223,11.591],[92.223,11.591],[92.223,11.59],[92.224,11.59],[92.224,11.59],[92.225,11.589],[92.225,11.589],[92.226,11.589],[92.226,11.589],[92.226,11.589],[92.227,11.589],[92.227,11.588],[92.228,11.588],[92.228,11.588],[92.228,11.588],[92.229,11.588],[92.229,11.588],[92.23,11.587],[92.23,11.587],[92.231,11.587],[92.232,11.587],[92.232,11.588],[92.232,11.588],[92.233,11.588],[92.233,11.588],[92.233,11.589],[92.233,11.589],[92.234,11.589],[92.234,11.589],[92.234,11.59],[92.234,11.59],[92.235,11.591],[92.235,11.591],[92.235,11.591],[92.236,11.591],[92.236,11.591],[92.237,11.591],[92.237,11.591],[92.238,11.592],[92.238,11.592],[92.239,11.592],[92.24,11.592],[92.24,11.592],[92.241,11.592],[92.242,11.592],[92.242,11.592],[92.243,11.592],[92.244,11.592],[92.244,11.592],[92.245,11.592],[92.245,11.592],[92.246,11.591],[92.246,11.591],[92.247,11.591],[92.247,11.591],[92.248,11.591],[92.248,11.591],[92.248,11.591],[92.249,11.591],[92.249,11.591],[92.25,11.591],[92.25,11.591],[92.251,11.59],[92.252,11.59],[92.252,11.59],[92.253,11.59],[92.254,11.59],[92.254,11.59],[92.255,11.59],[92.255,11.59],[92.256,11.591],[92.257,11.591],[92.257,11.59],[92.258,11.59],[92.258,11.59],[92.259,11.59],[92.26,11.59],[92.261,11.59],[92.261,11.59],[92.262,11.59],[92.262,11.59],[92.262,11.59],[92.262,11.59],[92.263,11.59],[92.263,11.59],[92.264,11.589],[92.264,11.589],[92.264,11.589],[92.265,11.588],[92.265,11.587],[92.266,11.587],[92.266,11.587],[92.266,11.587],[92.267,11.587],[92.267,11.587],[92.268,11.586],[92.268,11.586],[92.269,11.586],[92.269,11.585],[92.269,11.585],[92.27,11.585],[92.27,11.585],[92.271,11.584],[92.271,11.584],[92.271,11.583],[92.271,11.582],[92.271,11.581],[92.271,11.58],[92.271,11.579],[92.271,11.578],[92.271,11.577],[92.271,11.577],[92.271,11.576],[92.271,11.576],[92.27,11.576],[92.27,11.576],[92.27,11.575],[92.27,11.575],[92.27,11.574],[92.27,11.574],[92.27,11.573],[92.27,11.573],[92.269,11.572],[92.269,11.572],[92.269,11.571],[92.269,11.571],[92.269,11.57],[92.268,11.569],[92.268,11.569],[92.268,11.568],[92.269,11.567],[92.269,11.567],[92.269,11.566],[92.269,11.566],[92.269,11.566],[92.27,11.565],[92.27,11.565],[92.27,11.564],[92.269,11.564],[92.269,11.564],[92.269,11.563],[92.269,11.563],[92.269,11.562],[92.269,11.562],[92.269,11.561],[92.269,11.561],[92.269,11.56],[92.269,11.56],[92.269,11.559],[92.269,11.559],[92.269,11.558],[92.269,11.558],[92.269,11.557],[92.269,11.557],[92.269,11.556],[92.269,11.556],[92.269,11.555],[92.269,11.555],[92.269,11.554],[92.269,11.554],[92.269,11.554],[92.269,11.553],[92.269,11.553],[92.269,11.553],[92.27,11.552],[92.27,11.552],[92.27,11.551],[92.27,11.551],[92.27,11.55],[92.27,11.55],[92.27,11.549],[92.27,11.549],[92.27,11.548],[92.271,11.548],[92.271,11.548],[92.272,11.547],[92.272,11.547],[92.272,11.546],[92.272,11.546],[92.272,11.545],[92.272,11.545],[92.273,11.544],[92.273,11.544],[92.273,11.543],[92.273,11.543],[92.273,11.543],[92.273,11.542],[92.273,11.542],[92.273,11.541],[92.274,11.541],[92.274,11.541],[92.274,11.54],[92.274,11.54],[92.274,11.539],[92.274,11.539],[92.274,11.538],[92.274,11.538],[92.274,11.537],[92.275,11.537],[92.275,11.536],[92.275,11.536],[92.275,11.535],[92.275,11.535],[92.274,11.535],[92.274,11.534],[92.274,11.534],[92.274,11.533],[92.274,11.533],[92.274,11.533],[92.273,11.532],[92.273,11.532],[92.273,11.532],[92.273,11.532],[92.273,11.531],[92.273,11.531],[92.272,11.531],[92.272,11.53],[92.272,11.53],[92.272,11.53],[92.272,11.53],[92.272,11.529],[92.272,11.529],[92.272,11.529],[92.271,11.529],[92.271,11.528],[92.271,11.528],[92.271,11.528],[92.271,11.527],[92.271,11.527],[92.271,11.526],[92.271,11.526],[92.271,11.526],[92.271,11.525],[92.271,11.525],[92.271,11.524],[92.271,11.524],[92.271,11.524],[92.27,11.523],[92.27,11.523],[92.27,11.523],[92.269,11.522],[92.268,11.522],[92.267,11.522],[92.267,11.522],[92.266,11.521],[92.266,11.521],[92.266,11.52],[92.265,11.52],[92.265,11.52],[92.264,11.52],[92.264,11.52],[92.264,11.519],[92.263,11.519],[92.263,11.519],[92.262,11.518],[92.262,11.518],[92.261,11.518],[92.261,11.518],[92.261,11.518],[92.26,11.518],[92.26,11.518],[92.26,11.518],[92.259,11.518],[92.259,11.519],[92.259,11.519],[92.258,11.52],[92.258,11.52],[92.258,11.521],[92.258,11.521],[92.257,11.521],[92.257,11.521],[92.257,11.522],[92.257,11.522],[92.256,11.522],[92.256,11.523],[92.255,11.523],[92.255,11.523],[92.255,11.524],[92.255,11.524],[92.254,11.524],[92.254,11.524],[92.254,11.524],[92.253,11.525],[92.253,11.525],[92.252,11.525],[92.251,11.525],[92.251,11.526],[92.25,11.526],[92.25,11.526],[92.249,11.526],[92.249,11.526],[92.248,11.526],[92.248,11.526],[92.247,11.526],[92.247,11.526],[92.246,11.526],[92.246,11.526],[92.245,11.526],[92.245,11.525],[92.244,11.525],[92.244,11.525],[92.243,11.525],[92.243,11.525],[92.243,11.525],[92.242,11.525],[92.242,11.525],[92.241,11.525],[92.241,11.525],[92.24,11.526],[92.24,11.526],[92.239,11.526],[92.238,11.526],[92.238,11.526],[92.237,11.525],[92.237,11.525],[92.236,11.525],[92.236,11.525],[92.236,11.525],[92.235,11.525],[92.235,11.525],[92.234,11.525],[92.234,11.526],[92.233,11.526],[92.233,11.526],[92.232,11.526],[92.232,11.526],[92.232,11.526],[92.231,11.526],[92.231,11.527],[92.231,11.527],[92.23,11.527],[92.23,11.527],[92.23,11.527],[92.229,11.527],[92.229,11.528],[92.228,11.528],[92.228,11.528],[92.227,11.528],[92.227,11.528],[92.227,11.529],[92.226,11.529],[92.226,11.529],[92.225,11.529],[92.225,11.529],[92.225,11.529],[92.224,11.529],[92.224,11.53],[92.223,11.53],[92.223,11.53],[92.222,11.53],[92.222,11.53],[92.221,11.53],[92.221,11.53],[92.22,11.529],[92.22,11.529],[92.22,11.529],[92.219,11.529],[92.219,11.529],[92.219,11.529],[92.219,11.528],[92.219,11.528],[92.219,11.527],[92.219,11.527],[92.219,11.526],[92.218,11.527],[92.218,11.527],[92.218,11.527],[92.218,11.528],[92.218,11.528],[92.218,11.529],[92.218,11.529],[92.218,11.529],[92.218,11.53],[92.218,11.529],[92.217,11.529],[92.217,11.529],[92.217,11.529],[92.216,11.529],[92.216,11.529],[92.215,11.529],[92.215,11.529],[92.215,11.529],[92.214,11.53],[92.214,11.53],[92.215,11.53],[92.215,11.53],[92.215,11.531],[92.215,11.531],[92.215,11.531],[92.215,11.531],[92.215,11.532],[92.215,11.532],[92.214,11.532],[92.214,11.533],[92.214,11.533],[92.214,11.534],[92.213,11.534],[92.213,11.534],[92.213,11.535],[92.213,11.535],[92.213,11.535],[92.212,11.536],[92.212,11.536],[92.212,11.537],[92.212,11.537],[92.212,11.538],[92.212,11.538],[92.212,11.539],[92.212,11.54],[92.211,11.54],[92.211,11.54],[92.211,11.541],[92.211,11.541],[92.211,11.542],[92.211,11.542],[92.211,11.543],[92.211,11.543],[92.211,11.544],[92.21,11.544],[92.21,11.544],[92.21,11.544],[92.21,11.545],[92.21,11.545],[92.21,11.545],[92.21,11.546],[92.209,11.546],[92.209,11.546],[92.209,11.547],[92.208,11.547],[92.208,11.547],[92.208,11.548],[92.208,11.548],[92.208,11.549],[92.208,11.549],[92.208,11.55],[92.208,11.551],[92.208,11.551],[92.208,11.552],[92.208,11.552],[92.208,11.553],[92.208,11.554],[92.208,11.554],[92.208,11.555],[92.208,11.556],[92.208,11.556],[92.209,11.557],[92.209,11.557],[92.209,11.558],[92.209,11.558],[92.209,11.559],[92.209,11.559],[92.209,11.56],[92.209,11.56],[92.21,11.561],[92.21,11.561],[92.21,11.562],[92.211,11.562],[92.211,11.563],[92.211,11.563],[92.211,11.564],[92.212,11.565],[92.212,11.565],[92.212,11.566],[92.212,11.566],[92.212,11.567],[92.213,11.567],[92.213,11.568],[92.213,11.568],[92.213,11.569],[92.214,11.569],[92.214,11.569],[92.214,11.57],[92.214,11.57],[92.214,11.57],[92.214,11.57],[92.214,11.571],[92.215,11.571],[92.215,11.571],[92.215,11.571],[92.215,11.572],[92.215,11.572],[92.215,11.573],[92.215,11.573],[92.215,11.574],[92.215,11.574],[92.215,11.575],[92.214,11.575],[92.214,11.575],[92.214,11.576],[92.214,11.576],[92.214,11.576],[92.214,11.577],[92.213,11.577],[92.213,11.577],[92.213,11.577],[92.213,11.578],[92.213,11.578],[92.213,11.578],[92.213,11.578],[92.212,11.579],[92.212,11.579],[92.212,11.58],[92.212,11.58],[92.211,11.581],[92.211,11.581],[92.21,11.581],[92.21,11.582],[92.209,11.582],[92.209,11.583],[92.208,11.583],[92.208,11.583],[92.207,11.584],[92.207,11.585],[92.207,11.585],[92.208,11.586],[92.208,11.586],[92.208,11.586],[92.209,11.586],[92.209,11.586],[92.21,11.586],[92.21,11.586],[92.211,11.586],[92.211,11.586],[92.212,11.587],[92.213,11.587],[92.214,11.588],[92.214,11.588],[92.215,11.589],[92.216,11.589],[92.216,11.59],[92.216,11.59],[92.217,11.591],[92.217,11.591],[92.217,11.592],[92.217,11.592],[92.217,11.593],[92.217,11.593],[92.216,11.594],[92.216,11.594],[92.215,11.594],[92.216,11.595],[92.216,11.595],[92.217,11.595],[92.218,11.595],[92.218,11.594],[92.218,11.593],[92.218,11.592],[92.219,11.592]]],[[[92.54,11.603],[92.54,11.603],[92.541,11.603],[92.541,11.603],[92.542,11.603],[92.542,11.603],[92.543,11.602],[92.544,11.602],[92.545,11.602],[92.545,11.602],[92.546,11.602],[92.546,11.602],[92.547,11.602],[92.547,11.601],[92.547,11.601],[92.547,11.601],[92.548,11.6],[92.548,11.6],[92.548,11.6],[92.548,11.599],[92.548,11.599],[92.547,11.599],[92.547,11.599],[92.546,11.598],[92.546,11.598],[92.546,11.597],[92.546,11.597],[92.546,11.596],[92.546,11.596],[92.546,11.595],[92.545,11.594],[92.545,11.594],[92.545,11.593],[92.545,11.592],[92.546,11.592],[92.546,11.592],[92.546,11.592],[92.547,11.592],[92.547,11.592],[92.547,11.592],[92.548,11.592],[92.548,11.592],[92.548,11.593],[92.549,11.593],[92.549,11.593],[92.55,11.593],[92.55,11.593],[92.551,11.593],[92.551,11.593],[92.552,11.593],[92.552,11.593],[92.553,11.593],[92.553,11.592],[92.554,11.592],[92.554,11.592],[92.554,11.592],[92.554,11.591],[92.555,11.591],[92.555,11.591],[92.555,11.591],[92.556,11.591],[92.556,11.591],[92.556,11.591],[92.557,11.591],[92.557,11.591],[92.558,11.591],[92.558,11.592],[92.558,11.592],[92.559,11.592],[92.559,11.592],[92.56,11.592],[92.56,11.592],[92.56,11.592],[92.561,11.592],[92.561,11.592],[92.562,11.592],[92.562,11.592],[92.563,11.592],[92.564,11.592],[92.565,11.592],[92.565,11.592],[92.566,11.592],[92.566,11.592],[92.567,11.592],[92.567,11.592],[92.567,11.591],[92.567,11.59],[92.568,11.59],[92.568,11.59],[92.569,11.59],[92.569,11.59],[92.569,11.589],[92.569,11.589],[92.569,11.588],[92.569,11.588],[92.569,11.588],[92.568,11.588],[92.568,11.587],[92.567,11.587],[92.567,11.587],[92.566,11.587],[92.566,11.587],[92.565,11.587],[92.565,11.586],[92.564,11.586],[92.564,11.586],[92.563,11.586],[92.563,11.585],[92.562,11.585],[92.562,11.584],[92.562,11.583],[92.562,11.583],[92.562,11.582],[92.562,11.582],[92.562,11.581],[92.562,11.581],[92.562,11.58],[92.562,11.579],[92.563,11.579],[92.563,11.579],[92.563,11.578],[92.563,11.578],[92.563,11.578],[92.564,11.577],[92.564,11.577],[92.564,11.577],[92.564,11.576],[92.565,11.576],[92.565,11.576],[92.565,11.575],[92.565,11.575],[92.565,11.574],[92.565,11.574],[92.565,11.573],[92.565,11.573],[92.564,11.573],[92.564,11.573],[92.563,11.573],[92.563,11.573],[92.563,11.573],[92.562,11.572],[92.562,11.572],[92.561,11.572],[92.561,11.572],[92.561,11.571],[92.56,11.571],[92.56,11.571],[92.559,11.571],[92.559,11.57],[92.559,11.57],[92.558,11.569],[92.558,11.569],[92.557,11.569],[92.557,11.569],[92.557,11.568],[92.557,11.568],[92.557,11.567],[92.556,11.567],[92.557,11.567],[92.557,11.566],[92.556,11.566],[92.556,11.565],[92.556,11.565],[92.555,11.564],[92.555,11.564],[92.555,11.564],[92.554,11.563],[92.554,11.563],[92.554,11.562],[92.554,11.562],[92.553,11.562],[92.553,11.562],[92.553,11.562],[92.552,11.562],[92.552,11.561],[92.551,11.561],[92.551,11.561],[92.55,11.561],[92.55,11.561],[92.549,11.561],[92.549,11.561],[92.549,11.56],[92.548,11.561],[92.548,11.561],[92.547,11.561],[92.547,11.561],[92.546,11.561],[92.546,11.561],[92.545,11.562],[92.545,11.562],[92.544,11.562],[92.544,11.562],[92.543,11.562],[92.543,11.562],[92.543,11.563],[92.542,11.563],[92.542,11.563],[92.542,11.563],[92.541,11.563],[92.541,11.562],[92.54,11.562],[92.54,11.562],[92.54,11.562],[92.539,11.562],[92.538,11.562],[92.538,11.562],[92.538,11.561],[92.537,11.561],[92.537,11.56],[92.537,11.56],[92.536,11.56],[92.536,11.559],[92.536,11.559],[92.535,11.558],[92.535,11.558],[92.534,11.558],[92.534,11.558],[92.534,11.557],[92.533,11.557],[92.533,11.557],[92.533,11.556],[92.532,11.556],[92.532,11.556],[92.532,11.555],[92.531,11.555],[92.531,11.555],[92.531,11.554],[92.53,11.554],[92.53,11.554],[92.53,11.554],[92.53,11.555],[92.53,11.555],[92.53,11.555],[92.53,11.556],[92.53,11.556],[92.53,11.557],[92.53,11.558],[92.531,11.558],[92.531,11.559],[92.531,11.559],[92.531,11.559],[92.531,11.56],[92.532,11.56],[92.532,11.56],[92.532,11.56],[92.532,11.561],[92.532,11.561],[92.533,11.562],[92.533,11.562],[92.533,11.562],[92.534,11.563],[92.534,11.563],[92.535,11.563],[92.535,11.563],[92.535,11.564],[92.535,11.564],[92.535,11.565],[92.535,11.566],[92.535,11.567],[92.535,11.568],[92.534,11.568],[92.534,11.569],[92.534,11.569],[92.534,11.569],[92.534,11.569],[92.534,11.57],[92.533,11.57],[92.533,11.57],[92.533,11.57],[92.533,11.571],[92.533,11.571],[92.532,11.571],[92.532,11.572],[92.532,11.572],[92.532,11.573],[92.532,11.574],[92.533,11.574],[92.533,11.575],[92.533,11.575],[92.533,11.575],[92.534,11.576],[92.534,11.576],[92.534,11.576],[92.534,11.577],[92.534,11.577],[92.534,11.578],[92.534,11.578],[92.534,11.578],[92.534,11.579],[92.534,11.579],[92.535,11.58],[92.535,11.58],[92.535,11.581],[92.535,11.581],[92.535,11.582],[92.535,11.582],[92.535,11.583],[92.535,11.583],[92.535,11.583],[92.535,11.584],[92.535,11.584],[92.535,11.585],[92.535,11.585],[92.534,11.585],[92.534,11.585],[92.534,11.586],[92.534,11.586],[92.534,11.586],[92.534,11.587],[92.534,11.587],[92.533,11.587],[92.533,11.588],[92.533,11.588],[92.533,11.589],[92.533,11.589],[92.532,11.59],[92.532,11.591],[92.532,11.591],[92.532,11.592],[92.532,11.592],[92.532,11.593],[92.532,11.593],[92.532,11.594],[92.532,11.594],[92.532,11.595],[92.532,11.596],[92.533,11.596],[92.533,11.597],[92.533,11.597],[92.533,11.598],[92.533,11.599],[92.534,11.599],[92.534,11.6],[92.534,11.6],[92.534,11.601],[92.534,11.601],[92.534,11.602],[92.534,11.602],[92.534,11.603],[92.535,11.603],[92.535,11.603],[92.535,11.604],[92.535,11.604],[92.535,11.604],[92.535,11.605],[92.536,11.605],[92.536,11.605],[92.536,11.606],[92.537,11.606],[92.537,11.606],[92.537,11.606],[92.538,11.606],[92.539,11.605],[92.54,11.603]]],[[[92.7,11.664],[92.7,11.664],[92.7,11.664],[92.701,11.664],[92.701,11.664],[92.701,11.663],[92.701,11.663],[92.701,11.662],[92.701,11.662],[92.701,11.661],[92.701,11.661],[92.701,11.66],[92.701,11.659],[92.7,11.659],[92.7,11.659],[92.7,11.659],[92.699,11.66],[92.698,11.66],[92.698,11.659],[92.698,11.659],[92.697,11.659],[92.697,11.659],[92.696,11.66],[92.695,11.66],[92.695,11.66],[92.694,11.66],[92.694,11.66],[92.693,11.661],[92.693,11.661],[92.693,11.662],[92.693,11.662],[92.693,11.662],[92.694,11.662],[92.694,11.663],[92.694,11.663],[92.695,11.663],[92.695,11.663],[92.696,11.664],[92.696,11.664],[92.697,11.664],[92.697,11.664],[92.698,11.664],[92.698,11.664],[92.699,11.664],[92.699,11.665],[92.7,11.664]]],[[[92.762,11.67],[92.762,11.67],[92.761,11.67],[92.761,11.671],[92.761,11.671],[92.761,11.672],[92.761,11.672],[92.761,11.673],[92.761,11.674],[92.761,11.674],[92.761,11.675],[92.761,11.675],[92.76,11.675],[92.76,11.676],[92.76,11.676],[92.76,11.677],[92.76,11.677],[92.76,11.678],[92.761,11.678],[92.762,11.678],[92.762,11.678],[92.763,11.678],[92.763,11.679],[92.764,11.679],[92.764,11.679],[92.764,11.68],[92.765,11.68],[92.765,11.681],[92.765,11.681],[92.765,11.681],[92.766,11.681],[92.766,11.681],[92.766,11.681],[92.767,11.68],[92.767,11.68],[92.767,11.679],[92.767,11.678],[92.766,11.678],[92.766,11.678],[92.766,11.677],[92.766,11.677],[92.766,11.677],[92.765,11.676],[92.765,11.676],[92.765,11.676],[92.765,11.676],[92.765,11.675],[92.765,11.675],[92.764,11.675],[92.764,11.674],[92.764,11.674],[92.764,11.673],[92.764,11.673],[92.764,11.673],[92.764,11.672],[92.764,11.672],[92.763,11.672],[92.763,11.671],[92.763,11.671],[92.763,11.67],[92.763,11.67],[92.762,11.67],[92.762,11.67]]],[[[92.725,11.689],[92.725,11.689],[92.726,11.689],[92.726,11.688],[92.726,11.688],[92.727,11.688],[92.727,11.688],[92.726,11.687],[92.726,11.687],[92.725,11.687],[92.725,11.687],[92.724,11.687],[92.724,11.687],[92.724,11.687],[92.723,11.687],[92.722,11.687],[92.722,11.688],[92.722,11.688],[92.722,11.689],[92.722,11.689],[92.723,11.69],[92.723,11.69],[92.724,11.689],[92.725,11.689],[92.725,11.689]]],[[[92.551,11.721],[92.551,11.721],[92.55,11.721],[92.55,11.722],[92.55,11.722],[92.55,11.722],[92.55,11.723],[92.549,11.724],[92.549,11.724],[92.55,11.725],[92.551,11.725],[92.551,11.725],[92.552,11.725],[92.552,11.725],[92.551,11.724],[92.551,11.724],[92.551,11.724],[92.551,11.723],[92.551,11.723],[92.551,11.722],[92.551,11.722],[92.551,11.721],[92.551,11.721]]],[[[93.083,11.78],[93.082,11.779],[93.082,11.779],[93.081,11.779],[93.081,11.779],[93.081,11.779],[93.081,11.779],[93.08,11.779],[93.08,11.779],[93.079,11.779],[93.079,11.779],[93.079,11.78],[93.078,11.78],[93.078,11.78],[93.078,11.781],[93.078,11.781],[93.078,11.781],[93.078,11.782],[93.078,11.782],[93.078,11.783],[93.078,11.783],[93.078,11.783],[93.079,11.784],[93.079,11.784],[93.079,11.785],[93.079,11.785],[93.079,11.785],[93.079,11.786],[93.079,11.786],[93.079,11.787],[93.08,11.787],[93.08,11.787],[93.08,11.788],[93.08,11.788],[93.081,11.788],[93.081,11.788],[93.081,11.789],[93.082,11.789],[93.082,11.789],[93.082,11.789],[93.083,11.79],[93.083,11.79],[93.084,11.79],[93.085,11.79],[93.085,11.789],[93.086,11.789],[93.086,11.789],[93.086,11.788],[93.086,11.788],[93.086,11.787],[93.086,11.787],[93.086,11.786],[93.086,11.786],[93.086,11.786],[93.086,11.785],[93.086,11.785],[93.086,11.785],[93.085,11.784],[93.085,11.784],[93.085,11.784],[93.085,11.783],[93.084,11.783],[93.084,11.782],[93.084,11.782],[93.084,11.782],[93.083,11.781],[93.084,11.781],[93.084,11.781],[93.083,11.78],[93.083,11.78]]],[[[93.021,11.843],[93.021,11.843],[93.022,11.843],[93.022,11.842],[93.023,11.842],[93.023,11.842],[93.024,11.842],[93.024,11.842],[93.026,11.842],[93.026,11.841],[93.027,11.841],[93.027,11.841],[93.027,11.841],[93.027,11.841],[93.028,11.841],[93.028,11.84],[93.029,11.84],[93.029,11.84],[93.029,11.839],[93.029,11.839],[93.03,11.839],[93.03,11.839],[93.031,11.839],[93.031,11.838],[93.031,11.838],[93.031,11.838],[93.033,11.837],[93.033,11.837],[93.033,11.837],[93.034,11.837],[93.034,11.836],[93.034,11.836],[93.035,11.836],[93.036,11.836],[93.036,11.837],[93.037,11.837],[93.037,11.836],[93.037,11.836],[93.038,11.837],[93.038,11.837],[93.038,11.837],[93.039,11.837],[93.04,11.838],[93.04,11.838],[93.041,11.838],[93.041,11.838],[93.042,11.839],[93.042,11.839],[93.042,11.84],[93.043,11.84],[93.043,11.84],[93.043,11.841],[93.044,11.841],[93.044,11.841],[93.045,11.842],[93.045,11.842],[93.046,11.842],[93.046,11.843],[93.047,11.843],[93.047,11.843],[93.048,11.843],[93.049,11.843],[93.049,11.843],[93.05,11.843],[93.05,11.843],[93.051,11.843],[93.052,11.844],[93.052,11.844],[93.053,11.844],[93.053,11.844],[93.053,11.844],[93.054,11.844],[93.054,11.844],[93.054,11.844],[93.055,11.844],[93.055,11.844],[93.056,11.844],[93.056,11.844],[93.056,11.844],[93.057,11.844],[93.057,11.844],[93.057,11.844],[93.058,11.844],[93.058,11.844],[93.058,11.844],[93.059,11.844],[93.059,11.844],[93.059,11.845],[93.059,11.845],[93.06,11.845],[93.06,11.845],[93.061,11.845],[93.061,11.844],[93.062,11.844],[93.062,11.844],[93.063,11.844],[93.063,11.845],[93.064,11.845],[93.064,11.844],[93.064,11.844],[93.064,11.843],[93.065,11.843],[93.065,11.843],[93.065,11.843],[93.066,11.842],[93.066,11.842],[93.066,11.842],[93.067,11.842],[93.067,11.842],[93.067,11.842],[93.068,11.842],[93.068,11.842],[93.068,11.842],[93.068,11.842],[93.069,11.843],[93.07,11.842],[93.07,11.842],[93.07,11.842],[93.07,11.842],[93.07,11.841],[93.071,11.841],[93.071,11.841],[93.071,11.841],[93.071,11.84],[93.071,11.84],[93.071,11.84],[93.071,11.839],[93.072,11.839],[93.072,11.839],[93.072,11.838],[93.072,11.838],[93.072,11.837],[93.072,11.837],[93.072,11.836],[93.072,11.836],[93.072,11.836],[93.072,11.835],[93.072,11.835],[93.072,11.835],[93.072,11.834],[93.072,11.834],[93.071,11.834],[93.071,11.833],[93.071,11.833],[93.071,11.832],[93.07,11.832],[93.07,11.832],[93.07,11.831],[93.069,11.831],[93.069,11.831],[93.069,11.83],[93.069,11.83],[93.069,11.829],[93.068,11.829],[93.068,11.828],[93.068,11.828],[93.067,11.828],[93.067,11.827],[93.067,11.827],[93.067,11.827],[93.066,11.826],[93.066,11.826],[93.066,11.826],[93.065,11.825],[93.065,11.825],[93.065,11.825],[93.065,11.824],[93.064,11.824],[93.064,11.824],[93.064,11.824],[93.064,11.823],[93.063,11.823],[93.063,11.823],[93.063,11.823],[93.063,11.822],[93.063,11.822],[93.062,11.822],[93.062,11.821],[93.062,11.821],[93.063,11.82],[93.063,11.82],[93.063,11.82],[93.063,11.819],[93.063,11.819],[93.063,11.818],[93.062,11.818],[93.062,11.817],[93.062,11.817],[93.061,11.817],[93.061,11.816],[93.061,11.816],[93.06,11.816],[93.06,11.815],[93.059,11.815],[93.059,11.815],[93.059,11.815],[93.059,11.815],[93.059,11.815],[93.058,11.815],[93.058,11.814],[93.058,11.814],[93.057,11.814],[93.057,11.814],[93.057,11.814],[93.056,11.814],[93.056,11.814],[93.056,11.814],[93.055,11.813],[93.055,11.813],[93.055,11.813],[93.054,11.813],[93.054,11.813],[93.053,11.813],[93.053,11.813],[93.052,11.813],[93.051,11.812],[93.05,11.812],[93.05,11.813],[93.049,11.813],[93.049,11.813],[93.049,11.813],[93.048,11.813],[93.048,11.813],[93.048,11.813],[93.047,11.813],[93.047,11.814],[93.046,11.814],[93.046,11.814],[93.045,11.814],[93.045,11.814],[93.044,11.815],[93.044,11.815],[93.043,11.816],[93.043,11.816],[93.042,11.816],[93.042,11.816],[93.042,11.817],[93.042,11.817],[93.041,11.817],[93.041,11.817],[93.041,11.817],[93.04,11.817],[93.04,11.817],[93.04,11.818],[93.039,11.818],[93.039,11.818],[93.039,11.818],[93.038,11.819],[93.038,11.819],[93.037,11.819],[93.037,11.819],[93.036,11.819],[93.036,11.819],[93.036,11.82],[93.036,11.82],[93.036,11.82],[93.035,11.82],[93.034,11.821],[93.034,11.821],[93.033,11.822],[93.033,11.822],[93.033,11.822],[93.032,11.822],[93.032,11.822],[93.031,11.823],[93.031,11.823],[93.031,11.823],[93.031,11.824],[93.03,11.824],[93.03,11.825],[93.03,11.825],[93.03,11.826],[93.031,11.826],[93.03,11.826],[93.03,11.826],[93.03,11.826],[93.03,11.826],[93.029,11.826],[93.029,11.826],[93.029,11.826],[93.028,11.826],[93.028,11.826],[93.028,11.826],[93.027,11.826],[93.027,11.826],[93.026,11.826],[93.026,11.826],[93.026,11.826],[93.026,11.827],[93.025,11.827],[93.025,11.827],[93.024,11.827],[93.024,11.828],[93.024,11.828],[93.022,11.829],[93.022,11.829],[93.021,11.829],[93.021,11.829],[93.02,11.83],[93.02,11.83],[93.02,11.83],[93.019,11.83],[93.019,11.83],[93.018,11.83],[93.018,11.831],[93.017,11.831],[93.017,11.83],[93.017,11.83],[93.017,11.83],[93.017,11.83],[93.017,11.829],[93.016,11.829],[93.016,11.829],[93.016,11.828],[93.015,11.829],[93.015,11.83],[93.014,11.831],[93.014,11.831],[93.014,11.831],[93.014,11.832],[93.014,11.832],[93.014,11.833],[93.014,11.833],[93.014,11.833],[93.014,11.834],[93.014,11.834],[93.014,11.834],[93.014,11.835],[93.014,11.835],[93.014,11.835],[93.014,11.836],[93.014,11.836],[93.013,11.836],[93.013,11.837],[93.013,11.837],[93.013,11.837],[93.013,11.838],[93.012,11.838],[93.012,11.838],[93.012,11.839],[93.012,11.839],[93.012,11.839],[93.013,11.84],[93.013,11.84],[93.013,11.841],[93.013,11.841],[93.012,11.841],[93.012,11.842],[93.012,11.842],[93.012,11.843],[93.012,11.843],[93.012,11.843],[93.012,11.844],[93.012,11.844],[93.012,11.845],[93.012,11.845],[93.012,11.845],[93.012,11.846],[93.012,11.846],[93.012,11.847],[93.012,11.847],[93.012,11.847],[93.012,11.847],[93.012,11.848],[93.012,11.848],[93.012,11.848],[93.012,11.849],[93.013,11.849],[93.013,11.85],[93.013,11.85],[93.014,11.85],[93.014,11.849],[93.015,11.849],[93.015,11.849],[93.015,11.848],[93.015,11.848],[93.016,11.848],[93.016,11.847],[93.016,11.847],[93.016,11.847],[93.017,11.846],[93.017,11.846],[93.017,11.846],[93.018,11.846],[93.018,11.845],[93.018,11.845],[93.019,11.845],[93.019,11.844],[93.02,11.844],[93.02,11.844],[93.021,11.844],[93.021,11.843]]],[[[92.597,11.905],[92.596,11.905],[92.596,11.906],[92.596,11.906],[92.596,11.906],[92.596,11.909],[92.596,11.909],[92.596,11.91],[92.596,11.91],[92.596,11.911],[92.595,11.911],[92.596,11.912],[92.596,11.915],[92.596,11.915],[92.596,11.916],[92.596,11.916],[92.596,11.916],[92.597,11.917],[92.597,11.917],[92.597,11.918],[92.6,11.918],[92.601,11.918],[92.601,11.919],[92.601,11.919],[92.602,11.919],[92.602,11.918],[92.602,11.917],[92.602,11.916],[92.602,11.914],[92.601,11.914],[92.601,11.914],[92.601,11.913],[92.6,11.913],[92.6,11.913],[92.6,11.912],[92.6,11.912],[92.599,11.911],[92.599,11.91],[92.6,11.91],[92.6,11.909],[92.6,11.909],[92.6,11.908],[92.599,11.908],[92.599,11.908],[92.599,11.908],[92.599,11.907],[92.599,11.907],[92.599,11.906],[92.597,11.906],[92.597,11.906],[92.597,11.905]]],[[[92.566,11.95],[92.566,11.95],[92.567,11.95],[92.567,11.95],[92.568,11.95],[92.568,11.95],[92.568,11.95],[92.568,11.95],[92.568,11.949],[92.568,11.949],[92.569,11.949],[92.569,11.948],[92.569,11.948],[92.569,11.947],[92.569,11.947],[92.57,11.946],[92.57,11.946],[92.57,11.945],[92.569,11.945],[92.569,11.945],[92.569,11.944],[92.569,11.944],[92.569,11.944],[92.568,11.944],[92.568,11.944],[92.568,11.944],[92.567,11.945],[92.567,11.945],[92.567,11.945],[92.566,11.945],[92.566,11.945],[92.566,11.946],[92.565,11.946],[92.565,11.946],[92.565,11.947],[92.564,11.947],[92.564,11.947],[92.564,11.947],[92.563,11.947],[92.563,11.947],[92.563,11.947],[92.563,11.948],[92.563,11.948],[92.563,11.948],[92.563,11.949],[92.564,11.949],[92.564,11.95],[92.564,11.95],[92.565,11.95],[92.565,11.95],[92.566,11.95]]],[[[92.732,11.954],[92.732,11.954],[92.732,11.954],[92.732,11.953],[92.731,11.953],[92.731,11.953],[92.731,11.952],[92.73,11.952],[92.73,11.952],[92.73,11.951],[92.73,11.95],[92.73,11.95],[92.729,11.949],[92.729,11.949],[92.729,11.948],[92.729,11.948],[92.73,11.947],[92.73,11.947],[92.73,11.947],[92.73,11.946],[92.731,11.946],[92.731,11.946],[92.732,11.945],[92.732,11.945],[92.732,11.945],[92.732,11.945],[92.732,11.945],[92.732,11.944],[92.732,11.944],[92.731,11.944],[92.731,11.943],[92.73,11.943],[92.73,11.943],[92.729,11.943],[92.729,11.943],[92.729,11.942],[92.728,11.942],[92.728,11.942],[92.727,11.941],[92.727,11.941],[92.726,11.941],[92.726,11.941],[92.726,11.942],[92.726,11.942],[92.725,11.943],[92.725,11.943],[92.725,11.943],[92.725,11.944],[92.725,11.944],[92.725,11.945],[92.725,11.945],[92.724,11.945],[92.724,11.946],[92.724,11.947],[92.724,11.947],[92.724,11.948],[92.724,11.948],[92.725,11.948],[92.725,11.949],[92.725,11.949],[92.725,11.95],[92.725,11.951],[92.726,11.951],[92.726,11.952],[92.726,11.952],[92.727,11.953],[92.726,11.953],[92.726,11.953],[92.726,11.952],[92.726,11.952],[92.726,11.952],[92.725,11.952],[92.724,11.951],[92.723,11.951],[92.723,11.951],[92.723,11.952],[92.723,11.953],[92.723,11.953],[92.724,11.954],[92.724,11.954],[92.724,11.954],[92.725,11.954],[92.726,11.954],[92.726,11.955],[92.726,11.955],[92.726,11.956],[92.727,11.956],[92.727,11.956],[92.727,11.957],[92.728,11.957],[92.728,11.957],[92.729,11.957],[92.729,11.958],[92.73,11.958],[92.73,11.958],[92.73,11.958],[92.731,11.958],[92.731,11.959],[92.732,11.959],[92.732,11.959],[92.733,11.959],[92.733,11.959],[92.734,11.959],[92.734,11.959],[92.734,11.958],[92.734,11.957],[92.734,11.957],[92.733,11.956],[92.733,11.956],[92.733,11.955],[92.733,11.955],[92.733,11.955],[92.732,11.954]]],[[[92.743,11.965],[92.743,11.964],[92.742,11.965],[92.742,11.965],[92.742,11.966],[92.742,11.966],[92.742,11.967],[92.743,11.967],[92.743,11.967],[92.744,11.967],[92.744,11.967],[92.745,11.967],[92.745,11.967],[92.745,11.966],[92.745,11.966],[92.744,11.965],[92.744,11.965],[92.743,11.965]]],[[[92.75,11.968],[92.75,11.968],[92.751,11.968],[92.752,11.968],[92.753,11.968],[92.754,11.968],[92.754,11.968],[92.755,11.967],[92.755,11.967],[92.756,11.967],[92.756,11.967],[92.757,11.967],[92.757,11.967],[92.758,11.967],[92.76,11.967],[92.761,11.967],[92.762,11.967],[92.762,11.967],[92.763,11.967],[92.763,11.967],[92.763,11.966],[92.764,11.966],[92.764,11.965],[92.764,11.965],[92.764,11.965],[92.765,11.965],[92.766,11.965],[92.766,11.965],[92.766,11.964],[92.766,11.964],[92.766,11.964],[92.766,11.963],[92.766,11.963],[92.766,11.962],[92.766,11.962],[92.766,11.961],[92.766,11.961],[92.766,11.96],[92.766,11.96],[92.767,11.96],[92.767,11.959],[92.767,11.959],[92.767,11.958],[92.767,11.957],[92.767,11.957],[92.767,11.956],[92.767,11.956],[92.767,11.955],[92.767,11.955],[92.767,11.954],[92.766,11.954],[92.766,11.953],[92.766,11.953],[92.765,11.952],[92.765,11.952],[92.764,11.952],[92.764,11.951],[92.764,11.951],[92.763,11.951],[92.763,11.95],[92.763,11.95],[92.762,11.949],[92.762,11.949],[92.761,11.949],[92.761,11.949],[92.76,11.948],[92.76,11.948],[92.759,11.948],[92.759,11.948],[92.759,11.949],[92.758,11.949],[92.758,11.949],[92.757,11.949],[92.757,11.949],[92.756,11.949],[92.756,11.949],[92.756,11.948],[92.755,11.948],[92.755,11.947],[92.754,11.947],[92.754,11.947],[92.753,11.947],[92.753,11.946],[92.752,11.946],[92.752,11.946],[92.751,11.946],[92.751,11.946],[92.75,11.946],[92.75,11.946],[92.749,11.946],[92.749,11.945],[92.748,11.945],[92.748,11.945],[92.747,11.945],[92.747,11.945],[92.746,11.945],[92.746,11.945],[92.745,11.945],[92.745,11.945],[92.744,11.946],[92.744,11.946],[92.743,11.947],[92.743,11.947],[92.743,11.948],[92.742,11.948],[92.742,11.948],[92.742,11.949],[92.742,11.95],[92.741,11.95],[92.741,11.951],[92.741,11.951],[92.74,11.951],[92.739,11.952],[92.739,11.951],[92.738,11.951],[92.738,11.951],[92.737,11.951],[92.736,11.951],[92.736,11.952],[92.736,11.952],[92.736,11.953],[92.736,11.954],[92.737,11.955],[92.737,11.955],[92.737,11.956],[92.737,11.956],[92.738,11.957],[92.738,11.957],[92.738,11.958],[92.738,11.959],[92.738,11.959],[92.739,11.96],[92.739,11.96],[92.739,11.961],[92.739,11.961],[92.74,11.961],[92.74,11.962],[92.741,11.962],[92.741,11.962],[92.741,11.962],[92.742,11.962],[92.742,11.962],[92.743,11.962],[92.743,11.963],[92.744,11.963],[92.744,11.963],[92.745,11.963],[92.745,11.963],[92.745,11.962],[92.746,11.962],[92.747,11.962],[92.747,11.962],[92.747,11.962],[92.748,11.962],[92.748,11.963],[92.749,11.963],[92.749,11.963],[92.75,11.964],[92.75,11.964],[92.75,11.964],[92.75,11.965],[92.75,11.965],[92.75,11.966],[92.749,11.966],[92.749,11.966],[92.749,11.967],[92.749,11.968],[92.75,11.968],[92.75,11.968],[92.75,11.968]]],[[[92.596,11.976],[92.597,11.975],[92.597,11.974],[92.597,11.974],[92.597,11.974],[92.599,11.972],[92.599,11.972],[92.6,11.972],[92.601,11.971],[92.601,11.969],[92.601,11.968],[92.602,11.968],[92.602,11.968],[92.603,11.967],[92.603,11.967],[92.603,11.967],[92.603,11.966],[92.603,11.966],[92.603,11.966],[92.604,11.966],[92.604,11.965],[92.603,11.965],[92.603,11.964],[92.603,11.964],[92.603,11.964],[92.603,11.963],[92.603,11.963],[92.603,11.963],[92.604,11.962],[92.604,11.962],[92.603,11.961],[92.604,11.96],[92.604,11.959],[92.605,11.958],[92.605,11.956],[92.605,11.956],[92.605,11.956],[92.605,11.955],[92.605,11.954],[92.605,11.954],[92.606,11.953],[92.606,11.952],[92.607,11.951],[92.607,11.951],[92.607,11.949],[92.607,11.949],[92.607,11.949],[92.607,11.948],[92.607,11.948],[92.607,11.946],[92.607,11.945],[92.607,11.945],[92.608,11.944],[92.609,11.944],[92.609,11.943],[92.609,11.941],[92.609,11.94],[92.608,11.939],[92.608,11.939],[92.607,11.938],[92.607,11.938],[92.606,11.937],[92.605,11.936],[92.603,11.936],[92.604,11.936],[92.603,11.936],[92.603,11.935],[92.602,11.935],[92.602,11.934],[92.602,11.934],[92.602,11.931],[92.6,11.929],[92.6,11.929],[92.599,11.928],[92.599,11.928],[92.599,11.928],[92.599,11.928],[92.599,11.928],[92.598,11.929],[92.598,11.929],[92.598,11.929],[92.597,11.93],[92.597,11.931],[92.596,11.931],[92.597,11.931],[92.597,11.932],[92.597,11.932],[92.597,11.932],[92.596,11.933],[92.597,11.934],[92.597,11.934],[92.597,11.934],[92.597,11.935],[92.597,11.935],[92.597,11.936],[92.596,11.936],[92.596,11.937],[92.596,11.938],[92.596,11.938],[92.597,11.938],[92.597,11.941],[92.596,11.942],[92.596,11.943],[92.597,11.943],[92.597,11.945],[92.597,11.946],[92.597,11.946],[92.596,11.946],[92.596,11.95],[92.597,11.951],[92.597,11.952],[92.596,11.953],[92.597,11.954],[92.597,11.954],[92.596,11.954],[92.596,11.956],[92.596,11.956],[92.596,11.957],[92.596,11.957],[92.596,11.957],[92.596,11.958],[92.596,11.958],[92.596,11.961],[92.596,11.962],[92.596,11.962],[92.596,11.964],[92.596,11.964],[92.596,11.965],[92.595,11.966],[92.596,11.966],[92.596,11.966],[92.595,11.967],[92.595,11.967],[92.595,11.967],[92.595,11.968],[92.595,11.968],[92.595,11.968],[92.594,11.969],[92.592,11.969],[92.592,11.969],[92.592,11.97],[92.592,11.97],[92.591,11.971],[92.591,11.971],[92.591,11.971],[92.589,11.972],[92.589,11.973],[92.589,11.974],[92.589,11.975],[92.589,11.975],[92.589,11.975],[92.589,11.976],[92.589,11.976],[92.59,11.976],[92.591,11.976],[92.591,11.976],[92.592,11.976],[92.592,11.976],[92.592,11.977],[92.594,11.977],[92.595,11.977],[92.596,11.977],[92.596,11.977],[92.596,11.976]]],[[[92.583,11.976],[92.582,11.976],[92.582,11.976],[92.582,11.976],[92.581,11.977],[92.581,11.977],[92.581,11.978],[92.581,11.979],[92.581,11.979],[92.582,11.98],[92.582,11.981],[92.582,11.981],[92.582,11.981],[92.583,11.982],[92.583,11.982],[92.584,11.983],[92.584,11.983],[92.584,11.982],[92.584,11.982],[92.585,11.981],[92.585,11.981],[92.585,11.98],[92.585,11.98],[92.585,11.979],[92.585,11.979],[92.585,11.978],[92.585,11.978],[92.585,11.977],[92.585,11.977],[92.584,11.977],[92.584,11.976],[92.583,11.976],[92.583,11.976]]],[[[92.776,12.018],[92.776,12.017],[92.777,12.017],[92.777,12.016],[92.777,12.016],[92.776,12.016],[92.776,12.015],[92.776,12.015],[92.775,12.014],[92.775,12.014],[92.775,12.013],[92.775,12.013],[92.774,12.013],[92.774,12.013],[92.773,12.013],[92.772,12.013],[92.772,12.014],[92.771,12.014],[92.771,12.014],[92.771,12.015],[92.771,12.015],[92.771,12.016],[92.771,12.016],[92.771,12.017],[92.771,12.017],[92.771,12.018],[92.772,12.018],[92.773,12.017],[92.773,12.017],[92.773,12.017],[92.774,12.017],[92.774,12.018],[92.774,12.018],[92.774,12.018],[92.775,12.019],[92.775,12.019],[92.775,12.018],[92.776,12.018]]],[[[92.97,12.034],[92.97,12.034],[92.97,12.034],[92.971,12.035],[92.972,12.035],[92.972,12.035],[92.972,12.036],[92.972,12.036],[92.972,12.036],[92.973,12.036],[92.973,12.037],[92.973,12.037],[92.973,12.037],[92.974,12.037],[92.974,12.036],[92.974,12.037],[92.974,12.037],[92.975,12.037],[92.975,12.037],[92.975,12.038],[92.975,12.038],[92.975,12.038],[92.974,12.039],[92.974,12.039],[92.974,12.04],[92.974,12.04],[92.974,12.041],[92.974,12.041],[92.974,12.042],[92.974,12.042],[92.975,12.042],[92.975,12.042],[92.975,12.042],[92.978,12.042],[92.978,12.042],[92.979,12.042],[92.979,12.042],[92.979,12.042],[92.98,12.042],[92.98,12.043],[92.981,12.043],[92.981,12.043],[92.981,12.043],[92.982,12.043],[92.982,12.043],[92.982,12.043],[92.982,12.043],[92.982,12.044],[92.982,12.044],[92.983,12.043],[92.983,12.043],[92.983,12.042],[92.984,12.042],[92.984,12.042],[92.984,12.042],[92.984,12.041],[92.985,12.041],[92.985,12.041],[92.985,12.04],[92.985,12.04],[92.985,12.04],[92.985,12.04],[92.986,12.039],[92.986,12.039],[92.986,12.039],[92.987,12.038],[92.987,12.038],[92.988,12.038],[92.988,12.038],[92.989,12.037],[92.989,12.037],[92.99,12.037],[92.99,12.037],[92.991,12.036],[92.992,12.036],[92.992,12.036],[92.993,12.036],[92.994,12.036],[92.994,12.036],[92.994,12.036],[92.995,12.036],[92.995,12.035],[92.996,12.035],[92.996,12.035],[92.996,12.035],[92.996,12.035],[92.996,12.035],[92.997,12.034],[92.997,12.034],[92.997,12.034],[92.998,12.034],[92.999,12.034],[92.999,12.033],[92.999,12.033],[92.999,12.032],[92.999,12.032],[93,12.031],[93.001,12.031],[93.001,12.031],[93.001,12.031],[93.002,12.03],[93.003,12.03],[93.003,12.029],[93.003,12.029],[93.004,12.028],[93.004,12.028],[93.004,12.028],[93.004,12.027],[93.004,12.027],[93.004,12.027],[93.005,12.027],[93.005,12.026],[93.006,12.026],[93.006,12.025],[93.006,12.025],[93.006,12.024],[93.006,12.024],[93.006,12.024],[93.007,12.024],[93.007,12.023],[93.007,12.023],[93.007,12.022],[93.007,12.022],[93.007,12.022],[93.009,12.02],[93.009,12.02],[93.009,12.019],[93.009,12.019],[93.009,12.019],[93.009,12.018],[93.01,12.018],[93.01,12.018],[93.01,12.017],[93.01,12.014],[93.01,12.013],[93.01,12.013],[93.01,12.012],[93.009,12.012],[93.009,12.011],[93.009,12.01],[93.009,12.009],[93.008,12.009],[93.008,12.009],[93.008,12.008],[93.008,12.008],[93.008,12.008],[93.008,12.007],[93.007,12.007],[93.007,12.006],[93.007,12.005],[93.007,12.005],[93.007,12.004],[93.007,12.002],[93.007,12.001],[93.007,12],[93.007,12],[93.008,12],[93.008,11.999],[93.008,11.999],[93.008,11.998],[93.009,11.998],[93.009,11.997],[93.009,11.997],[93.009,11.997],[93.009,11.996],[93.009,11.996],[93.01,11.996],[93.01,11.995],[93.01,11.995],[93.01,11.995],[93.01,11.994],[93.01,11.994],[93.011,11.994],[93.011,11.993],[93.011,11.993],[93.011,11.992],[93.011,11.992],[93.011,11.992],[93.012,11.991],[93.012,11.991],[93.012,11.991],[93.012,11.99],[93.012,11.99],[93.013,11.989],[93.013,11.989],[93.013,11.988],[93.013,11.988],[93.014,11.987],[93.014,11.987],[93.014,11.986],[93.014,11.986],[93.014,11.986],[93.014,11.985],[93.014,11.985],[93.015,11.984],[93.015,11.984],[93.015,11.983],[93.015,11.983],[93.016,11.982],[93.016,11.982],[93.016,11.981],[93.016,11.981],[93.016,11.981],[93.016,11.98],[93.017,11.98],[93.017,11.98],[93.017,11.979],[93.017,11.979],[93.018,11.979],[93.018,11.978],[93.018,11.978],[93.018,11.978],[93.018,11.977],[93.019,11.977],[93.019,11.977],[93.019,11.976],[93.019,11.976],[93.019,11.976],[93.02,11.975],[93.02,11.975],[93.02,11.974],[93.02,11.974],[93.021,11.973],[93.021,11.973],[93.021,11.972],[93.021,11.972],[93.022,11.972],[93.022,11.971],[93.022,11.971],[93.022,11.97],[93.022,11.97],[93.023,11.97],[93.023,11.969],[93.023,11.969],[93.023,11.969],[93.023,11.968],[93.024,11.968],[93.024,11.968],[93.024,11.968],[93.024,11.967],[93.025,11.967],[93.025,11.966],[93.025,11.966],[93.025,11.965],[93.025,11.965],[93.026,11.964],[93.026,11.964],[93.026,11.964],[93.026,11.963],[93.026,11.963],[93.026,11.962],[93.026,11.962],[93.026,11.962],[93.026,11.961],[93.026,11.961],[93.026,11.96],[93.026,11.96],[93.026,11.96],[93.026,11.959],[93.026,11.959],[93.026,11.958],[93.026,11.958],[93.026,11.958],[93.027,11.957],[93.027,11.957],[93.027,11.957],[93.027,11.956],[93.027,11.956],[93.027,11.956],[93.027,11.955],[93.027,11.955],[93.028,11.955],[93.028,11.954],[93.028,11.954],[93.028,11.954],[93.028,11.953],[93.028,11.953],[93.028,11.953],[93.028,11.952],[93.028,11.952],[93.028,11.951],[93.029,11.951],[93.029,11.951],[93.029,11.951],[93.029,11.95],[93.029,11.95],[93.03,11.95],[93.03,11.949],[93.03,11.949],[93.031,11.949],[93.031,11.948],[93.031,11.948],[93.032,11.948],[93.032,11.949],[93.032,11.949],[93.033,11.949],[93.033,11.949],[93.033,11.949],[93.034,11.949],[93.034,11.949],[93.034,11.949],[93.035,11.949],[93.035,11.949],[93.036,11.949],[93.036,11.949],[93.037,11.948],[93.037,11.948],[93.037,11.947],[93.037,11.947],[93.037,11.946],[93.037,11.946],[93.037,11.945],[93.037,11.945],[93.037,11.944],[93.037,11.944],[93.038,11.944],[93.038,11.944],[93.038,11.944],[93.039,11.943],[93.038,11.943],[93.039,11.942],[93.039,11.942],[93.039,11.942],[93.039,11.941],[93.04,11.941],[93.04,11.94],[93.04,11.94],[93.04,11.94],[93.04,11.939],[93.04,11.939],[93.041,11.939],[93.041,11.939],[93.041,11.938],[93.041,11.938],[93.041,11.937],[93.041,11.937],[93.041,11.937],[93.042,11.936],[93.042,11.936],[93.042,11.935],[93.042,11.935],[93.042,11.934],[93.042,11.934],[93.042,11.934],[93.042,11.933],[93.042,11.933],[93.043,11.933],[93.043,11.932],[93.043,11.932],[93.043,11.932],[93.044,11.931],[93.044,11.931],[93.044,11.93],[93.044,11.93],[93.045,11.93],[93.045,11.929],[93.045,11.929],[93.045,11.929],[93.045,11.928],[93.045,11.928],[93.045,11.928],[93.045,11.927],[93.045,11.927],[93.045,11.927],[93.045,11.926],[93.045,11.926],[93.046,11.926],[93.046,11.925],[93.046,11.925],[93.046,11.925],[93.047,11.924],[93.047,11.924],[93.047,11.924],[93.047,11.923],[93.046,11.923],[93.046,11.923],[93.046,11.923],[93.046,11.922],[93.045,11.922],[93.046,11.921],[93.046,11.921],[93.047,11.921],[93.047,11.921],[93.047,11.921],[93.047,11.921],[93.048,11.921],[93.048,11.92],[93.048,11.92],[93.048,11.919],[93.048,11.919],[93.048,11.919],[93.047,11.918],[93.047,11.918],[93.047,11.917],[93.047,11.917],[93.047,11.916],[93.047,11.916],[93.048,11.915],[93.048,11.915],[93.048,11.914],[93.048,11.914],[93.048,11.913],[93.048,11.913],[93.049,11.913],[93.049,11.912],[93.049,11.912],[93.05,11.912],[93.049,11.911],[93.049,11.911],[93.049,11.91],[93.049,11.91],[93.049,11.909],[93.049,11.909],[93.049,11.909],[93.049,11.908],[93.05,11.908],[93.05,11.908],[93.05,11.907],[93.051,11.907],[93.051,11.907],[93.051,11.906],[93.051,11.906],[93.052,11.906],[93.052,11.905],[93.052,11.905],[93.053,11.905],[93.053,11.905],[93.053,11.904],[93.053,11.904],[93.054,11.904],[93.054,11.903],[93.054,11.903],[93.054,11.902],[93.054,11.901],[93.054,11.901],[93.054,11.9],[93.054,11.9],[93.054,11.9],[93.054,11.899],[93.054,11.899],[93.054,11.898],[93.054,11.897],[93.054,11.897],[93.054,11.896],[93.054,11.896],[93.053,11.895],[93.053,11.895],[93.053,11.894],[93.053,11.894],[93.052,11.893],[93.052,11.893],[93.052,11.893],[93.052,11.893],[93.052,11.892],[93.052,11.892],[93.052,11.892],[93.052,11.891],[93.051,11.891],[93.051,11.891],[93.051,11.89],[93.051,11.89],[93.05,11.889],[93.05,11.889],[93.05,11.889],[93.05,11.889],[93.049,11.888],[93.049,11.888],[93.049,11.888],[93.049,11.887],[93.048,11.887],[93.048,11.886],[93.048,11.886],[93.047,11.886],[93.047,11.886],[93.047,11.885],[93.047,11.885],[93.046,11.885],[93.046,11.884],[93.046,11.884],[93.046,11.884],[93.045,11.884],[93.045,11.884],[93.044,11.884],[93.044,11.883],[93.044,11.883],[93.044,11.883],[93.043,11.883],[93.043,11.883],[93.043,11.882],[93.042,11.882],[93.042,11.882],[93.042,11.882],[93.041,11.882],[93.041,11.882],[93.04,11.882],[93.04,11.882],[93.039,11.882],[93.039,11.882],[93.039,11.882],[93.039,11.882],[93.038,11.882],[93.038,11.882],[93.037,11.882],[93.037,11.882],[93.036,11.882],[93.036,11.882],[93.036,11.882],[93.035,11.882],[93.034,11.882],[93.034,11.882],[93.033,11.883],[93.033,11.883],[93.032,11.883],[93.032,11.883],[93.032,11.884],[93.031,11.884],[93.031,11.884],[93.031,11.885],[93.03,11.885],[93.03,11.885],[93.029,11.885],[93.029,11.886],[93.029,11.886],[93.028,11.886],[93.028,11.887],[93.027,11.887],[93.027,11.887],[93.026,11.888],[93.026,11.888],[93.025,11.888],[93.025,11.889],[93.025,11.89],[93.025,11.89],[93.025,11.891],[93.025,11.891],[93.025,11.891],[93.024,11.892],[93.024,11.892],[93.024,11.892],[93.023,11.893],[93.023,11.893],[93.023,11.894],[93.023,11.895],[93.023,11.895],[93.023,11.896],[93.023,11.896],[93.023,11.896],[93.023,11.897],[93.023,11.897],[93.023,11.897],[93.022,11.897],[93.022,11.898],[93.022,11.899],[93.022,11.899],[93.022,11.899],[93.022,11.9],[93.022,11.9],[93.023,11.9],[93.022,11.901],[93.022,11.901],[93.022,11.901],[93.022,11.902],[93.022,11.902],[93.022,11.902],[93.021,11.903],[93.021,11.903],[93.021,11.903],[93.02,11.904],[93.02,11.904],[93.02,11.905],[93.02,11.905],[93.02,11.906],[93.019,11.906],[93.019,11.907],[93.019,11.907],[93.019,11.907],[93.019,11.907],[93.019,11.908],[93.018,11.908],[93.018,11.909],[93.018,11.909],[93.018,11.909],[93.017,11.91],[93.017,11.91],[93.017,11.91],[93.017,11.911],[93.017,11.911],[93.017,11.911],[93.016,11.911],[93.016,11.912],[93.016,11.912],[93.016,11.912],[93.016,11.913],[93.015,11.913],[93.015,11.913],[93.015,11.914],[93.015,11.914],[93.014,11.914],[93.014,11.915],[93.014,11.915],[93.013,11.915],[93.013,11.915],[93.013,11.916],[93.013,11.916],[93.012,11.916],[93.012,11.917],[93.012,11.917],[93.012,11.917],[93.012,11.918],[93.012,11.918],[93.012,11.918],[93.012,11.918],[93.012,11.919],[93.011,11.919],[93.011,11.919],[93.011,11.92],[93.011,11.92],[93.01,11.92],[93.01,11.921],[93.01,11.921],[93.01,11.922],[93.009,11.922],[93.009,11.923],[93.009,11.923],[93.008,11.924],[93.008,11.924],[93.008,11.925],[93.007,11.925],[93.007,11.926],[93.007,11.926],[93.007,11.927],[93.007,11.927],[93.006,11.928],[93.006,11.928],[93.006,11.928],[93.006,11.928],[93.006,11.929],[93.004,11.931],[93.004,11.931],[93.003,11.931],[93.003,11.931],[93.003,11.931],[93.002,11.932],[93.002,11.932],[93.002,11.932],[93,11.934],[93,11.934],[92.999,11.934],[92.999,11.934],[92.998,11.934],[92.998,11.935],[92.998,11.935],[92.998,11.935],[92.998,11.936],[92.998,11.937],[92.998,11.937],[92.999,11.937],[92.998,11.938],[92.998,11.938],[92.998,11.939],[92.997,11.939],[92.997,11.94],[92.996,11.94],[92.996,11.939],[92.995,11.939],[92.995,11.94],[92.995,11.94],[92.995,11.941],[92.994,11.942],[92.995,11.942],[92.995,11.942],[92.995,11.942],[92.995,11.943],[92.996,11.943],[92.996,11.943],[92.996,11.943],[92.996,11.944],[92.997,11.944],[92.997,11.945],[92.998,11.945],[92.998,11.946],[92.999,11.946],[93,11.946],[93,11.946],[93,11.946],[93.001,11.946],[93.001,11.947],[93.001,11.947],[93.002,11.947],[93.002,11.948],[93.002,11.948],[93.002,11.948],[93.001,11.948],[93.001,11.949],[93,11.95],[93,11.95],[93,11.95],[93,11.95],[93,11.949],[93,11.949],[92.999,11.948],[92.999,11.948],[92.999,11.948],[92.998,11.947],[92.997,11.947],[92.997,11.947],[92.997,11.947],[92.996,11.947],[92.995,11.948],[92.995,11.948],[92.995,11.949],[92.994,11.949],[92.994,11.95],[92.994,11.95],[92.993,11.95],[92.993,11.95],[92.992,11.951],[92.992,11.951],[92.991,11.951],[92.991,11.951],[92.99,11.951],[92.99,11.951],[92.989,11.95],[92.989,11.95],[92.988,11.95],[92.988,11.95],[92.988,11.949],[92.988,11.949],[92.987,11.949],[92.987,11.948],[92.987,11.948],[92.986,11.947],[92.986,11.947],[92.986,11.946],[92.986,11.946],[92.986,11.946],[92.986,11.945],[92.986,11.945],[92.985,11.945],[92.984,11.945],[92.983,11.945],[92.983,11.946],[92.982,11.946],[92.982,11.946],[92.981,11.946],[92.981,11.946],[92.98,11.946],[92.98,11.947],[92.979,11.947],[92.979,11.947],[92.978,11.947],[92.978,11.947],[92.977,11.947],[92.977,11.948],[92.977,11.948],[92.976,11.948],[92.976,11.948],[92.975,11.948],[92.975,11.948],[92.974,11.948],[92.974,11.949],[92.973,11.949],[92.973,11.95],[92.973,11.95],[92.972,11.951],[92.972,11.951],[92.972,11.952],[92.971,11.952],[92.971,11.952],[92.971,11.953],[92.971,11.953],[92.971,11.953],[92.97,11.954],[92.97,11.954],[92.97,11.955],[92.969,11.955],[92.969,11.955],[92.969,11.956],[92.969,11.956],[92.968,11.957],[92.968,11.957],[92.968,11.957],[92.968,11.958],[92.968,11.958],[92.968,11.959],[92.968,11.959],[92.968,11.959],[92.967,11.96],[92.967,11.96],[92.967,11.96],[92.967,11.961],[92.967,11.961],[92.967,11.962],[92.966,11.962],[92.966,11.963],[92.966,11.963],[92.966,11.964],[92.966,11.964],[92.966,11.965],[92.966,11.965],[92.966,11.966],[92.966,11.966],[92.966,11.966],[92.966,11.967],[92.966,11.967],[92.966,11.967],[92.965,11.968],[92.965,11.968],[92.965,11.968],[92.965,11.969],[92.965,11.969],[92.964,11.969],[92.964,11.97],[92.964,11.97],[92.963,11.971],[92.963,11.971],[92.963,11.972],[92.963,11.972],[92.963,11.973],[92.963,11.973],[92.963,11.974],[92.962,11.975],[92.962,11.975],[92.962,11.976],[92.962,11.976],[92.962,11.976],[92.961,11.977],[92.961,11.977],[92.961,11.978],[92.961,11.978],[92.961,11.978],[92.961,11.979],[92.961,11.979],[92.961,11.979],[92.961,11.98],[92.961,11.98],[92.96,11.981],[92.96,11.981],[92.96,11.981],[92.959,11.982],[92.959,11.982],[92.958,11.982],[92.958,11.982],[92.957,11.983],[92.957,11.983],[92.956,11.983],[92.956,11.983],[92.955,11.983],[92.955,11.983],[92.955,11.984],[92.954,11.984],[92.954,11.984],[92.953,11.984],[92.952,11.984],[92.952,11.984],[92.951,11.984],[92.951,11.985],[92.95,11.985],[92.949,11.985],[92.949,11.985],[92.948,11.985],[92.947,11.985],[92.946,11.985],[92.946,11.985],[92.945,11.985],[92.944,11.985],[92.944,11.985],[92.943,11.985],[92.942,11.985],[92.942,11.985],[92.941,11.986],[92.941,11.986],[92.941,11.986],[92.94,11.986],[92.94,11.986],[92.939,11.986],[92.939,11.986],[92.939,11.985],[92.938,11.985],[92.938,11.985],[92.937,11.985],[92.937,11.985],[92.936,11.985],[92.936,11.985],[92.935,11.985],[92.935,11.985],[92.934,11.985],[92.934,11.985],[92.933,11.986],[92.933,11.986],[92.933,11.987],[92.932,11.987],[92.932,11.988],[92.932,11.989],[92.932,11.989],[92.932,11.989],[92.932,11.99],[92.932,11.99],[92.932,11.991],[92.931,11.991],[92.931,11.991],[92.931,11.992],[92.931,11.992],[92.931,11.993],[92.93,11.993],[92.93,11.993],[92.929,11.993],[92.929,11.994],[92.929,11.994],[92.928,11.994],[92.928,11.994],[92.927,11.994],[92.926,11.995],[92.926,11.995],[92.926,11.996],[92.925,11.996],[92.925,11.997],[92.925,11.998],[92.925,11.998],[92.926,11.998],[92.927,11.999],[92.927,11.999],[92.927,11.999],[92.928,11.999],[92.928,12],[92.928,12],[92.929,12.001],[92.929,12.001],[92.929,12.002],[92.929,12.002],[92.929,12.003],[92.929,12.003],[92.929,12.004],[92.93,12.004],[92.93,12.005],[92.93,12.005],[92.93,12.005],[92.931,12.005],[92.931,12.006],[92.931,12.006],[92.931,12.006],[92.932,12.006],[92.932,12.006],[92.933,12.006],[92.933,12.006],[92.933,12.006],[92.934,12.006],[92.934,12.006],[92.935,12.006],[92.935,12.006],[92.936,12.007],[92.936,12.006],[92.937,12.006],[92.937,12.006],[92.938,12.006],[92.938,12.006],[92.939,12.007],[92.939,12.007],[92.94,12.007],[92.94,12.007],[92.941,12.007],[92.941,12.007],[92.942,12.007],[92.942,12.007],[92.943,12.008],[92.943,12.008],[92.943,12.008],[92.944,12.008],[92.944,12.008],[92.945,12.009],[92.945,12.009],[92.946,12.009],[92.946,12.009],[92.947,12.009],[92.947,12.01],[92.947,12.01],[92.948,12.01],[92.948,12.011],[92.948,12.011],[92.949,12.011],[92.949,12.011],[92.949,12.012],[92.95,12.012],[92.95,12.012],[92.95,12.013],[92.951,12.013],[92.951,12.014],[92.951,12.014],[92.951,12.014],[92.951,12.015],[92.951,12.015],[92.952,12.016],[92.952,12.017],[92.952,12.017],[92.952,12.018],[92.953,12.018],[92.953,12.018],[92.953,12.019],[92.953,12.019],[92.953,12.019],[92.954,12.02],[92.954,12.02],[92.954,12.021],[92.954,12.021],[92.955,12.021],[92.955,12.022],[92.955,12.022],[92.956,12.022],[92.956,12.023],[92.956,12.023],[92.956,12.024],[92.957,12.024],[92.957,12.024],[92.957,12.025],[92.958,12.025],[92.958,12.025],[92.958,12.026],[92.959,12.026],[92.959,12.026],[92.959,12.027],[92.959,12.027],[92.96,12.027],[92.96,12.028],[92.96,12.028],[92.96,12.029],[92.961,12.029],[92.961,12.03],[92.961,12.03],[92.962,12.03],[92.962,12.031],[92.962,12.031],[92.962,12.031],[92.962,12.032],[92.962,12.032],[92.962,12.033],[92.962,12.034],[92.963,12.035],[92.963,12.035],[92.963,12.036],[92.963,12.036],[92.963,12.037],[92.963,12.037],[92.963,12.037],[92.963,12.039],[92.963,12.039],[92.963,12.04],[92.963,12.04],[92.963,12.041],[92.963,12.041],[92.963,12.042],[92.963,12.042],[92.963,12.043],[92.963,12.043],[92.963,12.044],[92.963,12.044],[92.963,12.045],[92.963,12.045],[92.963,12.046],[92.964,12.046],[92.964,12.047],[92.964,12.047],[92.964,12.048],[92.964,12.048],[92.964,12.048],[92.964,12.049],[92.965,12.05],[92.966,12.049],[92.966,12.048],[92.966,12.048],[92.966,12.046],[92.965,12.045],[92.965,12.044],[92.966,12.044],[92.966,12.043],[92.966,12.043],[92.966,12.042],[92.966,12.042],[92.966,12.042],[92.966,12.041],[92.966,12.041],[92.966,12.04],[92.966,12.04],[92.967,12.039],[92.967,12.039],[92.967,12.038],[92.967,12.038],[92.968,12.037],[92.968,12.037],[92.968,12.036],[92.968,12.036],[92.968,12.035],[92.969,12.035],[92.969,12.034],[92.969,12.034],[92.97,12.034]]],[[[92.97,12.064],[92.97,12.064],[92.97,12.064],[92.97,12.064],[92.97,12.064],[92.97,12.065],[92.969,12.065],[92.969,12.065],[92.97,12.065],[92.97,12.065],[92.97,12.065],[92.97,12.065],[92.971,12.065],[92.971,12.065],[92.971,12.065],[92.971,12.064],[92.971,12.064],[92.97,12.064],[92.97,12.064],[92.97,12.064]]],[[[92.991,12.109],[92.992,12.108],[92.992,12.107],[92.993,12.107],[92.993,12.107],[92.994,12.107],[92.994,12.107],[92.994,12.107],[92.994,12.107],[92.994,12.107],[92.995,12.107],[92.995,12.107],[92.995,12.107],[92.996,12.107],[92.996,12.107],[92.997,12.106],[92.997,12.106],[92.997,12.106],[92.998,12.106],[92.998,12.106],[92.999,12.106],[93,12.105],[93,12.105],[93.001,12.105],[93.001,12.106],[93.001,12.105],[93.002,12.105],[93.002,12.105],[93.002,12.105],[93.003,12.105],[93.003,12.105],[93.003,12.105],[93.003,12.105],[93.004,12.104],[93.004,12.104],[93.005,12.104],[93.005,12.103],[93.005,12.103],[93.005,12.099],[93.005,12.099],[93.004,12.098],[93.004,12.098],[93.004,12.098],[93.004,12.097],[93.004,12.097],[93.004,12.095],[93.004,12.094],[93.004,12.094],[93.004,12.094],[93.003,12.093],[93.003,12.092],[93.002,12.092],[93.002,12.092],[93.002,12.091],[93.002,12.089],[93.002,12.089],[93.002,12.089],[93.002,12.088],[93.002,12.088],[93.002,12.088],[93.001,12.087],[93.001,12.087],[93.001,12.087],[93.001,12.087],[93.001,12.086],[93.001,12.084],[93.001,12.084],[93.001,12.081],[93.001,12.081],[93.001,12.079],[93.001,12.079],[93.001,12.078],[93,12.078],[93,12.077],[93,12.077],[93.002,12.075],[93.002,12.074],[93.001,12.074],[93.001,12.074],[93,12.074],[93,12.074],[93,12.074],[92.999,12.073],[92.999,12.073],[92.999,12.073],[92.999,12.072],[92.999,12.072],[92.999,12.071],[92.999,12.071],[93,12.071],[93,12.07],[93,12.07],[93.001,12.07],[93.001,12.069],[93.001,12.068],[93.001,12.068],[93.001,12.067],[93,12.067],[93,12.067],[93,12.067],[92.999,12.067],[92.999,12.066],[92.999,12.066],[92.999,12.066],[92.998,12.066],[92.998,12.066],[92.998,12.065],[92.998,12.065],[92.998,12.064],[92.998,12.064],[92.999,12.064],[92.999,12.064],[92.999,12.064],[93,12.063],[93.001,12.063],[93.002,12.062],[93.002,12.062],[93.001,12.061],[93.001,12.061],[93.001,12.061],[93.001,12.06],[93.001,12.06],[93.001,12.06],[93.001,12.059],[93,12.059],[93,12.059],[93,12.059],[92.999,12.058],[93,12.058],[93,12.058],[93,12.057],[93,12.056],[93,12.056],[93,12.056],[92.999,12.055],[92.999,12.055],[92.999,12.054],[92.999,12.054],[92.999,12.054],[92.999,12.053],[93,12.053],[93,12.053],[93,12.052],[93,12.052],[93.001,12.052],[93.001,12.051],[93.001,12.051],[93.001,12.051],[93.001,12.051],[93.001,12.05],[93.001,12.05],[93.001,12.05],[93,12.05],[93,12.049],[93,12.049],[93,12.048],[92.999,12.048],[92.999,12.047],[92.999,12.047],[92.999,12.047],[92.999,12.046],[92.998,12.046],[92.998,12.046],[92.998,12.046],[92.998,12.045],[92.997,12.045],[92.997,12.045],[92.997,12.045],[92.996,12.045],[92.996,12.044],[92.995,12.044],[92.995,12.044],[92.994,12.044],[92.994,12.044],[92.993,12.044],[92.993,12.044],[92.992,12.044],[92.992,12.044],[92.991,12.044],[92.991,12.044],[92.99,12.044],[92.99,12.045],[92.99,12.045],[92.989,12.045],[92.989,12.046],[92.989,12.046],[92.989,12.046],[92.988,12.046],[92.988,12.046],[92.988,12.046],[92.988,12.047],[92.988,12.047],[92.987,12.047],[92.987,12.047],[92.986,12.048],[92.986,12.048],[92.986,12.048],[92.986,12.048],[92.985,12.049],[92.985,12.049],[92.984,12.05],[92.984,12.05],[92.984,12.05],[92.982,12.05],[92.982,12.05],[92.981,12.05],[92.98,12.051],[92.98,12.051],[92.98,12.052],[92.98,12.053],[92.98,12.053],[92.98,12.054],[92.98,12.055],[92.98,12.055],[92.979,12.056],[92.979,12.056],[92.978,12.057],[92.978,12.057],[92.977,12.058],[92.977,12.058],[92.977,12.058],[92.976,12.059],[92.976,12.059],[92.976,12.059],[92.976,12.06],[92.976,12.06],[92.976,12.061],[92.976,12.061],[92.975,12.061],[92.975,12.061],[92.975,12.061],[92.975,12.06],[92.975,12.06],[92.975,12.06],[92.975,12.06],[92.975,12.059],[92.975,12.059],[92.974,12.059],[92.974,12.059],[92.973,12.06],[92.973,12.06],[92.973,12.06],[92.973,12.061],[92.973,12.061],[92.973,12.062],[92.973,12.063],[92.974,12.063],[92.974,12.064],[92.974,12.064],[92.975,12.064],[92.975,12.065],[92.975,12.065],[92.975,12.065],[92.975,12.066],[92.975,12.066],[92.975,12.066],[92.974,12.065],[92.974,12.065],[92.973,12.065],[92.973,12.065],[92.972,12.065],[92.972,12.066],[92.972,12.066],[92.972,12.066],[92.971,12.067],[92.971,12.067],[92.97,12.067],[92.97,12.068],[92.969,12.068],[92.969,12.068],[92.968,12.068],[92.968,12.068],[92.968,12.068],[92.967,12.068],[92.967,12.068],[92.966,12.068],[92.966,12.068],[92.966,12.068],[92.965,12.068],[92.964,12.069],[92.964,12.069],[92.964,12.069],[92.964,12.069],[92.963,12.071],[92.962,12.072],[92.962,12.072],[92.962,12.073],[92.962,12.073],[92.962,12.074],[92.962,12.074],[92.962,12.075],[92.962,12.075],[92.961,12.076],[92.961,12.077],[92.961,12.077],[92.961,12.078],[92.961,12.078],[92.961,12.078],[92.961,12.079],[92.961,12.079],[92.96,12.08],[92.96,12.08],[92.961,12.081],[92.96,12.081],[92.96,12.081],[92.961,12.083],[92.961,12.083],[92.962,12.083],[92.962,12.084],[92.963,12.084],[92.963,12.084],[92.964,12.084],[92.964,12.084],[92.965,12.085],[92.965,12.085],[92.966,12.085],[92.966,12.085],[92.966,12.085],[92.967,12.085],[92.967,12.086],[92.967,12.086],[92.968,12.086],[92.968,12.086],[92.968,12.086],[92.968,12.086],[92.968,12.086],[92.969,12.086],[92.969,12.086],[92.969,12.086],[92.969,12.086],[92.969,12.086],[92.97,12.086],[92.97,12.086],[92.971,12.087],[92.971,12.087],[92.971,12.087],[92.971,12.088],[92.971,12.088],[92.971,12.089],[92.971,12.089],[92.97,12.089],[92.97,12.09],[92.97,12.09],[92.97,12.09],[92.97,12.09],[92.97,12.091],[92.97,12.091],[92.969,12.091],[92.969,12.091],[92.968,12.091],[92.968,12.09],[92.967,12.09],[92.967,12.09],[92.966,12.09],[92.966,12.09],[92.965,12.09],[92.965,12.09],[92.965,12.091],[92.965,12.092],[92.965,12.092],[92.965,12.092],[92.965,12.093],[92.965,12.093],[92.965,12.093],[92.966,12.094],[92.966,12.094],[92.965,12.094],[92.965,12.094],[92.965,12.094],[92.965,12.094],[92.964,12.094],[92.964,12.094],[92.964,12.094],[92.963,12.094],[92.963,12.093],[92.962,12.093],[92.962,12.093],[92.961,12.093],[92.961,12.094],[92.961,12.094],[92.961,12.094],[92.961,12.095],[92.961,12.095],[92.961,12.095],[92.962,12.095],[92.962,12.096],[92.962,12.097],[92.962,12.097],[92.962,12.098],[92.962,12.098],[92.962,12.098],[92.962,12.099],[92.961,12.099],[92.962,12.1],[92.962,12.1],[92.962,12.101],[92.962,12.101],[92.961,12.102],[92.961,12.102],[92.96,12.104],[92.96,12.104],[92.96,12.104],[92.96,12.105],[92.96,12.105],[92.96,12.106],[92.96,12.106],[92.96,12.106],[92.96,12.107],[92.96,12.107],[92.961,12.108],[92.961,12.108],[92.962,12.108],[92.962,12.108],[92.963,12.108],[92.963,12.108],[92.963,12.107],[92.964,12.107],[92.964,12.107],[92.965,12.108],[92.965,12.108],[92.965,12.108],[92.965,12.108],[92.965,12.109],[92.965,12.109],[92.966,12.109],[92.966,12.109],[92.966,12.109],[92.966,12.109],[92.967,12.109],[92.967,12.108],[92.968,12.108],[92.968,12.108],[92.968,12.107],[92.969,12.107],[92.969,12.106],[92.969,12.106],[92.97,12.106],[92.97,12.106],[92.97,12.106],[92.97,12.106],[92.97,12.105],[92.97,12.105],[92.97,12.104],[92.971,12.104],[92.971,12.104],[92.971,12.104],[92.972,12.104],[92.972,12.103],[92.973,12.103],[92.973,12.103],[92.973,12.102],[92.974,12.102],[92.974,12.102],[92.974,12.102],[92.975,12.103],[92.975,12.103],[92.976,12.103],[92.976,12.103],[92.977,12.103],[92.977,12.103],[92.977,12.104],[92.977,12.104],[92.977,12.104],[92.976,12.104],[92.976,12.104],[92.976,12.103],[92.975,12.103],[92.974,12.104],[92.974,12.104],[92.974,12.104],[92.974,12.105],[92.974,12.105],[92.974,12.105],[92.974,12.105],[92.974,12.105],[92.975,12.105],[92.975,12.106],[92.975,12.106],[92.975,12.106],[92.975,12.106],[92.976,12.106],[92.976,12.106],[92.976,12.106],[92.977,12.106],[92.977,12.105],[92.978,12.106],[92.978,12.106],[92.978,12.106],[92.978,12.106],[92.979,12.106],[92.979,12.106],[92.979,12.107],[92.98,12.106],[92.98,12.106],[92.98,12.106],[92.981,12.106],[92.981,12.106],[92.982,12.106],[92.982,12.106],[92.982,12.107],[92.983,12.107],[92.983,12.107],[92.983,12.108],[92.983,12.108],[92.983,12.108],[92.984,12.109],[92.985,12.109],[92.985,12.109],[92.986,12.109],[92.986,12.109],[92.987,12.109],[92.987,12.109],[92.987,12.109],[92.988,12.109],[92.988,12.109],[92.988,12.109],[92.988,12.109],[92.989,12.109],[92.989,12.109],[92.989,12.109],[92.99,12.109],[92.99,12.109],[92.99,12.109],[92.99,12.11],[92.991,12.11],[92.991,12.109],[92.991,12.109],[92.991,12.109],[92.991,12.109]]],[[[92.994,12.11],[92.993,12.11],[92.992,12.111],[92.992,12.112],[92.993,12.112],[92.994,12.111],[92.994,12.11]]],[[[92.743,12.115],[92.743,12.115],[92.743,12.115],[92.743,12.114],[92.743,12.114],[92.743,12.112],[92.742,12.112],[92.742,12.111],[92.742,12.111],[92.742,12.111],[92.741,12.111],[92.741,12.11],[92.741,12.11],[92.741,12.11],[92.741,12.109],[92.74,12.109],[92.74,12.109],[92.74,12.109],[92.74,12.109],[92.74,12.108],[92.74,12.108],[92.74,12.107],[92.739,12.107],[92.739,12.107],[92.739,12.107],[92.739,12.107],[92.738,12.107],[92.738,12.109],[92.739,12.109],[92.739,12.11],[92.739,12.11],[92.739,12.111],[92.74,12.11],[92.74,12.111],[92.74,12.112],[92.74,12.112],[92.74,12.112],[92.741,12.112],[92.741,12.113],[92.741,12.113],[92.741,12.114],[92.741,12.114],[92.741,12.114],[92.742,12.114],[92.742,12.115],[92.742,12.115],[92.743,12.115]]],[[[92.949,12.116],[92.949,12.115],[92.949,12.115],[92.949,12.114],[92.95,12.114],[92.95,12.114],[92.95,12.113],[92.951,12.113],[92.951,12.113],[92.951,12.113],[92.951,12.112],[92.952,12.112],[92.952,12.112],[92.953,12.112],[92.953,12.111],[92.953,12.111],[92.953,12.11],[92.954,12.11],[92.954,12.109],[92.954,12.109],[92.954,12.108],[92.955,12.107],[92.955,12.107],[92.955,12.107],[92.956,12.106],[92.956,12.106],[92.956,12.106],[92.957,12.105],[92.957,12.105],[92.957,12.104],[92.957,12.103],[92.957,12.103],[92.957,12.103],[92.957,12.102],[92.957,12.102],[92.958,12.101],[92.958,12.1],[92.958,12.1],[92.958,12.099],[92.958,12.098],[92.958,12.098],[92.957,12.097],[92.957,12.097],[92.957,12.096],[92.957,12.096],[92.957,12.095],[92.956,12.095],[92.956,12.095],[92.955,12.094],[92.955,12.094],[92.955,12.094],[92.954,12.094],[92.953,12.092],[92.952,12.092],[92.951,12.091],[92.951,12.091],[92.951,12.091],[92.951,12.089],[92.951,12.088],[92.951,12.088],[92.952,12.087],[92.952,12.087],[92.952,12.087],[92.952,12.086],[92.952,12.086],[92.952,12.086],[92.952,12.085],[92.952,12.084],[92.952,12.084],[92.952,12.084],[92.951,12.084],[92.951,12.085],[92.951,12.085],[92.951,12.085],[92.951,12.086],[92.951,12.086],[92.95,12.087],[92.95,12.087],[92.95,12.088],[92.95,12.088],[92.95,12.088],[92.95,12.091],[92.95,12.092],[92.95,12.092],[92.95,12.093],[92.949,12.093],[92.949,12.094],[92.949,12.094],[92.949,12.095],[92.949,12.095],[92.949,12.096],[92.949,12.096],[92.949,12.097],[92.949,12.097],[92.949,12.097],[92.949,12.098],[92.949,12.098],[92.949,12.099],[92.949,12.099],[92.949,12.1],[92.949,12.101],[92.949,12.101],[92.949,12.102],[92.949,12.102],[92.949,12.103],[92.949,12.103],[92.949,12.104],[92.949,12.104],[92.949,12.105],[92.949,12.105],[92.949,12.105],[92.949,12.106],[92.949,12.106],[92.95,12.107],[92.95,12.107],[92.95,12.108],[92.95,12.111],[92.95,12.111],[92.95,12.112],[92.949,12.112],[92.949,12.113],[92.948,12.114],[92.948,12.116],[92.949,12.116]]],[[[92.629,12.112],[92.628,12.112],[92.628,12.112],[92.628,12.113],[92.628,12.113],[92.628,12.113],[92.628,12.114],[92.629,12.114],[92.629,12.114],[92.629,12.115],[92.629,12.115],[92.629,12.115],[92.629,12.116],[92.63,12.116],[92.63,12.116],[92.63,12.116],[92.63,12.117],[92.63,12.117],[92.63,12.116],[92.63,12.116],[92.63,12.115],[92.63,12.114],[92.63,12.114],[92.63,12.113],[92.63,12.113],[92.63,12.113],[92.629,12.113],[92.629,12.112]]],[[[92.631,12.118],[92.631,12.118],[92.63,12.118],[92.63,12.118],[92.63,12.118],[92.63,12.119],[92.63,12.119],[92.63,12.119],[92.63,12.119],[92.63,12.12],[92.631,12.12],[92.631,12.12],[92.631,12.12],[92.631,12.12],[92.632,12.12],[92.632,12.12],[92.632,12.12],[92.632,12.119],[92.631,12.119],[92.631,12.119],[92.631,12.118],[92.631,12.118],[92.631,12.118]]],[[[93.098,12.137],[93.098,12.137],[93.098,12.137],[93.098,12.137],[93.099,12.137],[93.099,12.136],[93.099,12.136],[93.099,12.136],[93.099,12.136],[93.099,12.135],[93.098,12.135],[93.098,12.135],[93.098,12.134],[93.098,12.134],[93.098,12.134],[93.098,12.134],[93.098,12.134],[93.098,12.134],[93.098,12.134],[93.097,12.134],[93.097,12.134],[93.097,12.134],[93.097,12.134],[93.097,12.134],[93.097,12.135],[93.096,12.135],[93.096,12.137],[93.097,12.137],[93.097,12.137],[93.097,12.137],[93.097,12.137],[93.098,12.137]]],[[[93.121,12.148],[93.121,12.148],[93.12,12.148],[93.12,12.148],[93.12,12.148],[93.12,12.146],[93.12,12.146],[93.12,12.145],[93.119,12.145],[93.119,12.145],[93.12,12.145],[93.12,12.144],[93.119,12.144],[93.119,12.144],[93.118,12.144],[93.118,12.144],[93.119,12.144],[93.119,12.144],[93.119,12.143],[93.12,12.143],[93.12,12.144],[93.12,12.144],[93.12,12.144],[93.12,12.144],[93.121,12.144],[93.121,12.144],[93.12,12.144],[93.121,12.144],[93.121,12.144],[93.121,12.145],[93.122,12.145],[93.122,12.145],[93.122,12.145],[93.122,12.144],[93.122,12.144],[93.122,12.144],[93.122,12.144],[93.122,12.144],[93.122,12.144],[93.122,12.143],[93.121,12.143],[93.121,12.143],[93.122,12.143],[93.122,12.142],[93.121,12.142],[93.121,12.141],[93.122,12.141],[93.122,12.141],[93.122,12.141],[93.122,12.141],[93.122,12.141],[93.122,12.14],[93.123,12.14],[93.123,12.141],[93.124,12.141],[93.124,12.14],[93.123,12.14],[93.123,12.14],[93.123,12.14],[93.123,12.14],[93.123,12.14],[93.123,12.139],[93.122,12.139],[93.122,12.138],[93.122,12.138],[93.122,12.137],[93.121,12.137],[93.121,12.137],[93.121,12.137],[93.121,12.137],[93.12,12.137],[93.12,12.137],[93.12,12.136],[93.12,12.136],[93.12,12.136],[93.12,12.136],[93.12,12.136],[93.119,12.136],[93.119,12.135],[93.119,12.135],[93.119,12.135],[93.118,12.135],[93.118,12.134],[93.119,12.134],[93.119,12.134],[93.118,12.134],[93.118,12.134],[93.118,12.134],[93.118,12.133],[93.117,12.133],[93.117,12.133],[93.117,12.133],[93.117,12.132],[93.117,12.132],[93.117,12.131],[93.116,12.131],[93.116,12.131],[93.116,12.131],[93.116,12.13],[93.116,12.13],[93.115,12.131],[93.115,12.131],[93.115,12.131],[93.114,12.132],[93.114,12.132],[93.115,12.132],[93.115,12.133],[93.114,12.133],[93.114,12.133],[93.114,12.133],[93.114,12.134],[93.114,12.135],[93.113,12.135],[93.113,12.135],[93.113,12.135],[93.113,12.136],[93.112,12.136],[93.112,12.136],[93.113,12.136],[93.113,12.136],[93.112,12.137],[93.112,12.137],[93.112,12.137],[93.112,12.137],[93.112,12.137],[93.112,12.138],[93.112,12.138],[93.112,12.139],[93.111,12.139],[93.111,12.139],[93.111,12.14],[93.111,12.14],[93.111,12.14],[93.11,12.14],[93.11,12.14],[93.11,12.14],[93.11,12.141],[93.11,12.141],[93.11,12.142],[93.11,12.142],[93.11,12.142],[93.109,12.142],[93.109,12.143],[93.109,12.143],[93.109,12.143],[93.109,12.143],[93.109,12.144],[93.109,12.144],[93.11,12.144],[93.11,12.144],[93.111,12.144],[93.111,12.144],[93.112,12.144],[93.112,12.144],[93.113,12.144],[93.113,12.144],[93.113,12.144],[93.113,12.144],[93.114,12.144],[93.114,12.144],[93.115,12.144],[93.115,12.145],[93.115,12.145],[93.115,12.145],[93.116,12.145],[93.116,12.146],[93.116,12.146],[93.116,12.146],[93.116,12.146],[93.116,12.147],[93.117,12.147],[93.117,12.148],[93.117,12.148],[93.117,12.148],[93.118,12.148],[93.117,12.148],[93.119,12.148],[93.119,12.148],[93.12,12.148],[93.12,12.148],[93.12,12.148],[93.12,12.148],[93.12,12.148],[93.121,12.148]]],[[[92.846,12.148],[92.846,12.148],[92.845,12.148],[92.844,12.148],[92.844,12.148],[92.844,12.149],[92.844,12.149],[92.844,12.15],[92.845,12.15],[92.845,12.15],[92.845,12.15],[92.846,12.151],[92.846,12.151],[92.846,12.151],[92.847,12.151],[92.847,12.151],[92.847,12.15],[92.847,12.15],[92.847,12.15],[92.847,12.149],[92.846,12.149],[92.846,12.148],[92.846,12.148],[92.846,12.148]]],[[[93.028,12.157],[93.028,12.156],[93.027,12.156],[93.027,12.155],[93.027,12.155],[93.027,12.152],[93.027,12.152],[93.027,12.151],[93.027,12.15],[93.027,12.149],[93.027,12.149],[93.027,12.148],[93.027,12.148],[93.027,12.147],[93.027,12.147],[93.027,12.146],[93.028,12.146],[93.028,12.146],[93.028,12.145],[93.028,12.144],[93.029,12.144],[93.029,12.144],[93.028,12.143],[93.028,12.143],[93.028,12.143],[93.028,12.143],[93.028,12.142],[93.027,12.142],[93.027,12.142],[93.027,12.142],[93.026,12.141],[93.026,12.139],[93.026,12.139],[93.026,12.138],[93.027,12.137],[93.027,12.137],[93.028,12.137],[93.028,12.137],[93.028,12.137],[93.029,12.136],[93.029,12.136],[93.031,12.135],[93.031,12.134],[93.031,12.134],[93.031,12.133],[93.031,12.133],[93.031,12.132],[93.031,12.132],[93.031,12.131],[93.032,12.131],[93.032,12.13],[93.032,12.13],[93.032,12.13],[93.032,12.129],[93.032,12.129],[93.033,12.129],[93.033,12.129],[93.033,12.128],[93.033,12.128],[93.033,12.128],[93.033,12.127],[93.033,12.127],[93.034,12.127],[93.034,12.127],[93.034,12.127],[93.035,12.126],[93.035,12.126],[93.035,12.125],[93.035,12.124],[93.034,12.123],[93.034,12.122],[93.034,12.122],[93.034,12.121],[93.033,12.121],[93.033,12.12],[93.033,12.12],[93.033,12.119],[93.032,12.119],[93.032,12.118],[93.032,12.118],[93.032,12.116],[93.032,12.116],[93.032,12.116],[93.032,12.115],[93.032,12.115],[93.032,12.115],[93.032,12.114],[93.032,12.114],[93.032,12.114],[93.032,12.113],[93.032,12.112],[93.032,12.111],[93.032,12.111],[93.032,12.11],[93.032,12.11],[93.032,12.109],[93.032,12.109],[93.032,12.109],[93.033,12.108],[93.033,12.108],[93.033,12.108],[93.033,12.107],[93.033,12.107],[93.033,12.107],[93.033,12.106],[93.033,12.106],[93.034,12.106],[93.034,12.105],[93.034,12.105],[93.034,12.105],[93.034,12.104],[93.034,12.104],[93.035,12.104],[93.035,12.103],[93.035,12.103],[93.035,12.103],[93.035,12.102],[93.035,12.102],[93.035,12.101],[93.034,12.101],[93.034,12.1],[93.035,12.1],[93.035,12.099],[93.035,12.099],[93.035,12.099],[93.036,12.098],[93.036,12.098],[93.038,12.095],[93.038,12.095],[93.039,12.094],[93.039,12.094],[93.039,12.094],[93.039,12.093],[93.039,12.093],[93.039,12.093],[93.041,12.091],[93.041,12.091],[93.041,12.091],[93.041,12.091],[93.041,12.09],[93.041,12.09],[93.042,12.09],[93.042,12.089],[93.042,12.089],[93.042,12.088],[93.043,12.087],[93.044,12.087],[93.044,12.087],[93.044,12.087],[93.044,12.087],[93.045,12.086],[93.045,12.086],[93.046,12.084],[93.047,12.084],[93.047,12.084],[93.048,12.084],[93.048,12.084],[93.049,12.084],[93.049,12.083],[93.049,12.083],[93.05,12.082],[93.05,12.081],[93.05,12.081],[93.05,12.081],[93.051,12.08],[93.051,12.079],[93.051,12.079],[93.051,12.079],[93.053,12.077],[93.053,12.076],[93.054,12.076],[93.054,12.076],[93.053,12.075],[93.052,12.075],[93.052,12.074],[93.052,12.074],[93.051,12.074],[93.051,12.074],[93.051,12.073],[93.051,12.073],[93.052,12.072],[93.052,12.071],[93.053,12.07],[93.053,12.07],[93.053,12.069],[93.053,12.068],[93.053,12.068],[93.053,12.067],[93.053,12.067],[93.053,12.066],[93.053,12.065],[93.053,12.065],[93.052,12.065],[93.052,12.064],[93.052,12.064],[93.052,12.063],[93.052,12.063],[93.052,12.063],[93.053,12.062],[93.053,12.062],[93.053,12.061],[93.053,12.061],[93.053,12.06],[93.053,12.06],[93.052,12.059],[93.052,12.059],[93.052,12.058],[93.052,12.058],[93.051,12.058],[93.051,12.057],[93.052,12.057],[93.052,12.057],[93.052,12.056],[93.052,12.056],[93.052,12.056],[93.052,12.056],[93.051,12.055],[93.051,12.055],[93.051,12.055],[93.051,12.054],[93.051,12.054],[93.051,12.054],[93.05,12.053],[93.05,12.053],[93.05,12.053],[93.05,12.052],[93.05,12.052],[93.05,12.051],[93.049,12.051],[93.049,12.05],[93.048,12.049],[93.048,12.048],[93.047,12.048],[93.047,12.048],[93.047,12.047],[93.046,12.046],[93.046,12.046],[93.046,12.045],[93.045,12.045],[93.044,12.046],[93.044,12.046],[93.043,12.046],[93.043,12.046],[93.042,12.046],[93.042,12.046],[93.041,12.046],[93.041,12.047],[93.04,12.048],[93.04,12.048],[93.04,12.048],[93.04,12.049],[93.04,12.049],[93.039,12.05],[93.039,12.05],[93.039,12.05],[93.039,12.051],[93.039,12.051],[93.038,12.051],[93.038,12.052],[93.038,12.052],[93.038,12.052],[93.038,12.053],[93.038,12.053],[93.037,12.053],[93.037,12.054],[93.037,12.054],[93.037,12.054],[93.036,12.055],[93.036,12.055],[93.036,12.055],[93.036,12.056],[93.036,12.056],[93.036,12.058],[93.035,12.058],[93.035,12.059],[93.035,12.059],[93.035,12.059],[93.035,12.059],[93.035,12.06],[93.034,12.06],[93.034,12.061],[93.034,12.061],[93.034,12.061],[93.033,12.062],[93.033,12.062],[93.029,12.066],[93.029,12.066],[93.029,12.067],[93.029,12.067],[93.027,12.068],[93.027,12.068],[93.027,12.069],[93.026,12.069],[93.025,12.07],[93.025,12.07],[93.024,12.07],[93.024,12.07],[93.024,12.071],[93.023,12.071],[93.023,12.071],[93.022,12.071],[93.022,12.071],[93.022,12.071],[93.022,12.071],[93.021,12.071],[93.021,12.072],[93.021,12.072],[93.021,12.072],[93.02,12.072],[93.02,12.072],[93.019,12.072],[93.018,12.072],[93.018,12.072],[93.018,12.072],[93.015,12.072],[93.015,12.073],[93.013,12.073],[93.013,12.072],[93.012,12.072],[93.012,12.072],[93.012,12.072],[93.012,12.072],[93.011,12.072],[93.011,12.071],[93.011,12.072],[93.01,12.072],[93.01,12.073],[93.01,12.073],[93.009,12.074],[93.009,12.074],[93.008,12.075],[93.008,12.075],[93.007,12.075],[93.007,12.076],[93.007,12.076],[93.007,12.077],[93.007,12.077],[93.007,12.078],[93.006,12.078],[93.006,12.079],[93.006,12.079],[93.006,12.083],[93.006,12.084],[93.006,12.084],[93.007,12.085],[93.007,12.087],[93.007,12.087],[93.007,12.087],[93.007,12.09],[93.007,12.09],[93.007,12.091],[93.007,12.092],[93.007,12.094],[93.007,12.094],[93.007,12.094],[93.007,12.095],[93.007,12.095],[93.008,12.095],[93.008,12.096],[93.008,12.096],[93.008,12.097],[93.008,12.097],[93.008,12.098],[93.009,12.099],[93.009,12.1],[93.009,12.1],[93.009,12.101],[93.009,12.101],[93.009,12.102],[93.009,12.102],[93.009,12.103],[93.008,12.103],[93.008,12.104],[93.008,12.104],[93.008,12.105],[93.008,12.105],[93.008,12.105],[93.008,12.105],[93.008,12.106],[93.007,12.106],[93.007,12.106],[93.007,12.106],[93.007,12.107],[93.007,12.107],[93.007,12.108],[93.007,12.108],[93.007,12.108],[93.006,12.108],[93.006,12.108],[93.004,12.108],[93.004,12.108],[93.004,12.108],[93.004,12.107],[93.003,12.107],[93.003,12.107],[93.002,12.107],[93.001,12.107],[93.001,12.107],[93.001,12.107],[93.001,12.107],[93.001,12.109],[93.001,12.109],[93.001,12.109],[93.001,12.11],[93.001,12.11],[93.001,12.11],[93.001,12.11],[93.001,12.11],[93.001,12.111],[93.001,12.111],[93,12.111],[93,12.112],[93,12.111],[93,12.111],[92.999,12.112],[92.999,12.112],[92.999,12.112],[92.999,12.112],[92.998,12.113],[92.998,12.113],[92.998,12.113],[92.997,12.114],[92.997,12.114],[92.997,12.114],[92.996,12.114],[92.996,12.113],[92.996,12.113],[92.995,12.113],[92.995,12.113],[92.994,12.113],[92.994,12.113],[92.994,12.113],[92.993,12.113],[92.993,12.113],[92.992,12.113],[92.991,12.113],[92.991,12.113],[92.99,12.113],[92.989,12.113],[92.988,12.113],[92.987,12.113],[92.986,12.113],[92.985,12.113],[92.985,12.113],[92.985,12.113],[92.984,12.113],[92.984,12.112],[92.983,12.112],[92.982,12.112],[92.982,12.112],[92.982,12.112],[92.981,12.112],[92.981,12.112],[92.98,12.112],[92.98,12.113],[92.98,12.113],[92.98,12.113],[92.979,12.113],[92.979,12.113],[92.978,12.113],[92.977,12.113],[92.977,12.113],[92.976,12.114],[92.976,12.114],[92.976,12.114],[92.976,12.115],[92.976,12.115],[92.976,12.116],[92.976,12.116],[92.976,12.116],[92.976,12.117],[92.976,12.117],[92.976,12.117],[92.975,12.117],[92.975,12.118],[92.975,12.118],[92.974,12.118],[92.973,12.118],[92.973,12.118],[92.972,12.118],[92.972,12.118],[92.971,12.117],[92.971,12.117],[92.97,12.117],[92.97,12.118],[92.969,12.118],[92.969,12.118],[92.968,12.118],[92.968,12.118],[92.967,12.119],[92.966,12.119],[92.966,12.119],[92.965,12.12],[92.965,12.12],[92.964,12.121],[92.964,12.121],[92.963,12.122],[92.963,12.122],[92.962,12.123],[92.962,12.123],[92.962,12.124],[92.962,12.124],[92.961,12.125],[92.961,12.125],[92.961,12.126],[92.961,12.126],[92.961,12.127],[92.961,12.127],[92.961,12.128],[92.961,12.128],[92.961,12.129],[92.961,12.129],[92.961,12.13],[92.96,12.13],[92.96,12.131],[92.96,12.131],[92.96,12.132],[92.959,12.132],[92.959,12.132],[92.959,12.133],[92.959,12.133],[92.958,12.133],[92.958,12.134],[92.958,12.134],[92.958,12.135],[92.957,12.135],[92.957,12.135],[92.957,12.136],[92.957,12.136],[92.957,12.137],[92.957,12.137],[92.957,12.138],[92.956,12.138],[92.956,12.139],[92.957,12.139],[92.957,12.14],[92.957,12.14],[92.956,12.141],[92.956,12.141],[92.956,12.142],[92.956,12.143],[92.956,12.144],[92.956,12.145],[92.956,12.146],[92.956,12.146],[92.956,12.147],[92.956,12.147],[92.956,12.148],[92.957,12.148],[92.957,12.148],[92.957,12.148],[92.957,12.148],[92.958,12.149],[92.958,12.149],[92.958,12.149],[92.959,12.149],[92.959,12.149],[92.96,12.149],[92.96,12.15],[92.96,12.15],[92.961,12.15],[92.961,12.15],[92.961,12.15],[92.962,12.151],[92.962,12.151],[92.962,12.151],[92.963,12.151],[92.963,12.151],[92.964,12.151],[92.964,12.151],[92.965,12.15],[92.965,12.15],[92.966,12.15],[92.966,12.15],[92.967,12.149],[92.967,12.149],[92.968,12.149],[92.968,12.149],[92.969,12.149],[92.969,12.149],[92.969,12.149],[92.97,12.149],[92.97,12.149],[92.971,12.149],[92.971,12.148],[92.972,12.148],[92.972,12.148],[92.973,12.148],[92.974,12.148],[92.974,12.148],[92.974,12.148],[92.975,12.148],[92.975,12.148],[92.976,12.148],[92.976,12.148],[92.977,12.148],[92.977,12.148],[92.978,12.148],[92.978,12.148],[92.978,12.148],[92.978,12.148],[92.979,12.148],[92.979,12.148],[92.979,12.148],[92.98,12.149],[92.98,12.148],[92.98,12.148],[92.981,12.148],[92.981,12.148],[92.981,12.148],[92.981,12.148],[92.982,12.148],[92.982,12.149],[92.982,12.149],[92.982,12.149],[92.983,12.149],[92.984,12.149],[92.984,12.148],[92.985,12.148],[92.985,12.148],[92.986,12.147],[92.986,12.147],[92.987,12.147],[92.987,12.146],[92.987,12.146],[92.988,12.146],[92.988,12.145],[92.988,12.145],[92.989,12.144],[92.989,12.144],[92.989,12.144],[92.99,12.144],[92.99,12.144],[92.991,12.144],[92.991,12.144],[92.992,12.144],[92.992,12.144],[92.992,12.143],[92.992,12.143],[92.993,12.143],[92.993,12.142],[92.993,12.142],[92.993,12.142],[92.993,12.141],[92.993,12.141],[92.993,12.14],[92.993,12.14],[92.993,12.139],[92.993,12.139],[92.993,12.138],[92.993,12.138],[92.993,12.137],[92.993,12.137],[92.993,12.136],[92.993,12.136],[92.993,12.136],[92.993,12.135],[92.994,12.135],[92.994,12.134],[92.994,12.134],[92.995,12.134],[92.995,12.133],[92.995,12.133],[92.995,12.132],[92.995,12.132],[92.995,12.131],[92.995,12.131],[92.995,12.13],[92.995,12.13],[92.995,12.129],[92.996,12.129],[92.996,12.129],[92.996,12.128],[92.996,12.128],[92.996,12.128],[92.996,12.127],[92.997,12.127],[92.997,12.127],[92.997,12.126],[92.997,12.126],[92.998,12.125],[92.998,12.125],[92.999,12.124],[92.999,12.124],[92.999,12.123],[93,12.123],[93,12.123],[93,12.123],[93,12.122],[93,12.122],[93.001,12.121],[93.001,12.121],[93.001,12.12],[93.001,12.118],[93.002,12.117],[93.003,12.117],[93.003,12.117],[93.003,12.116],[93.003,12.116],[93.003,12.114],[93.004,12.113],[93.004,12.113],[93.004,12.113],[93.005,12.113],[93.005,12.114],[93.005,12.114],[93.005,12.114],[93.005,12.115],[93.005,12.115],[93.006,12.115],[93.005,12.115],[93.006,12.116],[93.006,12.116],[93.005,12.116],[93.005,12.116],[93.006,12.117],[93.005,12.117],[93.005,12.118],[93.005,12.118],[93.005,12.119],[93.005,12.119],[93.005,12.12],[93.004,12.12],[93.004,12.12],[93.004,12.121],[93.004,12.122],[93.004,12.122],[93.004,12.123],[93.004,12.123],[93.004,12.123],[93.003,12.124],[93.003,12.124],[93.003,12.124],[93.003,12.124],[93.003,12.126],[93.003,12.129],[93.003,12.129],[93.003,12.13],[93.002,12.131],[93.002,12.131],[93.002,12.132],[93.002,12.132],[93.002,12.134],[93.003,12.135],[93.003,12.135],[93.003,12.135],[93.003,12.136],[93.003,12.136],[93.003,12.137],[93.003,12.137],[93.003,12.138],[93.004,12.138],[93.004,12.138],[93.004,12.139],[93.004,12.139],[93.004,12.139],[93.004,12.139],[93.004,12.14],[93.005,12.14],[93.005,12.14],[93.005,12.14],[93.005,12.141],[93.005,12.141],[93.006,12.141],[93.006,12.142],[93.006,12.142],[93.006,12.143],[93.006,12.143],[93.006,12.144],[93.007,12.145],[93.007,12.146],[93.007,12.146],[93.007,12.147],[93.008,12.147],[93.008,12.148],[93.008,12.148],[93.009,12.148],[93.009,12.149],[93.009,12.149],[93.01,12.15],[93.01,12.151],[93.01,12.151],[93.011,12.151],[93.011,12.151],[93.012,12.152],[93.013,12.152],[93.013,12.152],[93.013,12.153],[93.013,12.153],[93.014,12.153],[93.014,12.153],[93.014,12.153],[93.014,12.153],[93.015,12.153],[93.015,12.153],[93.015,12.154],[93.016,12.154],[93.016,12.154],[93.016,12.154],[93.016,12.154],[93.016,12.154],[93.017,12.154],[93.017,12.155],[93.018,12.155],[93.018,12.155],[93.018,12.155],[93.019,12.156],[93.02,12.156],[93.02,12.157],[93.021,12.157],[93.021,12.157],[93.021,12.157],[93.021,12.158],[93.022,12.158],[93.022,12.159],[93.022,12.159],[93.022,12.159],[93.022,12.159],[93.022,12.16],[93.023,12.161],[93.023,12.162],[93.023,12.162],[93.023,12.163],[93.023,12.163],[93.023,12.164],[93.025,12.165],[93.026,12.165],[93.026,12.166],[93.027,12.166],[93.027,12.166],[93.027,12.166],[93.027,12.167],[93.028,12.166],[93.028,12.166],[93.029,12.164],[93.029,12.164],[93.03,12.164],[93.029,12.164],[93.029,12.163],[93.029,12.163],[93.029,12.162],[93.029,12.162],[93.029,12.162],[93.029,12.161],[93.029,12.161],[93.028,12.161],[93.028,12.16],[93.028,12.16],[93.028,12.159],[93.028,12.159],[93.028,12.158],[93.028,12.158],[93.028,12.157],[93.028,12.157]]],[[[92.759,12.181],[92.759,12.181],[92.761,12.181],[92.761,12.181],[92.761,12.18],[92.762,12.18],[92.762,12.18],[92.762,12.18],[92.762,12.18],[92.763,12.179],[92.764,12.179],[92.764,12.177],[92.763,12.177],[92.763,12.176],[92.763,12.176],[92.763,12.175],[92.763,12.175],[92.763,12.174],[92.762,12.174],[92.762,12.174],[92.762,12.174],[92.762,12.172],[92.762,12.172],[92.762,12.172],[92.761,12.172],[92.761,12.171],[92.761,12.171],[92.761,12.17],[92.761,12.17],[92.761,12.17],[92.76,12.17],[92.76,12.169],[92.76,12.169],[92.76,12.169],[92.76,12.168],[92.76,12.168],[92.76,12.168],[92.759,12.168],[92.759,12.167],[92.759,12.167],[92.759,12.167],[92.759,12.167],[92.759,12.168],[92.759,12.168],[92.759,12.169],[92.759,12.169],[92.759,12.17],[92.759,12.17],[92.76,12.171],[92.759,12.171],[92.759,12.172],[92.759,12.172],[92.76,12.172],[92.759,12.172],[92.759,12.175],[92.759,12.175],[92.759,12.175],[92.759,12.175],[92.759,12.175],[92.759,12.176],[92.759,12.177],[92.76,12.177],[92.759,12.178],[92.759,12.178],[92.759,12.179],[92.758,12.179],[92.758,12.179],[92.758,12.18],[92.757,12.18],[92.757,12.18],[92.756,12.18],[92.756,12.181],[92.757,12.181],[92.758,12.181],[92.758,12.181],[92.759,12.181]]],[[[92.72,12.18],[92.72,12.18],[92.72,12.18],[92.72,12.18],[92.72,12.18],[92.72,12.18],[92.72,12.179],[92.719,12.179],[92.719,12.179],[92.719,12.179],[92.719,12.179],[92.719,12.179],[92.719,12.18],[92.719,12.18],[92.719,12.18],[92.719,12.18],[92.719,12.18],[92.719,12.18],[92.719,12.18],[92.719,12.181],[92.719,12.181],[92.719,12.181],[92.719,12.181],[92.72,12.181],[92.72,12.182],[92.72,12.182],[92.72,12.182],[92.721,12.182],[92.721,12.182],[92.721,12.182],[92.721,12.182],[92.721,12.182],[92.721,12.182],[92.721,12.181],[92.72,12.181],[92.72,12.181],[92.72,12.181],[92.721,12.181],[92.72,12.18]]],[[[92.731,12.188],[92.731,12.187],[92.731,12.187],[92.731,12.187],[92.731,12.186],[92.731,12.186],[92.731,12.186],[92.73,12.185],[92.73,12.184],[92.731,12.185],[92.732,12.184],[92.733,12.182],[92.73,12.182],[92.729,12.182],[92.729,12.184],[92.729,12.185],[92.728,12.185],[92.728,12.185],[92.726,12.185],[92.726,12.185],[92.725,12.186],[92.725,12.186],[92.726,12.186],[92.726,12.187],[92.727,12.187],[92.727,12.187],[92.727,12.187],[92.728,12.188],[92.728,12.188],[92.728,12.188],[92.728,12.189],[92.729,12.189],[92.73,12.189],[92.73,12.189],[92.731,12.189],[92.731,12.189],[92.731,12.189],[92.731,12.189],[92.731,12.188]]],[[[93.069,12.211],[93.07,12.211],[93.07,12.211],[93.071,12.211],[93.072,12.211],[93.072,12.21],[93.072,12.21],[93.073,12.21],[93.074,12.21],[93.074,12.21],[93.075,12.21],[93.075,12.21],[93.075,12.21],[93.075,12.21],[93.076,12.21],[93.076,12.21],[93.076,12.21],[93.076,12.209],[93.077,12.209],[93.077,12.208],[93.077,12.207],[93.077,12.207],[93.077,12.207],[93.077,12.206],[93.077,12.206],[93.077,12.206],[93.077,12.206],[93.077,12.206],[93.077,12.205],[93.077,12.205],[93.078,12.205],[93.078,12.205],[93.077,12.205],[93.077,12.204],[93.077,12.204],[93.077,12.204],[93.077,12.204],[93.077,12.204],[93.077,12.204],[93.077,12.203],[93.077,12.203],[93.077,12.203],[93.077,12.203],[93.077,12.202],[93.078,12.202],[93.078,12.202],[93.078,12.202],[93.078,12.201],[93.079,12.201],[93.079,12.2],[93.079,12.2],[93.079,12.2],[93.08,12.2],[93.08,12.2],[93.08,12.2],[93.08,12.2],[93.08,12.198],[93.081,12.198],[93.082,12.199],[93.082,12.198],[93.082,12.198],[93.082,12.198],[93.082,12.197],[93.083,12.197],[93.083,12.197],[93.083,12.197],[93.083,12.196],[93.083,12.196],[93.083,12.196],[93.084,12.196],[93.084,12.195],[93.084,12.195],[93.084,12.195],[93.084,12.195],[93.085,12.195],[93.085,12.194],[93.086,12.194],[93.086,12.193],[93.087,12.193],[93.087,12.193],[93.086,12.193],[93.086,12.192],[93.086,12.192],[93.086,12.192],[93.086,12.189],[93.086,12.189],[93.086,12.188],[93.086,12.188],[93.086,12.187],[93.086,12.187],[93.086,12.187],[93.086,12.187],[93.086,12.185],[93.087,12.185],[93.088,12.185],[93.088,12.184],[93.088,12.184],[93.088,12.183],[93.088,12.183],[93.088,12.183],[93.088,12.182],[93.087,12.182],[93.087,12.182],[93.087,12.182],[93.087,12.182],[93.087,12.182],[93.087,12.181],[93.086,12.181],[93.086,12.18],[93.087,12.18],[93.087,12.18],[93.087,12.18],[93.087,12.181],[93.088,12.181],[93.088,12.18],[93.088,12.18],[93.088,12.18],[93.088,12.18],[93.088,12.181],[93.089,12.181],[93.089,12.18],[93.089,12.18],[93.089,12.181],[93.089,12.181],[93.089,12.18],[93.09,12.18],[93.09,12.18],[93.089,12.18],[93.089,12.18],[93.09,12.18],[93.09,12.179],[93.089,12.179],[93.089,12.179],[93.09,12.179],[93.09,12.179],[93.089,12.179],[93.089,12.178],[93.09,12.178],[93.09,12.177],[93.089,12.177],[93.089,12.177],[93.09,12.177],[93.09,12.174],[93.09,12.174],[93.09,12.174],[93.089,12.174],[93.089,12.173],[93.09,12.173],[93.09,12.173],[93.089,12.173],[93.089,12.173],[93.09,12.173],[93.09,12.172],[93.089,12.172],[93.089,12.171],[93.089,12.171],[93.089,12.169],[93.089,12.169],[93.089,12.168],[93.089,12.168],[93.089,12.167],[93.088,12.167],[93.088,12.167],[93.088,12.167],[93.088,12.166],[93.088,12.166],[93.088,12.165],[93.087,12.165],[93.087,12.164],[93.087,12.164],[93.087,12.164],[93.087,12.164],[93.087,12.164],[93.086,12.164],[93.086,12.164],[93.086,12.164],[93.086,12.163],[93.086,12.163],[93.086,12.162],[93.086,12.162],[93.086,12.161],[93.085,12.161],[93.085,12.16],[93.085,12.16],[93.085,12.159],[93.085,12.159],[93.085,12.158],[93.085,12.158],[93.085,12.158],[93.085,12.158],[93.085,12.157],[93.085,12.157],[93.085,12.157],[93.084,12.157],[93.084,12.156],[93.084,12.156],[93.084,12.156],[93.084,12.156],[93.084,12.156],[93.084,12.156],[93.084,12.155],[93.084,12.155],[93.084,12.156],[93.085,12.156],[93.085,12.155],[93.085,12.155],[93.085,12.155],[93.085,12.155],[93.085,12.155],[93.085,12.155],[93.085,12.154],[93.086,12.154],[93.086,12.154],[93.086,12.153],[93.086,12.153],[93.086,12.153],[93.086,12.153],[93.086,12.153],[93.086,12.152],[93.086,12.152],[93.086,12.152],[93.086,12.152],[93.087,12.152],[93.087,12.151],[93.087,12.151],[93.088,12.151],[93.088,12.152],[93.088,12.152],[93.089,12.152],[93.089,12.152],[93.089,12.152],[93.09,12.152],[93.09,12.151],[93.091,12.151],[93.09,12.152],[93.091,12.152],[93.091,12.151],[93.091,12.151],[93.091,12.151],[93.091,12.151],[93.091,12.151],[93.091,12.15],[93.091,12.15],[93.091,12.15],[93.092,12.15],[93.092,12.149],[93.092,12.149],[93.092,12.149],[93.093,12.149],[93.094,12.148],[93.094,12.148],[93.094,12.148],[93.094,12.148],[93.094,12.147],[93.094,12.147],[93.094,12.147],[93.094,12.147],[93.094,12.146],[93.095,12.146],[93.095,12.145],[93.094,12.145],[93.094,12.143],[93.095,12.143],[93.095,12.142],[93.095,12.142],[93.095,12.142],[93.094,12.141],[93.094,12.14],[93.094,12.14],[93.094,12.139],[93.093,12.138],[93.093,12.138],[93.093,12.137],[93.093,12.137],[93.092,12.136],[93.092,12.136],[93.092,12.136],[93.092,12.135],[93.091,12.135],[93.091,12.135],[93.091,12.135],[93.09,12.134],[93.09,12.134],[93.09,12.134],[93.09,12.134],[93.09,12.133],[93.089,12.133],[93.089,12.133],[93.09,12.133],[93.09,12.133],[93.089,12.132],[93.089,12.132],[93.089,12.132],[93.089,12.131],[93.089,12.131],[93.088,12.13],[93.088,12.13],[93.088,12.129],[93.088,12.129],[93.089,12.129],[93.089,12.129],[93.089,12.129],[93.089,12.128],[93.09,12.128],[93.09,12.128],[93.09,12.127],[93.09,12.127],[93.09,12.127],[93.09,12.126],[93.089,12.126],[93.089,12.125],[93.089,12.125],[93.088,12.124],[93.088,12.124],[93.088,12.124],[93.088,12.123],[93.088,12.123],[93.088,12.123],[93.089,12.123],[93.089,12.124],[93.091,12.124],[93.091,12.123],[93.092,12.123],[93.093,12.123],[93.093,12.121],[93.093,12.121],[93.092,12.12],[93.092,12.119],[93.092,12.119],[93.092,12.119],[93.092,12.119],[93.092,12.118],[93.092,12.118],[93.092,12.118],[93.092,12.118],[93.093,12.117],[93.092,12.117],[93.092,12.117],[93.092,12.117],[93.092,12.116],[93.091,12.116],[93.091,12.117],[93.091,12.117],[93.091,12.116],[93.09,12.116],[93.09,12.115],[93.09,12.115],[93.09,12.115],[93.091,12.115],[93.091,12.114],[93.091,12.114],[93.091,12.114],[93.091,12.114],[93.091,12.114],[93.091,12.114],[93.092,12.113],[93.092,12.113],[93.092,12.113],[93.092,12.113],[93.093,12.113],[93.093,12.113],[93.093,12.113],[93.093,12.112],[93.093,12.112],[93.093,12.112],[93.093,12.112],[93.093,12.111],[93.093,12.111],[93.093,12.111],[93.093,12.111],[93.093,12.111],[93.092,12.111],[93.092,12.111],[93.092,12.111],[93.092,12.111],[93.092,12.11],[93.092,12.11],[93.092,12.11],[93.092,12.109],[93.092,12.109],[93.092,12.109],[93.092,12.109],[93.092,12.109],[93.092,12.109],[93.092,12.108],[93.092,12.108],[93.092,12.108],[93.092,12.107],[93.092,12.107],[93.092,12.107],[93.092,12.107],[93.092,12.107],[93.092,12.107],[93.092,12.107],[93.092,12.107],[93.092,12.106],[93.092,12.106],[93.092,12.106],[93.092,12.105],[93.092,12.105],[93.091,12.104],[93.091,12.104],[93.092,12.104],[93.092,12.104],[93.091,12.104],[93.091,12.103],[93.091,12.103],[93.091,12.101],[93.091,12.101],[93.09,12.101],[93.09,12.101],[93.09,12.1],[93.091,12.1],[93.091,12.1],[93.09,12.1],[93.091,12.099],[93.09,12.099],[93.09,12.099],[93.09,12.098],[93.09,12.098],[93.09,12.098],[93.089,12.098],[93.088,12.096],[93.088,12.096],[93.087,12.096],[93.087,12.096],[93.087,12.096],[93.087,12.095],[93.087,12.094],[93.087,12.094],[93.087,12.093],[93.086,12.093],[93.086,12.093],[93.085,12.093],[93.085,12.093],[93.086,12.093],[93.086,12.092],[93.086,12.092],[93.086,12.091],[93.087,12.091],[93.087,12.091],[93.086,12.091],[93.085,12.091],[93.085,12.09],[93.086,12.09],[93.086,12.09],[93.085,12.09],[93.085,12.089],[93.084,12.089],[93.084,12.089],[93.084,12.089],[93.084,12.089],[93.083,12.089],[93.083,12.089],[93.083,12.089],[93.083,12.089],[93.082,12.089],[93.082,12.089],[93.081,12.089],[93.081,12.089],[93.081,12.089],[93.081,12.09],[93.081,12.09],[93.081,12.089],[93.08,12.089],[93.08,12.089],[93.079,12.089],[93.079,12.088],[93.079,12.088],[93.079,12.088],[93.08,12.088],[93.08,12.087],[93.079,12.087],[93.079,12.087],[93.079,12.087],[93.079,12.087],[93.079,12.086],[93.079,12.086],[93.079,12.085],[93.079,12.085],[93.077,12.085],[93.077,12.085],[93.077,12.085],[93.076,12.085],[93.076,12.085],[93.075,12.084],[93.075,12.084],[93.075,12.084],[93.075,12.084],[93.075,12.084],[93.074,12.084],[93.074,12.085],[93.074,12.086],[93.073,12.086],[93.073,12.086],[93.073,12.086],[93.073,12.087],[93.072,12.087],[93.072,12.087],[93.072,12.087],[93.072,12.087],[93.07,12.087],[93.07,12.087],[93.069,12.087],[93.069,12.088],[93.07,12.088],[93.07,12.088],[93.07,12.088],[93.07,12.089],[93.07,12.089],[93.069,12.09],[93.07,12.09],[93.07,12.09],[93.07,12.091],[93.07,12.091],[93.07,12.09],[93.069,12.09],[93.069,12.091],[93.068,12.091],[93.068,12.092],[93.069,12.092],[93.068,12.092],[93.068,12.093],[93.068,12.093],[93.067,12.093],[93.067,12.094],[93.067,12.094],[93.067,12.094],[93.067,12.095],[93.066,12.095],[93.066,12.096],[93.067,12.096],[93.067,12.097],[93.066,12.097],[93.066,12.098],[93.066,12.098],[93.066,12.098],[93.065,12.098],[93.065,12.099],[93.065,12.098],[93.065,12.098],[93.065,12.098],[93.065,12.098],[93.065,12.098],[93.064,12.098],[93.064,12.098],[93.063,12.098],[93.063,12.099],[93.063,12.099],[93.063,12.099],[93.063,12.099],[93.063,12.1],[93.063,12.1],[93.063,12.101],[93.063,12.101],[93.063,12.101],[93.063,12.101],[93.063,12.101],[93.062,12.102],[93.062,12.102],[93.062,12.102],[93.062,12.103],[93.061,12.103],[93.061,12.103],[93.061,12.103],[93.061,12.104],[93.061,12.104],[93.061,12.104],[93.061,12.104],[93.061,12.104],[93.06,12.104],[93.06,12.103],[93.06,12.103],[93.06,12.104],[93.059,12.104],[93.059,12.104],[93.059,12.104],[93.059,12.104],[93.059,12.104],[93.058,12.104],[93.058,12.105],[93.058,12.105],[93.058,12.105],[93.058,12.106],[93.057,12.106],[93.057,12.106],[93.057,12.106],[93.057,12.106],[93.056,12.106],[93.055,12.107],[93.055,12.108],[93.055,12.109],[93.055,12.109],[93.055,12.109],[93.055,12.109],[93.054,12.11],[93.053,12.11],[93.053,12.111],[93.052,12.111],[93.052,12.112],[93.052,12.112],[93.052,12.113],[93.051,12.113],[93.051,12.114],[93.051,12.115],[93.051,12.115],[93.05,12.115],[93.05,12.116],[93.051,12.116],[93.051,12.116],[93.05,12.116],[93.05,12.116],[93.051,12.116],[93.051,12.117],[93.052,12.117],[93.052,12.118],[93.053,12.118],[93.053,12.119],[93.053,12.119],[93.053,12.119],[93.053,12.119],[93.053,12.121],[93.054,12.121],[93.054,12.121],[93.054,12.121],[93.054,12.122],[93.054,12.122],[93.054,12.122],[93.055,12.122],[93.055,12.123],[93.055,12.123],[93.055,12.123],[93.057,12.123],[93.057,12.123],[93.056,12.123],[93.056,12.124],[93.055,12.124],[93.055,12.123],[93.055,12.123],[93.055,12.123],[93.054,12.123],[93.054,12.123],[93.054,12.123],[93.053,12.123],[93.053,12.122],[93.052,12.122],[93.052,12.121],[93.052,12.121],[93.051,12.121],[93.051,12.121],[93.051,12.12],[93.051,12.12],[93.051,12.12],[93.05,12.12],[93.05,12.12],[93.05,12.12],[93.05,12.12],[93.05,12.12],[93.05,12.121],[93.049,12.121],[93.049,12.12],[93.049,12.12],[93.049,12.121],[93.049,12.121],[93.049,12.122],[93.048,12.122],[93.048,12.123],[93.048,12.123],[93.048,12.123],[93.048,12.123],[93.048,12.123],[93.048,12.124],[93.048,12.124],[93.048,12.124],[93.048,12.124],[93.048,12.124],[93.047,12.125],[93.047,12.125],[93.048,12.125],[93.048,12.125],[93.047,12.126],[93.047,12.126],[93.047,12.127],[93.047,12.127],[93.047,12.128],[93.046,12.128],[93.046,12.127],[93.045,12.127],[93.046,12.128],[93.045,12.128],[93.045,12.128],[93.044,12.128],[93.044,12.128],[93.043,12.128],[93.043,12.128],[93.043,12.128],[93.043,12.127],[93.042,12.127],[93.041,12.127],[93.041,12.127],[93.04,12.127],[93.04,12.127],[93.04,12.127],[93.04,12.127],[93.039,12.128],[93.039,12.13],[93.039,12.13],[93.039,12.131],[93.039,12.131],[93.039,12.131],[93.038,12.132],[93.038,12.132],[93.038,12.132],[93.038,12.132],[93.037,12.133],[93.037,12.133],[93.037,12.133],[93.037,12.134],[93.037,12.134],[93.038,12.134],[93.038,12.134],[93.038,12.134],[93.037,12.134],[93.037,12.135],[93.038,12.135],[93.038,12.136],[93.038,12.136],[93.038,12.137],[93.039,12.137],[93.039,12.137],[93.038,12.137],[93.038,12.137],[93.038,12.137],[93.038,12.138],[93.038,12.138],[93.038,12.139],[93.039,12.139],[93.039,12.14],[93.039,12.14],[93.039,12.141],[93.039,12.141],[93.039,12.141],[93.039,12.141],[93.039,12.145],[93.04,12.145],[93.04,12.145],[93.039,12.145],[93.039,12.146],[93.04,12.146],[93.04,12.146],[93.04,12.146],[93.04,12.147],[93.04,12.147],[93.04,12.148],[93.041,12.148],[93.041,12.149],[93.041,12.149],[93.041,12.15],[93.041,12.15],[93.041,12.151],[93.041,12.151],[93.041,12.151],[93.041,12.151],[93.041,12.151],[93.042,12.152],[93.042,12.153],[93.042,12.153],[93.042,12.153],[93.042,12.153],[93.042,12.154],[93.043,12.154],[93.043,12.155],[93.043,12.155],[93.043,12.156],[93.043,12.156],[93.036,12.157],[93.037,12.158],[93.038,12.16],[93.041,12.159],[93.043,12.159],[93.044,12.159],[93.044,12.159],[93.044,12.159],[93.044,12.16],[93.044,12.161],[93.045,12.161],[93.045,12.162],[93.045,12.162],[93.045,12.162],[93.045,12.162],[93.045,12.163],[93.046,12.163],[93.046,12.164],[93.046,12.164],[93.046,12.165],[93.046,12.165],[93.046,12.165],[93.047,12.165],[93.047,12.166],[93.046,12.166],[93.046,12.166],[93.047,12.166],[93.047,12.167],[93.047,12.167],[93.047,12.167],[93.048,12.168],[93.048,12.168],[93.048,12.169],[93.048,12.169],[93.049,12.169],[93.049,12.17],[93.049,12.17],[93.049,12.171],[93.049,12.171],[93.05,12.172],[93.05,12.173],[93.05,12.174],[93.05,12.174],[93.05,12.175],[93.05,12.175],[93.05,12.175],[93.051,12.175],[93.051,12.177],[93.051,12.177],[93.051,12.178],[93.051,12.178],[93.051,12.178],[93.052,12.178],[93.052,12.179],[93.052,12.179],[93.052,12.18],[93.052,12.18],[93.052,12.181],[93.053,12.181],[93.053,12.182],[93.053,12.182],[93.053,12.182],[93.053,12.182],[93.053,12.183],[93.053,12.183],[93.053,12.183],[93.053,12.183],[93.053,12.184],[93.054,12.184],[93.054,12.186],[93.054,12.186],[93.054,12.186],[93.054,12.186],[93.054,12.186],[93.054,12.186],[93.054,12.187],[93.054,12.187],[93.055,12.187],[93.055,12.187],[93.055,12.187],[93.055,12.188],[93.055,12.188],[93.055,12.189],[93.056,12.189],[93.056,12.189],[93.056,12.189],[93.056,12.19],[93.056,12.19],[93.056,12.191],[93.056,12.191],[93.056,12.191],[93.057,12.191],[93.057,12.192],[93.057,12.192],[93.057,12.192],[93.057,12.193],[93.057,12.193],[93.057,12.194],[93.058,12.194],[93.058,12.194],[93.058,12.194],[93.058,12.195],[93.059,12.196],[93.059,12.196],[93.059,12.196],[93.059,12.197],[93.06,12.197],[93.06,12.198],[93.06,12.198],[93.06,12.198],[93.061,12.198],[93.061,12.198],[93.061,12.198],[93.061,12.198],[93.061,12.199],[93.061,12.199],[93.061,12.199],[93.061,12.2],[93.062,12.2],[93.062,12.2],[93.062,12.2],[93.062,12.201],[93.062,12.201],[93.062,12.201],[93.063,12.201],[93.063,12.202],[93.063,12.202],[93.063,12.202],[93.063,12.202],[93.063,12.202],[93.063,12.202],[93.063,12.203],[93.064,12.204],[93.064,12.205],[93.065,12.205],[93.065,12.206],[93.065,12.206],[93.065,12.207],[93.066,12.207],[93.065,12.208],[93.066,12.209],[93.066,12.21],[93.066,12.21],[93.067,12.21],[93.067,12.211],[93.067,12.211],[93.067,12.211],[93.068,12.211],[93.068,12.211],[93.068,12.211],[93.068,12.211],[93.068,12.212],[93.069,12.212],[93.069,12.211]]],[[[92.683,12.215],[92.683,12.215],[92.682,12.215],[92.682,12.215],[92.681,12.215],[92.681,12.216],[92.681,12.216],[92.681,12.217],[92.681,12.217],[92.681,12.218],[92.68,12.218],[92.68,12.218],[92.68,12.219],[92.68,12.219],[92.68,12.22],[92.681,12.22],[92.681,12.221],[92.681,12.221],[92.681,12.222],[92.682,12.222],[92.682,12.223],[92.682,12.223],[92.682,12.224],[92.682,12.224],[92.683,12.224],[92.683,12.224],[92.684,12.223],[92.683,12.222],[92.683,12.222],[92.683,12.221],[92.683,12.22],[92.683,12.22],[92.683,12.219],[92.683,12.219],[92.683,12.218],[92.684,12.217],[92.683,12.217],[92.683,12.216],[92.683,12.216],[92.683,12.215],[92.683,12.215]]],[[[93.02,12.225],[93.02,12.225],[93.021,12.225],[93.021,12.225],[93.022,12.225],[93.022,12.224],[93.022,12.224],[93.022,12.224],[93.021,12.223],[93.021,12.223],[93.021,12.223],[93.02,12.223],[93.02,12.223],[93.019,12.223],[93.019,12.223],[93.02,12.223],[93.02,12.224],[93.019,12.224],[93.02,12.224],[93.02,12.225],[93.02,12.225],[93.02,12.225]]],[[[92.939,12.224],[92.939,12.223],[92.94,12.223],[92.94,12.222],[92.94,12.222],[92.941,12.221],[92.941,12.221],[92.941,12.221],[92.941,12.22],[92.941,12.22],[92.941,12.22],[92.941,12.219],[92.942,12.219],[92.942,12.218],[92.942,12.217],[92.941,12.217],[92.941,12.216],[92.941,12.216],[92.941,12.215],[92.941,12.215],[92.94,12.214],[92.94,12.214],[92.94,12.213],[92.939,12.213],[92.939,12.212],[92.939,12.212],[92.938,12.212],[92.938,12.212],[92.937,12.211],[92.937,12.212],[92.937,12.212],[92.936,12.212],[92.936,12.213],[92.936,12.213],[92.936,12.213],[92.935,12.213],[92.935,12.212],[92.936,12.212],[92.935,12.212],[92.935,12.212],[92.935,12.211],[92.935,12.211],[92.935,12.21],[92.935,12.21],[92.935,12.209],[92.935,12.209],[92.935,12.209],[92.935,12.208],[92.935,12.208],[92.935,12.207],[92.935,12.207],[92.936,12.206],[92.936,12.206],[92.936,12.205],[92.936,12.205],[92.936,12.205],[92.936,12.204],[92.936,12.204],[92.936,12.203],[92.936,12.203],[92.936,12.202],[92.936,12.201],[92.936,12.201],[92.936,12.2],[92.935,12.2],[92.935,12.199],[92.935,12.199],[92.935,12.198],[92.935,12.198],[92.934,12.197],[92.934,12.197],[92.933,12.196],[92.933,12.196],[92.933,12.196],[92.933,12.197],[92.933,12.197],[92.933,12.198],[92.933,12.198],[92.933,12.198],[92.933,12.199],[92.933,12.199],[92.933,12.199],[92.933,12.199],[92.933,12.2],[92.933,12.2],[92.933,12.201],[92.933,12.201],[92.933,12.202],[92.933,12.202],[92.933,12.203],[92.932,12.203],[92.932,12.203],[92.932,12.203],[92.931,12.204],[92.931,12.204],[92.931,12.204],[92.93,12.204],[92.93,12.205],[92.929,12.205],[92.929,12.205],[92.929,12.206],[92.928,12.206],[92.928,12.206],[92.927,12.206],[92.926,12.206],[92.926,12.207],[92.926,12.208],[92.925,12.208],[92.925,12.209],[92.925,12.21],[92.925,12.21],[92.925,12.211],[92.925,12.211],[92.925,12.212],[92.925,12.212],[92.926,12.213],[92.926,12.214],[92.926,12.214],[92.926,12.215],[92.926,12.215],[92.926,12.216],[92.926,12.216],[92.926,12.216],[92.926,12.217],[92.926,12.217],[92.927,12.218],[92.927,12.218],[92.927,12.218],[92.927,12.219],[92.927,12.219],[92.927,12.22],[92.927,12.22],[92.927,12.221],[92.927,12.221],[92.927,12.222],[92.928,12.222],[92.928,12.222],[92.928,12.223],[92.929,12.223],[92.93,12.223],[92.93,12.223],[92.931,12.223],[92.931,12.223],[92.931,12.223],[92.932,12.224],[92.932,12.224],[92.933,12.224],[92.933,12.225],[92.934,12.225],[92.935,12.225],[92.935,12.225],[92.935,12.225],[92.935,12.225],[92.936,12.224],[92.936,12.224],[92.936,12.224],[92.937,12.224],[92.937,12.224],[92.937,12.224],[92.937,12.224],[92.937,12.224],[92.937,12.225],[92.938,12.225],[92.939,12.224]]],[[[92.701,12.236],[92.701,12.235],[92.701,12.235],[92.701,12.235],[92.701,12.234],[92.702,12.234],[92.702,12.234],[92.702,12.233],[92.702,12.233],[92.703,12.233],[92.703,12.233],[92.703,12.233],[92.704,12.233],[92.704,12.233],[92.704,12.232],[92.705,12.232],[92.705,12.232],[92.705,12.231],[92.706,12.231],[92.706,12.23],[92.706,12.23],[92.706,12.229],[92.706,12.229],[92.706,12.229],[92.706,12.228],[92.706,12.228],[92.706,12.228],[92.706,12.227],[92.706,12.227],[92.706,12.226],[92.706,12.226],[92.706,12.225],[92.707,12.225],[92.707,12.224],[92.706,12.224],[92.706,12.223],[92.706,12.223],[92.707,12.222],[92.707,12.222],[92.707,12.222],[92.707,12.221],[92.707,12.221],[92.708,12.22],[92.708,12.22],[92.707,12.22],[92.707,12.219],[92.707,12.219],[92.707,12.218],[92.707,12.218],[92.708,12.218],[92.708,12.217],[92.708,12.217],[92.709,12.217],[92.709,12.217],[92.709,12.217],[92.71,12.217],[92.71,12.216],[92.71,12.216],[92.71,12.215],[92.71,12.215],[92.71,12.214],[92.71,12.214],[92.71,12.214],[92.71,12.213],[92.71,12.213],[92.71,12.213],[92.71,12.212],[92.71,12.212],[92.71,12.211],[92.71,12.211],[92.71,12.211],[92.71,12.21],[92.71,12.21],[92.71,12.21],[92.71,12.209],[92.71,12.209],[92.71,12.208],[92.71,12.208],[92.71,12.207],[92.71,12.207],[92.71,12.206],[92.71,12.206],[92.709,12.206],[92.709,12.205],[92.709,12.205],[92.709,12.205],[92.709,12.204],[92.709,12.204],[92.709,12.203],[92.709,12.203],[92.709,12.202],[92.709,12.202],[92.709,12.202],[92.709,12.201],[92.709,12.201],[92.708,12.2],[92.708,12.2],[92.708,12.199],[92.708,12.199],[92.707,12.199],[92.707,12.199],[92.707,12.199],[92.707,12.198],[92.707,12.198],[92.707,12.198],[92.707,12.197],[92.708,12.197],[92.708,12.196],[92.708,12.196],[92.708,12.196],[92.709,12.195],[92.709,12.195],[92.709,12.195],[92.71,12.194],[92.71,12.194],[92.71,12.193],[92.711,12.193],[92.711,12.193],[92.711,12.192],[92.711,12.192],[92.712,12.192],[92.712,12.192],[92.712,12.191],[92.712,12.191],[92.712,12.19],[92.712,12.19],[92.712,12.189],[92.712,12.189],[92.712,12.189],[92.711,12.189],[92.711,12.189],[92.711,12.189],[92.71,12.189],[92.71,12.188],[92.71,12.188],[92.709,12.188],[92.709,12.187],[92.709,12.187],[92.708,12.186],[92.708,12.185],[92.708,12.185],[92.708,12.184],[92.707,12.184],[92.707,12.183],[92.707,12.183],[92.707,12.183],[92.707,12.182],[92.706,12.182],[92.706,12.181],[92.706,12.181],[92.706,12.18],[92.706,12.18],[92.705,12.179],[92.705,12.179],[92.705,12.178],[92.705,12.178],[92.705,12.177],[92.705,12.176],[92.705,12.176],[92.705,12.175],[92.705,12.175],[92.705,12.174],[92.705,12.174],[92.705,12.173],[92.705,12.173],[92.705,12.172],[92.705,12.172],[92.705,12.172],[92.705,12.171],[92.705,12.171],[92.705,12.17],[92.704,12.17],[92.704,12.17],[92.704,12.169],[92.704,12.169],[92.704,12.168],[92.703,12.168],[92.703,12.167],[92.703,12.167],[92.704,12.166],[92.704,12.166],[92.704,12.165],[92.704,12.165],[92.704,12.165],[92.705,12.165],[92.705,12.165],[92.705,12.165],[92.705,12.166],[92.705,12.166],[92.705,12.167],[92.705,12.167],[92.705,12.167],[92.706,12.167],[92.706,12.168],[92.707,12.168],[92.707,12.169],[92.707,12.17],[92.707,12.17],[92.707,12.17],[92.707,12.171],[92.708,12.171],[92.708,12.171],[92.709,12.172],[92.71,12.172],[92.71,12.173],[92.71,12.173],[92.711,12.174],[92.711,12.174],[92.712,12.175],[92.712,12.175],[92.712,12.175],[92.712,12.176],[92.713,12.176],[92.713,12.176],[92.713,12.175],[92.713,12.175],[92.713,12.174],[92.713,12.174],[92.713,12.174],[92.713,12.173],[92.713,12.173],[92.713,12.172],[92.713,12.171],[92.713,12.171],[92.713,12.17],[92.713,12.17],[92.713,12.169],[92.712,12.169],[92.712,12.169],[92.712,12.168],[92.712,12.168],[92.712,12.168],[92.712,12.167],[92.712,12.167],[92.712,12.166],[92.712,12.166],[92.712,12.165],[92.713,12.165],[92.713,12.165],[92.714,12.165],[92.714,12.166],[92.714,12.166],[92.714,12.166],[92.715,12.167],[92.715,12.167],[92.715,12.168],[92.716,12.168],[92.716,12.169],[92.716,12.17],[92.716,12.17],[92.716,12.171],[92.716,12.171],[92.717,12.172],[92.717,12.172],[92.717,12.173],[92.717,12.173],[92.718,12.174],[92.718,12.174],[92.718,12.175],[92.718,12.175],[92.718,12.176],[92.718,12.176],[92.719,12.177],[92.719,12.177],[92.719,12.177],[92.72,12.178],[92.72,12.178],[92.72,12.178],[92.72,12.179],[92.72,12.179],[92.721,12.18],[92.721,12.18],[92.722,12.18],[92.722,12.18],[92.722,12.179],[92.723,12.179],[92.723,12.178],[92.723,12.178],[92.724,12.178],[92.724,12.178],[92.724,12.178],[92.725,12.179],[92.725,12.179],[92.725,12.179],[92.726,12.179],[92.726,12.179],[92.726,12.179],[92.727,12.18],[92.727,12.18],[92.727,12.18],[92.728,12.18],[92.728,12.18],[92.728,12.18],[92.728,12.18],[92.729,12.181],[92.729,12.181],[92.729,12.181],[92.73,12.181],[92.73,12.181],[92.731,12.181],[92.731,12.181],[92.732,12.181],[92.732,12.182],[92.733,12.182],[92.734,12.182],[92.735,12.182],[92.736,12.182],[92.737,12.182],[92.737,12.182],[92.737,12.182],[92.738,12.181],[92.738,12.181],[92.738,12.181],[92.739,12.181],[92.739,12.181],[92.74,12.181],[92.74,12.181],[92.743,12.181],[92.744,12.18],[92.744,12.18],[92.746,12.178],[92.746,12.178],[92.747,12.178],[92.747,12.178],[92.747,12.178],[92.747,12.178],[92.748,12.177],[92.748,12.177],[92.748,12.177],[92.749,12.177],[92.751,12.178],[92.751,12.179],[92.751,12.179],[92.752,12.18],[92.753,12.18],[92.753,12.18],[92.753,12.18],[92.754,12.179],[92.754,12.179],[92.755,12.178],[92.755,12.178],[92.756,12.178],[92.756,12.178],[92.756,12.178],[92.756,12.178],[92.757,12.177],[92.757,12.177],[92.757,12.176],[92.757,12.176],[92.757,12.176],[92.757,12.171],[92.757,12.17],[92.757,12.169],[92.757,12.169],[92.757,12.169],[92.757,12.168],[92.757,12.168],[92.757,12.167],[92.757,12.167],[92.757,12.166],[92.757,12.166],[92.758,12.166],[92.758,12.165],[92.758,12.165],[92.758,12.164],[92.757,12.164],[92.757,12.163],[92.757,12.163],[92.757,12.162],[92.757,12.162],[92.757,12.161],[92.756,12.161],[92.756,12.161],[92.756,12.16],[92.756,12.16],[92.756,12.16],[92.756,12.159],[92.756,12.159],[92.756,12.158],[92.756,12.155],[92.756,12.154],[92.755,12.154],[92.755,12.153],[92.755,12.153],[92.755,12.152],[92.755,12.152],[92.755,12.151],[92.754,12.151],[92.754,12.15],[92.754,12.15],[92.754,12.149],[92.753,12.149],[92.753,12.149],[92.753,12.148],[92.753,12.148],[92.753,12.148],[92.752,12.147],[92.752,12.147],[92.752,12.146],[92.752,12.146],[92.752,12.146],[92.752,12.145],[92.752,12.145],[92.751,12.145],[92.751,12.144],[92.751,12.144],[92.751,12.143],[92.751,12.143],[92.751,12.142],[92.75,12.142],[92.75,12.141],[92.751,12.141],[92.751,12.14],[92.75,12.14],[92.75,12.139],[92.75,12.139],[92.75,12.139],[92.75,12.138],[92.749,12.138],[92.749,12.137],[92.749,12.137],[92.749,12.137],[92.749,12.136],[92.748,12.136],[92.748,12.135],[92.748,12.135],[92.748,12.135],[92.748,12.134],[92.748,12.134],[92.747,12.133],[92.747,12.133],[92.747,12.133],[92.747,12.133],[92.747,12.133],[92.747,12.132],[92.746,12.132],[92.746,12.131],[92.746,12.131],[92.746,12.131],[92.746,12.13],[92.746,12.13],[92.745,12.129],[92.745,12.129],[92.745,12.128],[92.745,12.128],[92.745,12.127],[92.745,12.127],[92.745,12.126],[92.745,12.126],[92.744,12.126],[92.744,12.125],[92.744,12.125],[92.744,12.124],[92.744,12.124],[92.744,12.123],[92.744,12.123],[92.744,12.123],[92.744,12.122],[92.744,12.122],[92.744,12.121],[92.744,12.121],[92.744,12.12],[92.744,12.12],[92.743,12.119],[92.743,12.119],[92.743,12.118],[92.742,12.118],[92.742,12.117],[92.742,12.117],[92.741,12.116],[92.741,12.116],[92.741,12.115],[92.74,12.115],[92.74,12.115],[92.74,12.114],[92.739,12.114],[92.739,12.114],[92.739,12.113],[92.739,12.113],[92.738,12.113],[92.738,12.112],[92.738,12.112],[92.738,12.111],[92.737,12.111],[92.737,12.11],[92.737,12.11],[92.737,12.109],[92.737,12.109],[92.737,12.109],[92.737,12.108],[92.736,12.108],[92.736,12.107],[92.736,12.107],[92.736,12.106],[92.736,12.105],[92.736,12.105],[92.736,12.104],[92.736,12.103],[92.736,12.103],[92.736,12.102],[92.736,12.102],[92.736,12.102],[92.736,12.101],[92.736,12.101],[92.736,12.1],[92.736,12.1],[92.736,12.099],[92.736,12.099],[92.736,12.099],[92.736,12.098],[92.736,12.098],[92.736,12.097],[92.736,12.097],[92.735,12.096],[92.736,12.096],[92.735,12.095],[92.735,12.095],[92.735,12.094],[92.735,12.094],[92.735,12.093],[92.735,12.093],[92.735,12.092],[92.735,12.092],[92.735,12.091],[92.735,12.091],[92.735,12.09],[92.735,12.09],[92.735,12.089],[92.735,12.089],[92.735,12.088],[92.736,12.088],[92.736,12.087],[92.736,12.086],[92.736,12.086],[92.736,12.085],[92.736,12.085],[92.736,12.084],[92.736,12.083],[92.736,12.083],[92.736,12.083],[92.737,12.082],[92.737,12.082],[92.737,12.081],[92.737,12.081],[92.737,12.08],[92.737,12.08],[92.737,12.08],[92.738,12.08],[92.738,12.079],[92.738,12.079],[92.738,12.079],[92.738,12.079],[92.739,12.078],[92.739,12.078],[92.739,12.078],[92.74,12.077],[92.74,12.077],[92.74,12.077],[92.74,12.076],[92.741,12.076],[92.741,12.075],[92.741,12.075],[92.741,12.074],[92.741,12.074],[92.741,12.073],[92.741,12.072],[92.741,12.072],[92.739,12.071],[92.739,12.071],[92.738,12.071],[92.738,12.071],[92.738,12.071],[92.737,12.071],[92.737,12.07],[92.737,12.07],[92.737,12.07],[92.737,12.069],[92.737,12.069],[92.737,12.069],[92.737,12.068],[92.737,12.068],[92.737,12.068],[92.737,12.067],[92.737,12.067],[92.736,12.067],[92.735,12.066],[92.735,12.065],[92.736,12.064],[92.736,12.064],[92.736,12.064],[92.736,12.064],[92.737,12.063],[92.737,12.063],[92.738,12.064],[92.737,12.064],[92.737,12.065],[92.736,12.065],[92.736,12.065],[92.736,12.066],[92.736,12.066],[92.736,12.066],[92.737,12.066],[92.737,12.067],[92.738,12.067],[92.738,12.067],[92.738,12.068],[92.738,12.068],[92.738,12.069],[92.738,12.069],[92.738,12.069],[92.738,12.07],[92.738,12.07],[92.738,12.07],[92.739,12.07],[92.739,12.07],[92.739,12.07],[92.74,12.07],[92.74,12.071],[92.741,12.071],[92.741,12.071],[92.742,12.072],[92.742,12.072],[92.742,12.072],[92.742,12.073],[92.743,12.074],[92.742,12.074],[92.742,12.074],[92.742,12.074],[92.742,12.074],[92.742,12.074],[92.742,12.074],[92.743,12.074],[92.743,12.074],[92.743,12.074],[92.744,12.074],[92.744,12.074],[92.744,12.073],[92.744,12.073],[92.745,12.073],[92.745,12.072],[92.745,12.072],[92.745,12.072],[92.746,12.073],[92.746,12.073],[92.746,12.072],[92.746,12.072],[92.747,12.072],[92.747,12.072],[92.747,12.072],[92.748,12.072],[92.748,12.072],[92.749,12.071],[92.749,12.071],[92.749,12.071],[92.749,12.071],[92.749,12.071],[92.749,12.071],[92.75,12.071],[92.75,12.071],[92.751,12.071],[92.751,12.071],[92.752,12.071],[92.752,12.071],[92.752,12.071],[92.753,12.07],[92.753,12.07],[92.753,12.07],[92.754,12.07],[92.754,12.07],[92.754,12.069],[92.754,12.069],[92.755,12.069],[92.755,12.068],[92.755,12.068],[92.756,12.068],[92.756,12.068],[92.756,12.068],[92.757,12.067],[92.757,12.067],[92.757,12.066],[92.758,12.066],[92.758,12.066],[92.758,12.065],[92.758,12.065],[92.758,12.064],[92.758,12.064],[92.758,12.063],[92.758,12.063],[92.758,12.062],[92.757,12.061],[92.757,12.061],[92.757,12.061],[92.756,12.06],[92.756,12.06],[92.756,12.06],[92.756,12.059],[92.756,12.059],[92.755,12.059],[92.755,12.058],[92.755,12.058],[92.754,12.058],[92.754,12.057],[92.753,12.057],[92.753,12.057],[92.752,12.056],[92.752,12.056],[92.752,12.056],[92.752,12.056],[92.752,12.056],[92.752,12.055],[92.752,12.055],[92.752,12.055],[92.753,12.055],[92.753,12.054],[92.754,12.054],[92.754,12.055],[92.754,12.055],[92.755,12.055],[92.755,12.055],[92.756,12.055],[92.756,12.055],[92.757,12.055],[92.757,12.055],[92.757,12.055],[92.757,12.055],[92.758,12.055],[92.758,12.055],[92.758,12.056],[92.76,12.056],[92.76,12.055],[92.761,12.055],[92.761,12.054],[92.761,12.054],[92.761,12.053],[92.762,12.053],[92.761,12.053],[92.761,12.052],[92.762,12.052],[92.762,12.052],[92.762,12.051],[92.762,12.051],[92.762,12.051],[92.763,12.051],[92.763,12.051],[92.764,12.052],[92.764,12.052],[92.765,12.052],[92.765,12.052],[92.766,12.052],[92.766,12.051],[92.766,12.051],[92.766,12.05],[92.766,12.05],[92.766,12.049],[92.766,12.049],[92.766,12.048],[92.766,12.048],[92.766,12.048],[92.766,12.047],[92.766,12.047],[92.766,12.047],[92.767,12.047],[92.767,12.046],[92.768,12.047],[92.768,12.047],[92.769,12.047],[92.769,12.047],[92.77,12.047],[92.77,12.047],[92.771,12.047],[92.771,12.047],[92.771,12.047],[92.772,12.047],[92.772,12.047],[92.773,12.047],[92.773,12.047],[92.773,12.047],[92.774,12.047],[92.774,12.048],[92.775,12.048],[92.775,12.048],[92.775,12.049],[92.776,12.049],[92.776,12.049],[92.776,12.05],[92.776,12.05],[92.777,12.05],[92.777,12.05],[92.778,12.05],[92.778,12.051],[92.779,12.051],[92.779,12.051],[92.78,12.05],[92.78,12.05],[92.781,12.05],[92.781,12.049],[92.781,12.049],[92.782,12.048],[92.783,12.048],[92.784,12.047],[92.784,12.047],[92.783,12.047],[92.783,12.046],[92.783,12.046],[92.783,12.045],[92.783,12.045],[92.782,12.044],[92.782,12.044],[92.782,12.043],[92.782,12.043],[92.781,12.043],[92.781,12.043],[92.78,12.041],[92.78,12.041],[92.779,12.041],[92.779,12.041],[92.778,12.041],[92.778,12.041],[92.777,12.041],[92.777,12.041],[92.777,12.041],[92.777,12.041],[92.777,12.04],[92.777,12.04],[92.777,12.04],[92.777,12.039],[92.776,12.039],[92.776,12.038],[92.777,12.038],[92.777,12.037],[92.776,12.037],[92.776,12.036],[92.776,12.036],[92.776,12.035],[92.776,12.035],[92.776,12.035],[92.776,12.034],[92.776,12.034],[92.776,12.033],[92.776,12.033],[92.776,12.033],[92.776,12.033],[92.776,12.032],[92.776,12.032],[92.776,12.031],[92.776,12.031],[92.776,12.031],[92.776,12.031],[92.776,12.031],[92.776,12.03],[92.777,12.03],[92.777,12.03],[92.777,12.029],[92.777,12.029],[92.777,12.029],[92.777,12.029],[92.777,12.028],[92.777,12.028],[92.777,12.028],[92.778,12.027],[92.778,12.027],[92.778,12.027],[92.779,12.027],[92.779,12.027],[92.779,12.027],[92.779,12.026],[92.779,12.025],[92.779,12.025],[92.779,12.025],[92.779,12.024],[92.779,12.024],[92.778,12.024],[92.777,12.024],[92.777,12.024],[92.777,12.024],[92.777,12.024],[92.776,12.024],[92.776,12.024],[92.776,12.024],[92.775,12.025],[92.775,12.024],[92.774,12.025],[92.774,12.025],[92.774,12.025],[92.774,12.025],[92.773,12.025],[92.773,12.025],[92.772,12.025],[92.772,12.025],[92.772,12.025],[92.772,12.025],[92.772,12.025],[92.771,12.025],[92.771,12.025],[92.771,12.025],[92.771,12.025],[92.77,12.025],[92.77,12.025],[92.77,12.025],[92.769,12.025],[92.769,12.025],[92.769,12.026],[92.768,12.026],[92.767,12.026],[92.767,12.026],[92.767,12.025],[92.766,12.025],[92.766,12.025],[92.765,12.026],[92.765,12.026],[92.765,12.026],[92.765,12.026],[92.765,12.025],[92.765,12.025],[92.765,12.024],[92.765,12.024],[92.766,12.024],[92.765,12.023],[92.765,12.023],[92.765,12.023],[92.764,12.022],[92.764,12.022],[92.763,12.021],[92.762,12.021],[92.762,12.021],[92.762,12.021],[92.761,12.021],[92.761,12.021],[92.761,12.021],[92.761,12.021],[92.76,12.021],[92.76,12.021],[92.759,12.022],[92.759,12.022],[92.758,12.022],[92.758,12.023],[92.757,12.023],[92.757,12.024],[92.757,12.024],[92.757,12.025],[92.757,12.025],[92.757,12.025],[92.757,12.026],[92.757,12.026],[92.755,12.026],[92.755,12.026],[92.754,12.027],[92.754,12.027],[92.754,12.027],[92.754,12.028],[92.754,12.028],[92.754,12.029],[92.753,12.029],[92.753,12.03],[92.753,12.03],[92.753,12.031],[92.753,12.031],[92.753,12.031],[92.754,12.032],[92.754,12.032],[92.753,12.033],[92.753,12.033],[92.753,12.033],[92.753,12.034],[92.753,12.034],[92.753,12.034],[92.753,12.033],[92.752,12.033],[92.752,12.033],[92.751,12.032],[92.751,12.032],[92.75,12.032],[92.75,12.032],[92.75,12.032],[92.749,12.032],[92.749,12.033],[92.749,12.033],[92.749,12.034],[92.749,12.034],[92.749,12.035],[92.749,12.035],[92.749,12.036],[92.749,12.036],[92.748,12.036],[92.748,12.036],[92.747,12.036],[92.747,12.036],[92.747,12.036],[92.747,12.035],[92.746,12.035],[92.746,12.035],[92.746,12.034],[92.745,12.034],[92.745,12.035],[92.744,12.035],[92.744,12.035],[92.743,12.035],[92.743,12.036],[92.743,12.036],[92.743,12.036],[92.742,12.037],[92.742,12.037],[92.742,12.038],[92.742,12.038],[92.742,12.038],[92.742,12.038],[92.741,12.038],[92.741,12.039],[92.741,12.039],[92.741,12.039],[92.741,12.04],[92.74,12.04],[92.74,12.04],[92.74,12.041],[92.741,12.041],[92.741,12.042],[92.741,12.042],[92.741,12.042],[92.74,12.042],[92.74,12.042],[92.74,12.041],[92.739,12.041],[92.739,12.041],[92.739,12.041],[92.739,12.04],[92.74,12.04],[92.74,12.039],[92.74,12.038],[92.74,12.038],[92.74,12.038],[92.74,12.037],[92.74,12.037],[92.74,12.037],[92.74,12.036],[92.741,12.036],[92.741,12.035],[92.741,12.035],[92.741,12.034],[92.741,12.034],[92.74,12.034],[92.74,12.034],[92.739,12.035],[92.739,12.035],[92.739,12.035],[92.738,12.035],[92.738,12.035],[92.738,12.034],[92.738,12.034],[92.738,12.033],[92.738,12.033],[92.738,12.033],[92.737,12.032],[92.737,12.032],[92.737,12.032],[92.737,12.031],[92.736,12.031],[92.736,12.031],[92.736,12.03],[92.737,12.03],[92.737,12.03],[92.738,12.03],[92.739,12.03],[92.74,12.03],[92.74,12.03],[92.741,12.03],[92.741,12.03],[92.741,12.03],[92.742,12.029],[92.741,12.029],[92.741,12.028],[92.741,12.028],[92.741,12.027],[92.741,12.027],[92.741,12.026],[92.741,12.026],[92.74,12.025],[92.74,12.025],[92.739,12.025],[92.739,12.024],[92.738,12.024],[92.738,12.024],[92.737,12.024],[92.737,12.024],[92.736,12.024],[92.736,12.024],[92.735,12.024],[92.735,12.024],[92.735,12.024],[92.734,12.024],[92.734,12.023],[92.734,12.023],[92.734,12.023],[92.734,12.022],[92.734,12.022],[92.734,12.021],[92.734,12.021],[92.734,12.02],[92.734,12.02],[92.734,12.02],[92.735,12.02],[92.735,12.02],[92.736,12.021],[92.736,12.021],[92.736,12.021],[92.736,12.021],[92.737,12.021],[92.737,12.021],[92.737,12.021],[92.738,12.021],[92.738,12.021],[92.739,12.02],[92.739,12.02],[92.74,12.019],[92.74,12.019],[92.74,12.019],[92.74,12.018],[92.74,12.018],[92.74,12.017],[92.74,12.017],[92.74,12.017],[92.739,12.017],[92.739,12.016],[92.738,12.016],[92.738,12.016],[92.737,12.016],[92.737,12.016],[92.737,12.016],[92.737,12.016],[92.738,12.015],[92.738,12.015],[92.738,12.015],[92.738,12.014],[92.739,12.014],[92.739,12.014],[92.739,12.013],[92.74,12.013],[92.74,12.013],[92.741,12.013],[92.741,12.014],[92.741,12.014],[92.741,12.015],[92.741,12.015],[92.742,12.015],[92.742,12.016],[92.743,12.016],[92.744,12.017],[92.744,12.017],[92.744,12.017],[92.744,12.018],[92.744,12.018],[92.744,12.018],[92.745,12.018],[92.745,12.018],[92.745,12.018],[92.746,12.018],[92.746,12.018],[92.747,12.017],[92.747,12.017],[92.748,12.016],[92.748,12.016],[92.748,12.015],[92.748,12.015],[92.749,12.014],[92.749,12.014],[92.75,12.014],[92.75,12.014],[92.75,12.014],[92.75,12.013],[92.75,12.013],[92.75,12.012],[92.751,12.012],[92.751,12.011],[92.75,12.011],[92.75,12.011],[92.749,12.01],[92.749,12.01],[92.749,12.01],[92.749,12.009],[92.749,12.009],[92.749,12.009],[92.749,12.008],[92.75,12.008],[92.75,12.008],[92.75,12.008],[92.75,12.007],[92.75,12.007],[92.75,12.007],[92.75,12.005],[92.75,12.005],[92.75,12.005],[92.75,12.005],[92.75,12.004],[92.751,12.004],[92.751,12.004],[92.751,12.004],[92.751,12.004],[92.752,12.003],[92.752,12.003],[92.752,12.003],[92.752,12.003],[92.753,12.002],[92.753,12.002],[92.753,12.003],[92.753,12.003],[92.754,12.003],[92.754,12.003],[92.754,12.003],[92.754,12.003],[92.755,12.003],[92.755,12.003],[92.756,12.003],[92.756,12.003],[92.756,12.003],[92.757,12.003],[92.757,12.003],[92.758,12.003],[92.758,12.003],[92.758,12.003],[92.758,12.004],[92.758,12.004],[92.758,12.005],[92.758,12.005],[92.759,12.005],[92.759,12.006],[92.759,12.006],[92.759,12.007],[92.759,12.007],[92.76,12.008],[92.76,12.008],[92.761,12.009],[92.761,12.009],[92.761,12.01],[92.762,12.01],[92.762,12.01],[92.762,12.011],[92.763,12.011],[92.763,12.011],[92.764,12.012],[92.764,12.012],[92.765,12.012],[92.766,12.012],[92.766,12.012],[92.766,12.011],[92.766,12.011],[92.766,12.011],[92.767,12.011],[92.767,12.009],[92.766,12.009],[92.766,12.009],[92.766,12.008],[92.766,12.008],[92.766,12.007],[92.766,12.005],[92.766,12.003],[92.766,12.003],[92.766,12.003],[92.767,12.002],[92.767,12.002],[92.767,12.002],[92.767,12.001],[92.768,12.001],[92.768,12],[92.768,12],[92.769,11.999],[92.769,11.999],[92.768,11.998],[92.768,11.998],[92.767,11.998],[92.767,11.998],[92.766,11.998],[92.766,11.998],[92.765,11.998],[92.765,11.998],[92.764,11.998],[92.764,11.998],[92.764,11.998],[92.764,11.998],[92.763,11.999],[92.763,11.999],[92.763,11.999],[92.762,11.998],[92.762,11.998],[92.762,11.998],[92.761,11.998],[92.761,11.998],[92.761,11.998],[92.76,11.997],[92.76,11.997],[92.759,11.997],[92.758,11.997],[92.758,11.997],[92.757,11.997],[92.757,11.997],[92.756,11.997],[92.756,11.997],[92.756,11.996],[92.755,11.996],[92.754,11.996],[92.754,11.997],[92.754,11.997],[92.753,11.997],[92.753,11.996],[92.752,11.996],[92.752,11.996],[92.751,11.996],[92.751,11.996],[92.751,11.996],[92.75,11.996],[92.75,11.996],[92.749,11.995],[92.749,11.995],[92.748,11.995],[92.748,11.995],[92.747,11.996],[92.747,11.996],[92.747,11.996],[92.747,11.996],[92.746,11.996],[92.746,11.996],[92.746,11.996],[92.746,11.995],[92.745,11.994],[92.745,11.994],[92.745,11.994],[92.744,11.994],[92.743,11.994],[92.743,11.994],[92.743,11.993],[92.743,11.993],[92.743,11.992],[92.743,11.992],[92.743,11.991],[92.743,11.991],[92.743,11.99],[92.743,11.989],[92.743,11.989],[92.743,11.988],[92.743,11.988],[92.744,11.988],[92.745,11.988],[92.745,11.989],[92.746,11.99],[92.747,11.99],[92.748,11.991],[92.748,11.991],[92.749,11.991],[92.749,11.992],[92.75,11.992],[92.751,11.992],[92.751,11.992],[92.751,11.992],[92.752,11.992],[92.753,11.992],[92.753,11.992],[92.754,11.991],[92.754,11.991],[92.754,11.991],[92.754,11.99],[92.755,11.99],[92.755,11.99],[92.756,11.989],[92.756,11.989],[92.756,11.989],[92.757,11.988],[92.757,11.988],[92.757,11.987],[92.757,11.987],[92.757,11.987],[92.757,11.986],[92.757,11.986],[92.756,11.986],[92.756,11.986],[92.756,11.986],[92.755,11.985],[92.755,11.985],[92.755,11.984],[92.755,11.984],[92.755,11.983],[92.755,11.983],[92.755,11.982],[92.754,11.982],[92.754,11.981],[92.754,11.981],[92.753,11.981],[92.753,11.981],[92.753,11.981],[92.752,11.98],[92.752,11.98],[92.752,11.979],[92.752,11.979],[92.751,11.979],[92.751,11.978],[92.75,11.978],[92.75,11.978],[92.749,11.978],[92.748,11.978],[92.748,11.978],[92.747,11.978],[92.747,11.978],[92.746,11.978],[92.746,11.979],[92.746,11.979],[92.746,11.98],[92.746,11.98],[92.746,11.981],[92.746,11.981],[92.746,11.981],[92.746,11.981],[92.746,11.982],[92.746,11.982],[92.746,11.982],[92.745,11.982],[92.745,11.982],[92.744,11.982],[92.744,11.982],[92.744,11.982],[92.743,11.982],[92.743,11.981],[92.742,11.981],[92.742,11.98],[92.741,11.98],[92.741,11.98],[92.74,11.979],[92.74,11.979],[92.74,11.979],[92.739,11.979],[92.739,11.979],[92.739,11.979],[92.739,11.978],[92.738,11.978],[92.738,11.978],[92.738,11.978],[92.737,11.977],[92.737,11.977],[92.736,11.977],[92.736,11.977],[92.735,11.977],[92.735,11.977],[92.734,11.977],[92.734,11.978],[92.734,11.979],[92.734,11.979],[92.734,11.98],[92.734,11.981],[92.734,11.981],[92.734,11.982],[92.733,11.982],[92.733,11.983],[92.734,11.983],[92.734,11.984],[92.735,11.984],[92.735,11.984],[92.736,11.984],[92.736,11.984],[92.737,11.985],[92.737,11.985],[92.737,11.986],[92.737,11.986],[92.738,11.987],[92.738,11.987],[92.738,11.988],[92.738,11.988],[92.738,11.989],[92.738,11.989],[92.738,11.989],[92.737,11.99],[92.737,11.99],[92.737,11.991],[92.737,11.991],[92.737,11.992],[92.737,11.992],[92.737,11.992],[92.737,11.993],[92.737,11.993],[92.737,11.993],[92.737,11.994],[92.738,11.994],[92.738,11.995],[92.738,11.995],[92.738,11.995],[92.738,11.996],[92.738,11.996],[92.738,11.996],[92.738,11.996],[92.739,11.997],[92.739,11.997],[92.739,11.997],[92.739,11.998],[92.738,11.997],[92.738,11.997],[92.738,11.997],[92.737,11.997],[92.737,11.997],[92.737,11.998],[92.736,11.998],[92.736,11.998],[92.735,11.998],[92.735,11.998],[92.734,11.998],[92.734,11.998],[92.733,11.998],[92.733,11.998],[92.733,11.998],[92.733,11.998],[92.732,11.997],[92.732,11.997],[92.732,11.997],[92.731,11.997],[92.731,11.997],[92.731,11.997],[92.73,11.996],[92.73,11.996],[92.729,11.996],[92.729,11.995],[92.728,11.995],[92.728,11.995],[92.728,11.994],[92.728,11.994],[92.728,11.994],[92.728,11.993],[92.728,11.993],[92.729,11.993],[92.729,11.994],[92.729,11.993],[92.73,11.993],[92.73,11.994],[92.73,11.994],[92.731,11.993],[92.731,11.993],[92.73,11.993],[92.73,11.993],[92.73,11.992],[92.729,11.992],[92.729,11.991],[92.729,11.99],[92.729,11.99],[92.729,11.989],[92.729,11.988],[92.729,11.988],[92.729,11.987],[92.729,11.987],[92.728,11.986],[92.728,11.986],[92.728,11.985],[92.727,11.985],[92.727,11.984],[92.727,11.984],[92.727,11.983],[92.727,11.982],[92.727,11.982],[92.726,11.982],[92.725,11.981],[92.725,11.981],[92.724,11.981],[92.723,11.981],[92.723,11.98],[92.723,11.98],[92.724,11.98],[92.724,11.979],[92.724,11.979],[92.725,11.978],[92.725,11.978],[92.725,11.978],[92.725,11.977],[92.725,11.977],[92.725,11.976],[92.724,11.976],[92.724,11.975],[92.724,11.975],[92.724,11.975],[92.724,11.974],[92.724,11.974],[92.725,11.974],[92.726,11.974],[92.726,11.974],[92.726,11.975],[92.727,11.975],[92.727,11.975],[92.728,11.975],[92.728,11.976],[92.729,11.976],[92.729,11.976],[92.73,11.976],[92.73,11.975],[92.73,11.975],[92.731,11.975],[92.731,11.974],[92.731,11.974],[92.732,11.973],[92.732,11.973],[92.732,11.972],[92.732,11.972],[92.733,11.971],[92.733,11.971],[92.733,11.97],[92.733,11.97],[92.733,11.969],[92.733,11.969],[92.733,11.968],[92.732,11.968],[92.732,11.968],[92.731,11.968],[92.731,11.968],[92.73,11.968],[92.73,11.969],[92.73,11.969],[92.73,11.969],[92.729,11.969],[92.729,11.969],[92.729,11.969],[92.729,11.968],[92.728,11.968],[92.728,11.968],[92.727,11.968],[92.727,11.968],[92.726,11.967],[92.726,11.967],[92.726,11.967],[92.725,11.967],[92.725,11.967],[92.725,11.967],[92.725,11.967],[92.725,11.966],[92.725,11.966],[92.725,11.965],[92.725,11.965],[92.725,11.964],[92.725,11.964],[92.724,11.963],[92.724,11.963],[92.723,11.962],[92.723,11.962],[92.722,11.963],[92.722,11.963],[92.721,11.963],[92.721,11.963],[92.721,11.963],[92.721,11.963],[92.72,11.963],[92.72,11.963],[92.72,11.962],[92.719,11.962],[92.719,11.962],[92.719,11.962],[92.719,11.961],[92.719,11.961],[92.719,11.96],[92.719,11.96],[92.719,11.959],[92.719,11.959],[92.719,11.958],[92.719,11.958],[92.719,11.958],[92.719,11.957],[92.719,11.957],[92.719,11.957],[92.719,11.956],[92.719,11.956],[92.718,11.956],[92.718,11.955],[92.718,11.955],[92.718,11.954],[92.718,11.953],[92.717,11.953],[92.717,11.953],[92.717,11.952],[92.717,11.952],[92.716,11.952],[92.716,11.952],[92.716,11.951],[92.716,11.951],[92.716,11.951],[92.716,11.95],[92.716,11.95],[92.716,11.95],[92.717,11.95],[92.718,11.95],[92.718,11.95],[92.718,11.949],[92.719,11.949],[92.719,11.948],[92.718,11.948],[92.718,11.947],[92.718,11.947],[92.718,11.947],[92.717,11.946],[92.717,11.946],[92.717,11.946],[92.717,11.945],[92.717,11.944],[92.717,11.943],[92.718,11.942],[92.718,11.941],[92.718,11.94],[92.719,11.94],[92.719,11.939],[92.719,11.939],[92.718,11.938],[92.718,11.938],[92.718,11.937],[92.717,11.937],[92.717,11.936],[92.717,11.936],[92.716,11.937],[92.716,11.937],[92.716,11.937],[92.715,11.936],[92.715,11.936],[92.715,11.936],[92.715,11.935],[92.715,11.935],[92.715,11.934],[92.715,11.934],[92.715,11.934],[92.715,11.933],[92.714,11.933],[92.714,11.933],[92.714,11.933],[92.715,11.933],[92.715,11.932],[92.715,11.932],[92.715,11.931],[92.715,11.931],[92.716,11.931],[92.716,11.931],[92.716,11.932],[92.716,11.933],[92.716,11.933],[92.717,11.933],[92.717,11.934],[92.717,11.934],[92.718,11.934],[92.718,11.934],[92.719,11.934],[92.719,11.934],[92.72,11.935],[92.72,11.934],[92.721,11.934],[92.721,11.934],[92.721,11.934],[92.722,11.934],[92.722,11.933],[92.723,11.933],[92.723,11.932],[92.724,11.932],[92.724,11.931],[92.724,11.931],[92.725,11.931],[92.725,11.93],[92.725,11.93],[92.725,11.93],[92.725,11.929],[92.725,11.929],[92.725,11.929],[92.725,11.929],[92.725,11.928],[92.725,11.928],[92.725,11.928],[92.725,11.927],[92.725,11.927],[92.725,11.927],[92.725,11.926],[92.725,11.926],[92.725,11.925],[92.725,11.925],[92.725,11.924],[92.725,11.924],[92.725,11.923],[92.725,11.923],[92.725,11.922],[92.725,11.922],[92.725,11.921],[92.725,11.921],[92.725,11.92],[92.724,11.92],[92.724,11.919],[92.724,11.919],[92.724,11.918],[92.724,11.918],[92.724,11.917],[92.725,11.917],[92.725,11.916],[92.725,11.916],[92.725,11.916],[92.725,11.915],[92.725,11.915],[92.725,11.914],[92.725,11.914],[92.725,11.913],[92.725,11.913],[92.725,11.912],[92.725,11.912],[92.725,11.912],[92.725,11.911],[92.725,11.911],[92.725,11.91],[92.725,11.91],[92.725,11.909],[92.725,11.909],[92.725,11.908],[92.725,11.908],[92.725,11.908],[92.725,11.907],[92.724,11.907],[92.724,11.906],[92.725,11.906],[92.725,11.905],[92.725,11.905],[92.724,11.904],[92.724,11.904],[92.724,11.904],[92.723,11.904],[92.723,11.903],[92.722,11.903],[92.722,11.903],[92.722,11.903],[92.723,11.903],[92.723,11.903],[92.724,11.903],[92.724,11.903],[92.725,11.903],[92.725,11.903],[92.725,11.903],[92.725,11.902],[92.726,11.902],[92.726,11.902],[92.726,11.902],[92.726,11.901],[92.726,11.901],[92.726,11.901],[92.727,11.9],[92.727,11.9],[92.727,11.899],[92.727,11.898],[92.727,11.898],[92.727,11.897],[92.727,11.897],[92.727,11.897],[92.727,11.896],[92.726,11.896],[92.726,11.895],[92.726,11.895],[92.726,11.894],[92.726,11.894],[92.725,11.894],[92.725,11.893],[92.725,11.893],[92.724,11.892],[92.724,11.892],[92.723,11.891],[92.723,11.891],[92.724,11.891],[92.724,11.891],[92.724,11.891],[92.725,11.891],[92.726,11.891],[92.726,11.891],[92.726,11.89],[92.726,11.89],[92.726,11.889],[92.726,11.889],[92.726,11.888],[92.726,11.888],[92.726,11.887],[92.726,11.887],[92.726,11.886],[92.726,11.886],[92.726,11.885],[92.725,11.884],[92.725,11.884],[92.725,11.883],[92.725,11.883],[92.725,11.882],[92.725,11.882],[92.725,11.882],[92.725,11.881],[92.725,11.881],[92.725,11.881],[92.725,11.88],[92.724,11.88],[92.724,11.88],[92.724,11.879],[92.724,11.879],[92.724,11.878],[92.724,11.878],[92.723,11.878],[92.723,11.877],[92.723,11.877],[92.725,11.877],[92.725,11.876],[92.725,11.876],[92.725,11.876],[92.725,11.875],[92.725,11.874],[92.725,11.874],[92.725,11.873],[92.725,11.872],[92.726,11.872],[92.726,11.871],[92.726,11.871],[92.726,11.87],[92.726,11.87],[92.726,11.87],[92.726,11.87],[92.726,11.869],[92.726,11.869],[92.726,11.869],[92.726,11.868],[92.726,11.868],[92.726,11.867],[92.727,11.867],[92.727,11.866],[92.727,11.866],[92.727,11.865],[92.727,11.865],[92.727,11.864],[92.727,11.864],[92.727,11.863],[92.727,11.862],[92.727,11.862],[92.727,11.861],[92.727,11.86],[92.727,11.86],[92.726,11.859],[92.726,11.858],[92.726,11.858],[92.726,11.857],[92.726,11.857],[92.726,11.856],[92.726,11.856],[92.726,11.855],[92.725,11.855],[92.725,11.854],[92.725,11.854],[92.725,11.853],[92.725,11.853],[92.725,11.852],[92.724,11.852],[92.724,11.851],[92.724,11.851],[92.724,11.851],[92.724,11.85],[92.724,11.85],[92.724,11.85],[92.724,11.849],[92.724,11.849],[92.723,11.848],[92.723,11.848],[92.723,11.848],[92.723,11.847],[92.722,11.847],[92.722,11.846],[92.722,11.846],[92.722,11.845],[92.722,11.845],[92.721,11.844],[92.721,11.844],[92.721,11.843],[92.721,11.843],[92.721,11.842],[92.721,11.841],[92.72,11.841],[92.72,11.84],[92.72,11.84],[92.72,11.839],[92.72,11.839],[92.72,11.838],[92.719,11.838],[92.719,11.837],[92.719,11.837],[92.719,11.837],[92.718,11.836],[92.718,11.836],[92.718,11.835],[92.718,11.835],[92.718,11.835],[92.718,11.834],[92.717,11.834],[92.717,11.833],[92.717,11.833],[92.717,11.833],[92.717,11.832],[92.716,11.832],[92.716,11.832],[92.716,11.831],[92.716,11.831],[92.716,11.83],[92.716,11.83],[92.716,11.829],[92.716,11.829],[92.715,11.828],[92.715,11.828],[92.715,11.827],[92.715,11.826],[92.714,11.826],[92.714,11.826],[92.714,11.825],[92.714,11.825],[92.714,11.825],[92.714,11.824],[92.713,11.824],[92.713,11.824],[92.713,11.823],[92.713,11.823],[92.713,11.823],[92.712,11.822],[92.712,11.822],[92.712,11.822],[92.712,11.821],[92.712,11.821],[92.711,11.821],[92.711,11.82],[92.711,11.82],[92.711,11.82],[92.71,11.82],[92.71,11.819],[92.71,11.819],[92.71,11.819],[92.709,11.818],[92.709,11.818],[92.709,11.818],[92.708,11.817],[92.708,11.817],[92.707,11.817],[92.707,11.816],[92.707,11.816],[92.706,11.816],[92.706,11.815],[92.705,11.815],[92.705,11.815],[92.704,11.815],[92.704,11.815],[92.703,11.814],[92.703,11.814],[92.702,11.814],[92.702,11.814],[92.701,11.814],[92.701,11.814],[92.7,11.814],[92.699,11.814],[92.699,11.815],[92.698,11.815],[92.698,11.815],[92.698,11.815],[92.697,11.815],[92.697,11.815],[92.697,11.815],[92.697,11.815],[92.697,11.814],[92.697,11.814],[92.697,11.813],[92.697,11.813],[92.696,11.813],[92.696,11.813],[92.696,11.813],[92.695,11.813],[92.695,11.814],[92.694,11.814],[92.694,11.814],[92.693,11.815],[92.692,11.815],[92.691,11.815],[92.691,11.816],[92.69,11.816],[92.69,11.816],[92.69,11.816],[92.689,11.816],[92.689,11.816],[92.688,11.816],[92.688,11.817],[92.687,11.817],[92.687,11.817],[92.686,11.817],[92.686,11.817],[92.685,11.818],[92.685,11.818],[92.684,11.818],[92.684,11.818],[92.684,11.819],[92.683,11.819],[92.683,11.819],[92.682,11.819],[92.682,11.819],[92.682,11.819],[92.681,11.819],[92.68,11.819],[92.68,11.819],[92.68,11.819],[92.68,11.819],[92.68,11.819],[92.68,11.819],[92.68,11.818],[92.681,11.818],[92.681,11.818],[92.682,11.818],[92.682,11.818],[92.682,11.817],[92.683,11.817],[92.683,11.817],[92.684,11.817],[92.684,11.817],[92.685,11.816],[92.685,11.816],[92.686,11.816],[92.686,11.816],[92.686,11.816],[92.687,11.815],[92.687,11.815],[92.688,11.815],[92.688,11.815],[92.689,11.814],[92.689,11.814],[92.689,11.814],[92.69,11.814],[92.691,11.814],[92.691,11.814],[92.692,11.814],[92.693,11.814],[92.693,11.813],[92.693,11.811],[92.693,11.81],[92.692,11.81],[92.692,11.809],[92.692,11.809],[92.692,11.809],[92.693,11.809],[92.694,11.81],[92.694,11.81],[92.695,11.81],[92.695,11.81],[92.695,11.81],[92.696,11.811],[92.696,11.811],[92.697,11.811],[92.697,11.812],[92.697,11.812],[92.698,11.812],[92.698,11.813],[92.699,11.813],[92.699,11.813],[92.7,11.813],[92.7,11.812],[92.701,11.812],[92.701,11.812],[92.701,11.812],[92.702,11.812],[92.702,11.812],[92.702,11.812],[92.702,11.812],[92.703,11.813],[92.704,11.813],[92.704,11.813],[92.705,11.813],[92.706,11.813],[92.706,11.813],[92.707,11.813],[92.707,11.814],[92.708,11.814],[92.708,11.814],[92.709,11.814],[92.709,11.814],[92.709,11.814],[92.71,11.814],[92.71,11.815],[92.71,11.815],[92.711,11.815],[92.711,11.815],[92.711,11.816],[92.711,11.816],[92.712,11.816],[92.712,11.817],[92.712,11.817],[92.712,11.818],[92.712,11.818],[92.713,11.819],[92.713,11.819],[92.713,11.82],[92.714,11.82],[92.714,11.821],[92.714,11.821],[92.715,11.822],[92.715,11.822],[92.715,11.822],[92.716,11.823],[92.716,11.823],[92.717,11.823],[92.717,11.823],[92.717,11.824],[92.718,11.824],[92.718,11.824],[92.718,11.825],[92.718,11.825],[92.718,11.825],[92.719,11.825],[92.719,11.826],[92.719,11.826],[92.719,11.826],[92.719,11.827],[92.719,11.827],[92.719,11.828],[92.719,11.828],[92.719,11.829],[92.719,11.829],[92.719,11.83],[92.72,11.83],[92.72,11.831],[92.72,11.831],[92.72,11.832],[92.72,11.832],[92.72,11.832],[92.72,11.833],[92.72,11.833],[92.72,11.833],[92.721,11.833],[92.721,11.834],[92.721,11.834],[92.721,11.834],[92.721,11.835],[92.722,11.835],[92.722,11.836],[92.722,11.836],[92.722,11.836],[92.723,11.837],[92.723,11.837],[92.723,11.838],[92.723,11.838],[92.723,11.839],[92.724,11.839],[92.724,11.84],[92.725,11.84],[92.725,11.841],[92.725,11.841],[92.726,11.842],[92.726,11.842],[92.726,11.843],[92.726,11.843],[92.726,11.844],[92.726,11.844],[92.726,11.845],[92.727,11.845],[92.727,11.845],[92.727,11.846],[92.727,11.846],[92.727,11.846],[92.727,11.847],[92.727,11.847],[92.727,11.848],[92.727,11.848],[92.727,11.849],[92.727,11.849],[92.727,11.849],[92.728,11.85],[92.728,11.85],[92.728,11.851],[92.728,11.851],[92.728,11.852],[92.729,11.852],[92.729,11.852],[92.73,11.853],[92.73,11.853],[92.73,11.853],[92.731,11.854],[92.731,11.854],[92.731,11.855],[92.731,11.855],[92.731,11.855],[92.731,11.856],[92.731,11.856],[92.731,11.856],[92.732,11.857],[92.732,11.857],[92.732,11.857],[92.732,11.858],[92.731,11.858],[92.731,11.859],[92.731,11.859],[92.731,11.859],[92.73,11.86],[92.73,11.86],[92.73,11.861],[92.73,11.861],[92.73,11.862],[92.73,11.862],[92.731,11.863],[92.731,11.863],[92.731,11.864],[92.731,11.864],[92.731,11.864],[92.731,11.865],[92.731,11.865],[92.731,11.866],[92.731,11.866],[92.731,11.867],[92.731,11.868],[92.731,11.868],[92.731,11.869],[92.731,11.869],[92.731,11.87],[92.731,11.871],[92.731,11.871],[92.731,11.872],[92.732,11.872],[92.732,11.873],[92.732,11.874],[92.732,11.874],[92.733,11.874],[92.733,11.875],[92.733,11.875],[92.733,11.876],[92.733,11.876],[92.733,11.876],[92.732,11.877],[92.732,11.877],[92.732,11.878],[92.732,11.878],[92.732,11.879],[92.732,11.879],[92.732,11.879],[92.732,11.88],[92.732,11.88],[92.732,11.88],[92.732,11.881],[92.732,11.881],[92.732,11.881],[92.732,11.882],[92.732,11.882],[92.731,11.883],[92.731,11.883],[92.731,11.884],[92.731,11.884],[92.731,11.885],[92.732,11.885],[92.732,11.886],[92.732,11.886],[92.732,11.886],[92.732,11.887],[92.732,11.887],[92.732,11.888],[92.732,11.888],[92.732,11.889],[92.732,11.889],[92.732,11.889],[92.732,11.89],[92.732,11.89],[92.733,11.891],[92.733,11.891],[92.733,11.891],[92.733,11.892],[92.733,11.892],[92.733,11.893],[92.733,11.893],[92.732,11.894],[92.732,11.894],[92.732,11.895],[92.732,11.896],[92.732,11.896],[92.732,11.897],[92.732,11.898],[92.732,11.898],[92.732,11.898],[92.732,11.898],[92.732,11.899],[92.732,11.899],[92.732,11.9],[92.732,11.9],[92.732,11.901],[92.732,11.901],[92.733,11.901],[92.733,11.902],[92.733,11.902],[92.733,11.903],[92.733,11.903],[92.733,11.904],[92.733,11.904],[92.733,11.904],[92.733,11.905],[92.733,11.905],[92.733,11.906],[92.734,11.906],[92.734,11.907],[92.734,11.907],[92.734,11.908],[92.734,11.908],[92.735,11.909],[92.735,11.909],[92.735,11.91],[92.735,11.91],[92.735,11.91],[92.735,11.911],[92.736,11.911],[92.736,11.912],[92.736,11.913],[92.736,11.913],[92.736,11.914],[92.737,11.914],[92.737,11.914],[92.737,11.915],[92.737,11.915],[92.737,11.916],[92.738,11.916],[92.738,11.917],[92.738,11.917],[92.739,11.918],[92.739,11.918],[92.739,11.919],[92.74,11.919],[92.74,11.919],[92.741,11.92],[92.741,11.92],[92.741,11.92],[92.741,11.921],[92.742,11.921],[92.742,11.921],[92.742,11.922],[92.742,11.922],[92.742,11.923],[92.742,11.923],[92.742,11.924],[92.742,11.924],[92.743,11.925],[92.743,11.926],[92.743,11.926],[92.743,11.926],[92.743,11.927],[92.744,11.927],[92.744,11.928],[92.744,11.928],[92.745,11.929],[92.745,11.929],[92.745,11.93],[92.745,11.93],[92.745,11.93],[92.745,11.931],[92.746,11.931],[92.746,11.931],[92.746,11.932],[92.747,11.932],[92.747,11.932],[92.748,11.932],[92.748,11.932],[92.748,11.932],[92.749,11.932],[92.749,11.932],[92.75,11.932],[92.75,11.932],[92.751,11.932],[92.751,11.932],[92.751,11.932],[92.752,11.931],[92.752,11.931],[92.752,11.931],[92.753,11.931],[92.753,11.931],[92.754,11.932],[92.754,11.932],[92.754,11.932],[92.754,11.933],[92.755,11.933],[92.755,11.933],[92.756,11.934],[92.756,11.934],[92.756,11.934],[92.757,11.934],[92.757,11.935],[92.758,11.935],[92.758,11.935],[92.759,11.936],[92.759,11.936],[92.759,11.936],[92.759,11.936],[92.76,11.936],[92.76,11.936],[92.76,11.937],[92.761,11.936],[92.761,11.936],[92.762,11.937],[92.762,11.937],[92.762,11.938],[92.762,11.938],[92.762,11.938],[92.763,11.939],[92.763,11.939],[92.763,11.939],[92.764,11.939],[92.764,11.94],[92.764,11.94],[92.765,11.94],[92.765,11.939],[92.765,11.939],[92.766,11.939],[92.766,11.939],[92.767,11.938],[92.767,11.938],[92.768,11.938],[92.768,11.939],[92.768,11.939],[92.769,11.939],[92.769,11.939],[92.769,11.939],[92.769,11.939],[92.77,11.939],[92.77,11.94],[92.771,11.94],[92.771,11.94],[92.772,11.939],[92.772,11.939],[92.773,11.939],[92.774,11.939],[92.775,11.939],[92.776,11.939],[92.777,11.938],[92.778,11.938],[92.778,11.938],[92.779,11.938],[92.779,11.937],[92.78,11.937],[92.78,11.936],[92.781,11.936],[92.782,11.936],[92.782,11.936],[92.782,11.936],[92.783,11.936],[92.784,11.936],[92.784,11.936],[92.784,11.936],[92.785,11.936],[92.785,11.935],[92.785,11.935],[92.786,11.935],[92.785,11.934],[92.785,11.934],[92.784,11.934],[92.784,11.934],[92.783,11.933],[92.783,11.933],[92.783,11.932],[92.783,11.932],[92.783,11.931],[92.782,11.931],[92.782,11.93],[92.783,11.929],[92.783,11.929],[92.784,11.928],[92.784,11.928],[92.784,11.928],[92.785,11.927],[92.785,11.927],[92.786,11.926],[92.787,11.926],[92.787,11.926],[92.788,11.926],[92.788,11.925],[92.788,11.924],[92.788,11.924],[92.788,11.923],[92.787,11.923],[92.788,11.922],[92.788,11.921],[92.788,11.92],[92.788,11.92],[92.788,11.919],[92.788,11.919],[92.788,11.918],[92.788,11.918],[92.788,11.918],[92.788,11.917],[92.787,11.917],[92.787,11.916],[92.787,11.916],[92.787,11.915],[92.787,11.915],[92.786,11.914],[92.786,11.914],[92.786,11.913],[92.786,11.913],[92.785,11.912],[92.785,11.912],[92.785,11.911],[92.785,11.911],[92.785,11.91],[92.786,11.91],[92.786,11.91],[92.785,11.909],[92.785,11.909],[92.785,11.909],[92.785,11.908],[92.785,11.908],[92.784,11.907],[92.784,11.907],[92.784,11.906],[92.783,11.906],[92.783,11.905],[92.783,11.905],[92.783,11.904],[92.784,11.904],[92.784,11.904],[92.784,11.903],[92.785,11.903],[92.785,11.903],[92.785,11.903],[92.786,11.903],[92.786,11.902],[92.786,11.902],[92.786,11.901],[92.786,11.901],[92.787,11.901],[92.787,11.901],[92.787,11.902],[92.788,11.902],[92.788,11.902],[92.789,11.901],[92.788,11.901],[92.788,11.901],[92.788,11.9],[92.788,11.9],[92.787,11.9],[92.787,11.9],[92.786,11.9],[92.786,11.9],[92.786,11.9],[92.785,11.899],[92.785,11.899],[92.785,11.898],[92.784,11.899],[92.783,11.899],[92.783,11.899],[92.783,11.898],[92.782,11.898],[92.782,11.898],[92.782,11.898],[92.781,11.897],[92.781,11.897],[92.781,11.897],[92.78,11.896],[92.78,11.896],[92.78,11.896],[92.78,11.895],[92.78,11.895],[92.779,11.894],[92.779,11.894],[92.779,11.894],[92.779,11.893],[92.779,11.892],[92.779,11.892],[92.779,11.891],[92.78,11.89],[92.78,11.89],[92.781,11.89],[92.781,11.89],[92.782,11.89],[92.782,11.889],[92.782,11.889],[92.782,11.889],[92.782,11.888],[92.782,11.888],[92.783,11.888],[92.783,11.887],[92.783,11.887],[92.784,11.887],[92.784,11.886],[92.785,11.886],[92.785,11.886],[92.785,11.886],[92.786,11.885],[92.786,11.885],[92.786,11.885],[92.787,11.885],[92.787,11.884],[92.788,11.884],[92.788,11.884],[92.788,11.883],[92.787,11.883],[92.787,11.883],[92.786,11.882],[92.786,11.882],[92.786,11.881],[92.786,11.881],[92.786,11.88],[92.786,11.88],[92.786,11.88],[92.786,11.879],[92.786,11.879],[92.786,11.878],[92.786,11.878],[92.787,11.878],[92.787,11.877],[92.787,11.877],[92.787,11.877],[92.787,11.876],[92.786,11.876],[92.786,11.876],[92.786,11.875],[92.786,11.875],[92.786,11.874],[92.786,11.874],[92.787,11.873],[92.787,11.872],[92.787,11.872],[92.787,11.872],[92.786,11.871],[92.786,11.871],[92.786,11.87],[92.786,11.869],[92.785,11.868],[92.786,11.868],[92.786,11.867],[92.786,11.867],[92.786,11.867],[92.786,11.866],[92.786,11.866],[92.786,11.865],[92.786,11.864],[92.786,11.864],[92.786,11.863],[92.785,11.863],[92.785,11.862],[92.785,11.862],[92.785,11.862],[92.785,11.861],[92.785,11.861],[92.784,11.861],[92.784,11.861],[92.784,11.86],[92.784,11.86],[92.784,11.86],[92.784,11.859],[92.784,11.859],[92.784,11.858],[92.784,11.858],[92.784,11.857],[92.784,11.857],[92.784,11.857],[92.785,11.856],[92.785,11.856],[92.785,11.856],[92.786,11.856],[92.786,11.856],[92.786,11.855],[92.786,11.855],[92.786,11.854],[92.786,11.853],[92.786,11.853],[92.785,11.852],[92.785,11.852],[92.785,11.851],[92.784,11.851],[92.784,11.851],[92.783,11.851],[92.783,11.851],[92.782,11.851],[92.782,11.851],[92.782,11.851],[92.781,11.851],[92.781,11.851],[92.781,11.85],[92.781,11.85],[92.781,11.849],[92.781,11.849],[92.78,11.848],[92.78,11.847],[92.78,11.847],[92.78,11.846],[92.78,11.846],[92.781,11.845],[92.781,11.845],[92.781,11.844],[92.781,11.844],[92.781,11.844],[92.781,11.843],[92.781,11.843],[92.78,11.842],[92.78,11.842],[92.779,11.842],[92.779,11.841],[92.779,11.841],[92.778,11.841],[92.778,11.84],[92.778,11.839],[92.778,11.839],[92.778,11.838],[92.778,11.838],[92.779,11.837],[92.779,11.837],[92.778,11.837],[92.778,11.836],[92.778,11.836],[92.777,11.835],[92.777,11.835],[92.777,11.834],[92.776,11.834],[92.776,11.833],[92.776,11.833],[92.776,11.832],[92.776,11.832],[92.777,11.831],[92.777,11.831],[92.777,11.831],[92.778,11.83],[92.778,11.83],[92.778,11.83],[92.778,11.829],[92.778,11.829],[92.778,11.828],[92.778,11.828],[92.778,11.827],[92.778,11.827],[92.778,11.826],[92.777,11.826],[92.777,11.825],[92.776,11.825],[92.776,11.825],[92.776,11.825],[92.776,11.824],[92.776,11.824],[92.776,11.824],[92.776,11.823],[92.776,11.822],[92.776,11.822],[92.776,11.821],[92.776,11.821],[92.776,11.821],[92.776,11.82],[92.776,11.819],[92.775,11.819],[92.775,11.819],[92.775,11.818],[92.775,11.818],[92.775,11.818],[92.775,11.817],[92.774,11.817],[92.774,11.816],[92.774,11.815],[92.774,11.814],[92.774,11.814],[92.775,11.813],[92.775,11.813],[92.775,11.812],[92.774,11.812],[92.774,11.811],[92.774,11.81],[92.774,11.81],[92.773,11.81],[92.773,11.809],[92.773,11.809],[92.773,11.809],[92.773,11.809],[92.773,11.808],[92.773,11.807],[92.773,11.807],[92.773,11.806],[92.772,11.806],[92.772,11.805],[92.772,11.805],[92.772,11.805],[92.772,11.804],[92.771,11.804],[92.771,11.804],[92.771,11.803],[92.771,11.802],[92.771,11.801],[92.771,11.801],[92.771,11.8],[92.77,11.8],[92.77,11.8],[92.77,11.799],[92.769,11.799],[92.77,11.798],[92.77,11.798],[92.77,11.797],[92.77,11.797],[92.77,11.796],[92.77,11.796],[92.77,11.796],[92.77,11.795],[92.77,11.795],[92.77,11.795],[92.77,11.795],[92.77,11.794],[92.77,11.794],[92.77,11.794],[92.77,11.793],[92.77,11.793],[92.77,11.792],[92.77,11.792],[92.77,11.792],[92.77,11.792],[92.771,11.791],[92.771,11.791],[92.771,11.791],[92.771,11.79],[92.771,11.789],[92.771,11.789],[92.771,11.788],[92.771,11.788],[92.771,11.787],[92.771,11.786],[92.771,11.786],[92.771,11.785],[92.77,11.785],[92.77,11.784],[92.77,11.784],[92.769,11.783],[92.769,11.783],[92.769,11.782],[92.769,11.782],[92.769,11.781],[92.768,11.781],[92.768,11.781],[92.768,11.78],[92.767,11.78],[92.767,11.779],[92.767,11.779],[92.767,11.778],[92.767,11.778],[92.768,11.777],[92.768,11.777],[92.768,11.776],[92.768,11.776],[92.768,11.776],[92.769,11.775],[92.769,11.775],[92.769,11.775],[92.769,11.775],[92.769,11.774],[92.769,11.773],[92.769,11.772],[92.768,11.771],[92.768,11.77],[92.766,11.769],[92.766,11.769],[92.766,11.768],[92.765,11.768],[92.765,11.767],[92.765,11.767],[92.765,11.766],[92.765,11.766],[92.765,11.766],[92.765,11.765],[92.765,11.765],[92.765,11.765],[92.765,11.765],[92.766,11.764],[92.766,11.764],[92.766,11.763],[92.766,11.763],[92.766,11.762],[92.765,11.761],[92.765,11.761],[92.765,11.761],[92.764,11.761],[92.764,11.76],[92.764,11.76],[92.764,11.76],[92.764,11.76],[92.764,11.76],[92.765,11.759],[92.765,11.759],[92.765,11.759],[92.766,11.758],[92.766,11.758],[92.766,11.758],[92.766,11.758],[92.766,11.757],[92.766,11.757],[92.766,11.756],[92.766,11.756],[92.766,11.755],[92.766,11.755],[92.766,11.755],[92.766,11.754],[92.766,11.754],[92.766,11.753],[92.766,11.753],[92.766,11.752],[92.766,11.752],[92.766,11.751],[92.766,11.751],[92.765,11.751],[92.765,11.75],[92.765,11.75],[92.765,11.749],[92.764,11.749],[92.764,11.748],[92.763,11.748],[92.763,11.748],[92.763,11.747],[92.763,11.747],[92.762,11.746],[92.762,11.746],[92.761,11.746],[92.761,11.746],[92.761,11.745],[92.761,11.745],[92.761,11.744],[92.761,11.743],[92.761,11.743],[92.761,11.743],[92.762,11.742],[92.762,11.742],[92.762,11.742],[92.762,11.741],[92.762,11.741],[92.762,11.74],[92.761,11.74],[92.761,11.739],[92.761,11.739],[92.761,11.738],[92.76,11.737],[92.759,11.737],[92.759,11.736],[92.759,11.736],[92.759,11.735],[92.759,11.735],[92.759,11.734],[92.759,11.734],[92.759,11.734],[92.759,11.733],[92.759,11.733],[92.759,11.733],[92.759,11.732],[92.759,11.732],[92.759,11.731],[92.759,11.73],[92.759,11.73],[92.759,11.729],[92.759,11.729],[92.759,11.728],[92.758,11.728],[92.758,11.728],[92.758,11.728],[92.757,11.727],[92.757,11.727],[92.757,11.727],[92.757,11.727],[92.756,11.726],[92.756,11.726],[92.756,11.726],[92.756,11.725],[92.756,11.725],[92.756,11.724],[92.757,11.724],[92.757,11.723],[92.757,11.722],[92.757,11.722],[92.757,11.721],[92.757,11.721],[92.757,11.72],[92.757,11.72],[92.756,11.719],[92.756,11.719],[92.756,11.718],[92.755,11.718],[92.755,11.718],[92.755,11.718],[92.755,11.717],[92.755,11.717],[92.755,11.717],[92.755,11.716],[92.755,11.716],[92.756,11.715],[92.756,11.715],[92.756,11.715],[92.756,11.714],[92.756,11.714],[92.757,11.713],[92.757,11.713],[92.757,11.713],[92.757,11.712],[92.758,11.712],[92.758,11.71],[92.758,11.71],[92.758,11.708],[92.758,11.708],[92.757,11.707],[92.757,11.706],[92.757,11.705],[92.756,11.704],[92.756,11.703],[92.756,11.702],[92.755,11.702],[92.755,11.701],[92.755,11.701],[92.754,11.702],[92.754,11.702],[92.753,11.702],[92.753,11.703],[92.753,11.703],[92.752,11.704],[92.752,11.704],[92.752,11.704],[92.752,11.705],[92.751,11.705],[92.751,11.705],[92.751,11.706],[92.751,11.706],[92.751,11.706],[92.751,11.707],[92.75,11.707],[92.75,11.707],[92.75,11.708],[92.749,11.708],[92.749,11.708],[92.749,11.709],[92.748,11.709],[92.748,11.71],[92.747,11.71],[92.747,11.711],[92.747,11.712],[92.747,11.712],[92.747,11.712],[92.747,11.713],[92.746,11.713],[92.746,11.714],[92.746,11.714],[92.746,11.714],[92.746,11.714],[92.745,11.714],[92.745,11.714],[92.745,11.713],[92.744,11.713],[92.744,11.713],[92.743,11.713],[92.743,11.712],[92.743,11.712],[92.743,11.712],[92.743,11.711],[92.743,11.711],[92.742,11.71],[92.742,11.709],[92.742,11.709],[92.742,11.708],[92.742,11.708],[92.742,11.707],[92.742,11.707],[92.742,11.706],[92.743,11.706],[92.743,11.705],[92.743,11.704],[92.743,11.704],[92.743,11.703],[92.743,11.703],[92.744,11.702],[92.744,11.702],[92.744,11.701],[92.744,11.701],[92.744,11.7],[92.744,11.7],[92.744,11.7],[92.744,11.699],[92.744,11.699],[92.744,11.699],[92.744,11.698],[92.744,11.698],[92.744,11.698],[92.744,11.697],[92.744,11.696],[92.744,11.696],[92.744,11.696],[92.744,11.695],[92.745,11.695],[92.745,11.695],[92.745,11.694],[92.745,11.694],[92.745,11.694],[92.745,11.693],[92.745,11.693],[92.745,11.692],[92.745,11.692],[92.745,11.692],[92.745,11.691],[92.745,11.691],[92.744,11.691],[92.744,11.691],[92.743,11.691],[92.743,11.69],[92.742,11.69],[92.741,11.69],[92.741,11.69],[92.74,11.69],[92.74,11.69],[92.739,11.691],[92.739,11.691],[92.738,11.691],[92.738,11.691],[92.737,11.692],[92.737,11.692],[92.736,11.692],[92.736,11.693],[92.736,11.693],[92.735,11.694],[92.735,11.694],[92.735,11.694],[92.735,11.695],[92.734,11.695],[92.734,11.695],[92.733,11.696],[92.733,11.696],[92.733,11.696],[92.733,11.697],[92.732,11.697],[92.732,11.697],[92.732,11.698],[92.732,11.698],[92.731,11.698],[92.731,11.698],[92.731,11.698],[92.73,11.698],[92.73,11.698],[92.73,11.697],[92.73,11.697],[92.73,11.697],[92.73,11.697],[92.729,11.696],[92.729,11.696],[92.729,11.696],[92.729,11.695],[92.728,11.695],[92.728,11.695],[92.728,11.695],[92.727,11.696],[92.727,11.696],[92.727,11.697],[92.727,11.697],[92.726,11.697],[92.726,11.697],[92.726,11.697],[92.725,11.697],[92.725,11.697],[92.724,11.697],[92.724,11.697],[92.724,11.697],[92.724,11.697],[92.723,11.697],[92.723,11.697],[92.723,11.697],[92.722,11.698],[92.721,11.698],[92.721,11.699],[92.721,11.699],[92.721,11.7],[92.721,11.701],[92.721,11.701],[92.721,11.702],[92.72,11.702],[92.72,11.702],[92.72,11.703],[92.72,11.703],[92.72,11.704],[92.72,11.704],[92.72,11.704],[92.719,11.704],[92.719,11.705],[92.719,11.705],[92.719,11.705],[92.719,11.705],[92.718,11.706],[92.718,11.706],[92.718,11.706],[92.717,11.706],[92.717,11.706],[92.716,11.705],[92.716,11.705],[92.716,11.704],[92.716,11.704],[92.715,11.704],[92.715,11.704],[92.714,11.704],[92.714,11.703],[92.714,11.703],[92.714,11.702],[92.714,11.702],[92.714,11.701],[92.714,11.701],[92.714,11.7],[92.714,11.7],[92.714,11.7],[92.714,11.699],[92.714,11.699],[92.714,11.699],[92.714,11.698],[92.714,11.698],[92.714,11.698],[92.714,11.697],[92.714,11.697],[92.713,11.696],[92.713,11.696],[92.713,11.695],[92.713,11.695],[92.712,11.695],[92.712,11.695],[92.712,11.695],[92.711,11.696],[92.711,11.696],[92.71,11.696],[92.71,11.697],[92.71,11.697],[92.71,11.698],[92.709,11.698],[92.709,11.698],[92.709,11.699],[92.709,11.699],[92.709,11.7],[92.708,11.7],[92.708,11.7],[92.708,11.701],[92.708,11.701],[92.708,11.702],[92.709,11.702],[92.709,11.703],[92.709,11.703],[92.709,11.704],[92.708,11.703],[92.708,11.703],[92.708,11.703],[92.707,11.703],[92.707,11.704],[92.707,11.704],[92.706,11.704],[92.706,11.705],[92.706,11.705],[92.706,11.706],[92.705,11.706],[92.705,11.706],[92.705,11.706],[92.704,11.706],[92.704,11.706],[92.704,11.707],[92.704,11.707],[92.703,11.707],[92.702,11.707],[92.702,11.707],[92.702,11.707],[92.702,11.706],[92.703,11.706],[92.703,11.705],[92.704,11.705],[92.704,11.705],[92.704,11.705],[92.704,11.704],[92.705,11.704],[92.705,11.704],[92.705,11.703],[92.705,11.703],[92.705,11.703],[92.704,11.702],[92.704,11.702],[92.703,11.702],[92.702,11.702],[92.702,11.702],[92.701,11.702],[92.701,11.702],[92.701,11.702],[92.7,11.702],[92.7,11.702],[92.699,11.702],[92.699,11.702],[92.699,11.702],[92.697,11.701],[92.696,11.701],[92.696,11.701],[92.696,11.7],[92.697,11.7],[92.698,11.701],[92.699,11.701],[92.704,11.701],[92.705,11.701],[92.705,11.701],[92.706,11.7],[92.706,11.7],[92.706,11.7],[92.707,11.7],[92.707,11.7],[92.707,11.699],[92.707,11.699],[92.707,11.699],[92.707,11.698],[92.707,11.697],[92.707,11.697],[92.707,11.697],[92.707,11.697],[92.707,11.697],[92.706,11.697],[92.706,11.698],[92.706,11.698],[92.706,11.699],[92.706,11.699],[92.705,11.698],[92.704,11.698],[92.704,11.698],[92.704,11.697],[92.703,11.697],[92.703,11.697],[92.703,11.696],[92.703,11.695],[92.702,11.695],[92.702,11.694],[92.702,11.694],[92.702,11.694],[92.702,11.693],[92.702,11.693],[92.702,11.692],[92.702,11.692],[92.702,11.692],[92.702,11.691],[92.702,11.691],[92.703,11.69],[92.703,11.69],[92.703,11.689],[92.703,11.689],[92.703,11.688],[92.703,11.688],[92.703,11.687],[92.703,11.687],[92.703,11.686],[92.703,11.685],[92.703,11.685],[92.704,11.684],[92.704,11.684],[92.704,11.684],[92.704,11.683],[92.704,11.683],[92.704,11.682],[92.703,11.682],[92.703,11.682],[92.703,11.681],[92.703,11.681],[92.702,11.68],[92.702,11.68],[92.702,11.68],[92.702,11.679],[92.702,11.679],[92.701,11.678],[92.701,11.678],[92.701,11.677],[92.701,11.676],[92.701,11.676],[92.701,11.675],[92.701,11.675],[92.701,11.674],[92.701,11.674],[92.702,11.674],[92.702,11.673],[92.702,11.673],[92.703,11.673],[92.703,11.673],[92.703,11.673],[92.704,11.673],[92.704,11.672],[92.705,11.672],[92.705,11.672],[92.705,11.672],[92.705,11.672],[92.706,11.672],[92.706,11.672],[92.706,11.672],[92.707,11.672],[92.707,11.672],[92.707,11.672],[92.708,11.672],[92.708,11.672],[92.708,11.672],[92.709,11.672],[92.709,11.671],[92.709,11.671],[92.708,11.671],[92.708,11.67],[92.708,11.67],[92.708,11.67],[92.707,11.669],[92.707,11.669],[92.706,11.669],[92.706,11.669],[92.706,11.669],[92.705,11.668],[92.705,11.668],[92.705,11.668],[92.705,11.668],[92.704,11.668],[92.704,11.667],[92.704,11.667],[92.703,11.667],[92.703,11.667],[92.702,11.667],[92.702,11.667],[92.701,11.667],[92.701,11.667],[92.7,11.667],[92.7,11.667],[92.7,11.666],[92.7,11.666],[92.699,11.666],[92.699,11.666],[92.699,11.666],[92.698,11.666],[92.698,11.666],[92.697,11.666],[92.697,11.666],[92.696,11.667],[92.696,11.667],[92.695,11.667],[92.695,11.668],[92.695,11.668],[92.695,11.668],[92.694,11.668],[92.694,11.668],[92.694,11.668],[92.693,11.668],[92.693,11.668],[92.693,11.668],[92.693,11.668],[92.693,11.668],[92.693,11.668],[92.692,11.667],[92.692,11.667],[92.692,11.667],[92.693,11.666],[92.693,11.666],[92.692,11.665],[92.692,11.664],[92.692,11.664],[92.691,11.664],[92.691,11.664],[92.69,11.664],[92.69,11.663],[92.689,11.663],[92.689,11.663],[92.688,11.663],[92.688,11.663],[92.687,11.663],[92.687,11.663],[92.686,11.663],[92.686,11.662],[92.685,11.662],[92.685,11.661],[92.685,11.661],[92.685,11.661],[92.685,11.66],[92.685,11.66],[92.684,11.66],[92.684,11.659],[92.684,11.659],[92.684,11.659],[92.684,11.658],[92.684,11.658],[92.685,11.658],[92.685,11.658],[92.686,11.657],[92.686,11.657],[92.686,11.657],[92.687,11.656],[92.687,11.656],[92.687,11.655],[92.687,11.655],[92.686,11.655],[92.686,11.654],[92.686,11.654],[92.685,11.654],[92.685,11.653],[92.685,11.653],[92.685,11.652],[92.684,11.652],[92.684,11.652],[92.684,11.651],[92.684,11.651],[92.684,11.651],[92.683,11.65],[92.682,11.651],[92.682,11.651],[92.681,11.651],[92.681,11.652],[92.68,11.652],[92.68,11.652],[92.679,11.652],[92.679,11.652],[92.678,11.652],[92.678,11.653],[92.678,11.653],[92.677,11.653],[92.677,11.653],[92.677,11.653],[92.677,11.653],[92.676,11.653],[92.676,11.653],[92.676,11.653],[92.675,11.653],[92.675,11.653],[92.674,11.653],[92.674,11.654],[92.673,11.654],[92.673,11.654],[92.672,11.654],[92.672,11.654],[92.671,11.654],[92.671,11.654],[92.671,11.654],[92.67,11.654],[92.669,11.654],[92.669,11.654],[92.668,11.654],[92.668,11.654],[92.667,11.654],[92.666,11.654],[92.666,11.654],[92.666,11.653],[92.667,11.653],[92.667,11.652],[92.667,11.652],[92.666,11.651],[92.666,11.651],[92.666,11.65],[92.666,11.65],[92.666,11.649],[92.666,11.648],[92.666,11.648],[92.666,11.647],[92.666,11.647],[92.665,11.646],[92.665,11.646],[92.666,11.645],[92.666,11.644],[92.666,11.644],[92.667,11.644],[92.667,11.644],[92.667,11.643],[92.667,11.643],[92.668,11.643],[92.668,11.642],[92.668,11.642],[92.668,11.641],[92.668,11.641],[92.669,11.641],[92.669,11.64],[92.668,11.64],[92.668,11.639],[92.668,11.639],[92.668,11.636],[92.668,11.636],[92.668,11.635],[92.669,11.633],[92.669,11.633],[92.669,11.632],[92.67,11.632],[92.67,11.632],[92.67,11.632],[92.671,11.631],[92.671,11.631],[92.671,11.632],[92.672,11.632],[92.672,11.631],[92.672,11.631],[92.673,11.631],[92.673,11.631],[92.673,11.631],[92.673,11.63],[92.674,11.63],[92.674,11.63],[92.674,11.629],[92.674,11.629],[92.674,11.629],[92.673,11.628],[92.673,11.628],[92.673,11.628],[92.673,11.627],[92.673,11.626],[92.673,11.626],[92.674,11.625],[92.674,11.625],[92.674,11.625],[92.675,11.625],[92.675,11.625],[92.675,11.625],[92.676,11.625],[92.676,11.626],[92.676,11.626],[92.677,11.627],[92.677,11.627],[92.677,11.628],[92.677,11.628],[92.677,11.629],[92.678,11.629],[92.678,11.629],[92.679,11.629],[92.68,11.629],[92.68,11.629],[92.68,11.63],[92.681,11.63],[92.681,11.631],[92.681,11.631],[92.681,11.632],[92.681,11.632],[92.68,11.633],[92.68,11.633],[92.68,11.634],[92.68,11.634],[92.68,11.635],[92.68,11.635],[92.68,11.636],[92.681,11.636],[92.681,11.636],[92.681,11.637],[92.681,11.637],[92.682,11.637],[92.682,11.637],[92.682,11.637],[92.683,11.637],[92.683,11.636],[92.683,11.636],[92.684,11.635],[92.684,11.635],[92.684,11.635],[92.685,11.634],[92.685,11.634],[92.685,11.634],[92.685,11.633],[92.685,11.633],[92.685,11.633],[92.685,11.632],[92.685,11.632],[92.684,11.631],[92.684,11.631],[92.685,11.631],[92.685,11.631],[92.685,11.632],[92.685,11.632],[92.686,11.633],[92.686,11.633],[92.686,11.634],[92.686,11.634],[92.686,11.635],[92.686,11.635],[92.686,11.636],[92.686,11.636],[92.686,11.637],[92.686,11.637],[92.686,11.637],[92.686,11.638],[92.686,11.64],[92.686,11.64],[92.687,11.64],[92.687,11.64],[92.687,11.64],[92.688,11.641],[92.688,11.64],[92.689,11.64],[92.689,11.639],[92.69,11.639],[92.69,11.638],[92.69,11.637],[92.69,11.636],[92.691,11.635],[92.691,11.632],[92.69,11.631],[92.69,11.631],[92.69,11.631],[92.69,11.63],[92.69,11.63],[92.69,11.63],[92.69,11.629],[92.69,11.629],[92.691,11.629],[92.691,11.629],[92.691,11.628],[92.692,11.628],[92.692,11.628],[92.692,11.627],[92.693,11.627],[92.693,11.626],[92.693,11.626],[92.693,11.625],[92.694,11.625],[92.694,11.624],[92.694,11.624],[92.694,11.623],[92.695,11.623],[92.695,11.623],[92.695,11.624],[92.695,11.625],[92.695,11.625],[92.695,11.625],[92.695,11.626],[92.695,11.626],[92.695,11.626],[92.695,11.627],[92.695,11.627],[92.695,11.628],[92.695,11.628],[92.695,11.629],[92.695,11.629],[92.695,11.63],[92.694,11.63],[92.694,11.63],[92.694,11.631],[92.694,11.631],[92.694,11.631],[92.694,11.632],[92.694,11.632],[92.693,11.633],[92.693,11.633],[92.693,11.634],[92.693,11.634],[92.693,11.635],[92.693,11.635],[92.693,11.636],[92.693,11.636],[92.693,11.637],[92.693,11.637],[92.693,11.637],[92.694,11.638],[92.694,11.638],[92.694,11.639],[92.695,11.639],[92.695,11.639],[92.696,11.639],[92.696,11.639],[92.697,11.639],[92.697,11.639],[92.697,11.639],[92.698,11.64],[92.698,11.64],[92.699,11.64],[92.699,11.64],[92.7,11.64],[92.7,11.641],[92.7,11.641],[92.7,11.641],[92.7,11.641],[92.7,11.642],[92.7,11.642],[92.7,11.642],[92.7,11.643],[92.7,11.643],[92.7,11.644],[92.7,11.644],[92.7,11.645],[92.7,11.645],[92.7,11.646],[92.7,11.646],[92.7,11.646],[92.7,11.647],[92.7,11.647],[92.7,11.647],[92.7,11.647],[92.7,11.648],[92.7,11.648],[92.7,11.648],[92.699,11.648],[92.699,11.649],[92.699,11.649],[92.698,11.649],[92.698,11.649],[92.697,11.649],[92.697,11.649],[92.696,11.65],[92.696,11.65],[92.695,11.651],[92.695,11.651],[92.695,11.652],[92.695,11.652],[92.695,11.653],[92.696,11.653],[92.696,11.653],[92.696,11.653],[92.697,11.653],[92.697,11.654],[92.698,11.654],[92.698,11.654],[92.698,11.654],[92.699,11.654],[92.7,11.654],[92.7,11.654],[92.701,11.655],[92.701,11.655],[92.702,11.654],[92.702,11.654],[92.703,11.654],[92.703,11.653],[92.703,11.653],[92.704,11.653],[92.704,11.652],[92.704,11.652],[92.705,11.652],[92.705,11.651],[92.705,11.651],[92.705,11.651],[92.705,11.65],[92.706,11.65],[92.706,11.649],[92.706,11.648],[92.706,11.648],[92.706,11.647],[92.707,11.647],[92.707,11.646],[92.707,11.646],[92.707,11.645],[92.707,11.645],[92.707,11.645],[92.707,11.645],[92.707,11.644],[92.708,11.644],[92.708,11.644],[92.708,11.643],[92.709,11.643],[92.709,11.643],[92.71,11.644],[92.71,11.644],[92.71,11.644],[92.711,11.644],[92.711,11.644],[92.711,11.644],[92.712,11.644],[92.712,11.644],[92.712,11.645],[92.712,11.645],[92.712,11.645],[92.712,11.646],[92.712,11.646],[92.712,11.647],[92.712,11.647],[92.711,11.648],[92.711,11.648],[92.711,11.649],[92.711,11.649],[92.71,11.65],[92.71,11.65],[92.71,11.651],[92.71,11.652],[92.711,11.652],[92.711,11.652],[92.712,11.653],[92.712,11.653],[92.713,11.653],[92.713,11.653],[92.714,11.653],[92.714,11.653],[92.715,11.653],[92.715,11.653],[92.716,11.653],[92.716,11.653],[92.717,11.653],[92.717,11.653],[92.718,11.653],[92.718,11.653],[92.719,11.653],[92.719,11.653],[92.72,11.653],[92.72,11.653],[92.721,11.653],[92.721,11.653],[92.721,11.654],[92.721,11.654],[92.722,11.654],[92.722,11.655],[92.722,11.655],[92.722,11.655],[92.723,11.656],[92.723,11.656],[92.724,11.656],[92.724,11.656],[92.725,11.656],[92.725,11.656],[92.725,11.656],[92.726,11.656],[92.726,11.656],[92.726,11.657],[92.727,11.657],[92.727,11.657],[92.728,11.657],[92.728,11.657],[92.728,11.657],[92.729,11.657],[92.729,11.657],[92.729,11.658],[92.729,11.659],[92.73,11.659],[92.73,11.659],[92.73,11.66],[92.73,11.66],[92.73,11.66],[92.73,11.661],[92.73,11.661],[92.729,11.661],[92.729,11.661],[92.729,11.662],[92.728,11.662],[92.728,11.662],[92.727,11.662],[92.727,11.662],[92.726,11.662],[92.726,11.662],[92.725,11.662],[92.725,11.662],[92.724,11.662],[92.724,11.662],[92.724,11.662],[92.723,11.663],[92.723,11.663],[92.722,11.663],[92.721,11.663],[92.721,11.663],[92.721,11.663],[92.72,11.663],[92.72,11.664],[92.719,11.664],[92.719,11.664],[92.718,11.664],[92.718,11.664],[92.718,11.664],[92.717,11.664],[92.717,11.665],[92.716,11.665],[92.716,11.666],[92.716,11.666],[92.716,11.667],[92.716,11.667],[92.717,11.667],[92.717,11.668],[92.717,11.668],[92.717,11.669],[92.718,11.669],[92.718,11.669],[92.718,11.67],[92.718,11.67],[92.718,11.67],[92.718,11.67],[92.718,11.671],[92.718,11.671],[92.717,11.672],[92.717,11.672],[92.717,11.673],[92.717,11.673],[92.717,11.673],[92.717,11.674],[92.717,11.674],[92.717,11.674],[92.716,11.675],[92.716,11.675],[92.716,11.676],[92.716,11.676],[92.715,11.677],[92.715,11.678],[92.716,11.678],[92.716,11.678],[92.717,11.678],[92.717,11.679],[92.717,11.679],[92.717,11.679],[92.717,11.679],[92.716,11.68],[92.716,11.68],[92.716,11.681],[92.717,11.681],[92.717,11.682],[92.718,11.682],[92.718,11.682],[92.718,11.682],[92.718,11.683],[92.719,11.683],[92.719,11.683],[92.719,11.684],[92.72,11.684],[92.72,11.685],[92.72,11.685],[92.721,11.686],[92.721,11.686],[92.721,11.686],[92.722,11.686],[92.722,11.686],[92.722,11.685],[92.722,11.685],[92.722,11.685],[92.722,11.684],[92.723,11.684],[92.723,11.684],[92.723,11.684],[92.724,11.684],[92.724,11.684],[92.724,11.684],[92.724,11.683],[92.725,11.682],[92.725,11.682],[92.726,11.681],[92.726,11.68],[92.727,11.68],[92.727,11.68],[92.728,11.68],[92.728,11.68],[92.729,11.68],[92.729,11.68],[92.73,11.68],[92.73,11.68],[92.73,11.68],[92.731,11.679],[92.731,11.679],[92.731,11.678],[92.731,11.678],[92.731,11.678],[92.731,11.677],[92.731,11.677],[92.731,11.676],[92.731,11.675],[92.731,11.674],[92.732,11.673],[92.732,11.673],[92.733,11.673],[92.733,11.673],[92.734,11.673],[92.734,11.673],[92.734,11.673],[92.734,11.674],[92.734,11.674],[92.734,11.674],[92.735,11.674],[92.735,11.675],[92.735,11.675],[92.735,11.676],[92.735,11.677],[92.735,11.677],[92.735,11.677],[92.735,11.677],[92.736,11.677],[92.736,11.678],[92.737,11.678],[92.737,11.678],[92.737,11.678],[92.738,11.678],[92.738,11.678],[92.739,11.678],[92.739,11.678],[92.74,11.678],[92.74,11.677],[92.741,11.677],[92.741,11.677],[92.741,11.677],[92.742,11.677],[92.742,11.676],[92.742,11.676],[92.742,11.676],[92.743,11.676],[92.744,11.676],[92.744,11.676],[92.745,11.676],[92.746,11.676],[92.746,11.676],[92.747,11.676],[92.747,11.677],[92.748,11.677],[92.749,11.676],[92.749,11.676],[92.75,11.675],[92.75,11.675],[92.75,11.674],[92.75,11.674],[92.749,11.674],[92.749,11.673],[92.749,11.673],[92.749,11.673],[92.749,11.673],[92.75,11.672],[92.75,11.672],[92.75,11.671],[92.75,11.671],[92.749,11.671],[92.749,11.672],[92.748,11.672],[92.748,11.672],[92.747,11.672],[92.748,11.671],[92.748,11.67],[92.748,11.67],[92.748,11.669],[92.748,11.668],[92.748,11.668],[92.749,11.668],[92.749,11.668],[92.75,11.667],[92.75,11.667],[92.75,11.667],[92.751,11.667],[92.751,11.667],[92.752,11.667],[92.752,11.667],[92.752,11.668],[92.752,11.668],[92.753,11.668],[92.753,11.667],[92.753,11.666],[92.754,11.667],[92.755,11.667],[92.755,11.666],[92.756,11.666],[92.756,11.666],[92.757,11.665],[92.757,11.665],[92.757,11.665],[92.757,11.664],[92.756,11.664],[92.756,11.664],[92.756,11.663],[92.756,11.663],[92.756,11.662],[92.756,11.661],[92.756,11.661],[92.756,11.66],[92.755,11.66],[92.755,11.66],[92.755,11.659],[92.755,11.659],[92.755,11.659],[92.754,11.658],[92.754,11.658],[92.755,11.658],[92.755,11.657],[92.755,11.657],[92.755,11.657],[92.756,11.657],[92.756,11.657],[92.757,11.657],[92.757,11.657],[92.758,11.657],[92.758,11.656],[92.758,11.655],[92.758,11.655],[92.758,11.654],[92.757,11.654],[92.757,11.653],[92.757,11.652],[92.757,11.652],[92.758,11.651],[92.758,11.651],[92.758,11.651],[92.757,11.65],[92.757,11.65],[92.757,11.65],[92.757,11.649],[92.757,11.649],[92.757,11.648],[92.756,11.648],[92.756,11.647],[92.756,11.647],[92.755,11.647],[92.755,11.647],[92.755,11.647],[92.754,11.646],[92.754,11.646],[92.754,11.646],[92.753,11.645],[92.753,11.645],[92.753,11.644],[92.752,11.644],[92.752,11.644],[92.751,11.644],[92.75,11.644],[92.749,11.645],[92.749,11.645],[92.748,11.645],[92.748,11.644],[92.748,11.644],[92.748,11.644],[92.747,11.643],[92.747,11.642],[92.747,11.641],[92.747,11.641],[92.747,11.641],[92.746,11.64],[92.746,11.64],[92.747,11.64],[92.747,11.64],[92.748,11.64],[92.748,11.64],[92.749,11.64],[92.749,11.639],[92.749,11.639],[92.749,11.639],[92.749,11.638],[92.749,11.638],[92.749,11.637],[92.75,11.637],[92.75,11.637],[92.751,11.637],[92.751,11.637],[92.751,11.636],[92.751,11.636],[92.752,11.636],[92.752,11.635],[92.752,11.635],[92.752,11.634],[92.752,11.633],[92.752,11.633],[92.752,11.632],[92.752,11.632],[92.752,11.631],[92.752,11.631],[92.752,11.631],[92.752,11.63],[92.751,11.63],[92.751,11.629],[92.751,11.629],[92.75,11.629],[92.751,11.628],[92.751,11.628],[92.752,11.628],[92.752,11.628],[92.752,11.628],[92.752,11.627],[92.752,11.624],[92.752,11.624],[92.752,11.623],[92.752,11.622],[92.752,11.621],[92.752,11.621],[92.752,11.621],[92.752,11.62],[92.752,11.62],[92.752,11.619],[92.753,11.619],[92.753,11.619],[92.754,11.619],[92.754,11.619],[92.754,11.619],[92.755,11.618],[92.755,11.618],[92.755,11.617],[92.754,11.617],[92.754,11.617],[92.753,11.617],[92.753,11.617],[92.753,11.617],[92.753,11.613],[92.753,11.61],[92.753,11.61],[92.752,11.609],[92.751,11.608],[92.751,11.607],[92.75,11.607],[92.75,11.607],[92.75,11.607],[92.749,11.606],[92.749,11.605],[92.749,11.605],[92.749,11.604],[92.748,11.604],[92.748,11.603],[92.749,11.603],[92.749,11.603],[92.749,11.602],[92.749,11.602],[92.749,11.601],[92.748,11.6],[92.748,11.6],[92.747,11.6],[92.747,11.6],[92.747,11.599],[92.746,11.6],[92.746,11.6],[92.746,11.6],[92.745,11.599],[92.745,11.599],[92.744,11.598],[92.744,11.597],[92.743,11.597],[92.743,11.596],[92.742,11.596],[92.742,11.595],[92.742,11.595],[92.742,11.594],[92.742,11.594],[92.741,11.593],[92.741,11.593],[92.741,11.591],[92.741,11.59],[92.741,11.59],[92.742,11.59],[92.742,11.59],[92.743,11.59],[92.744,11.59],[92.744,11.59],[92.744,11.589],[92.744,11.589],[92.745,11.589],[92.745,11.589],[92.745,11.588],[92.745,11.588],[92.744,11.588],[92.744,11.587],[92.744,11.587],[92.744,11.586],[92.744,11.586],[92.744,11.585],[92.744,11.585],[92.744,11.584],[92.744,11.584],[92.744,11.583],[92.743,11.583],[92.743,11.582],[92.743,11.582],[92.743,11.581],[92.743,11.581],[92.743,11.58],[92.742,11.58],[92.742,11.579],[92.742,11.579],[92.741,11.579],[92.741,11.579],[92.74,11.579],[92.74,11.579],[92.74,11.579],[92.739,11.579],[92.739,11.579],[92.739,11.58],[92.738,11.58],[92.738,11.58],[92.738,11.579],[92.738,11.578],[92.738,11.576],[92.738,11.576],[92.738,11.575],[92.739,11.575],[92.739,11.574],[92.739,11.573],[92.739,11.572],[92.739,11.571],[92.739,11.57],[92.739,11.57],[92.739,11.57],[92.739,11.57],[92.738,11.569],[92.738,11.568],[92.738,11.568],[92.737,11.568],[92.737,11.567],[92.737,11.567],[92.737,11.567],[92.736,11.567],[92.736,11.566],[92.736,11.566],[92.735,11.566],[92.735,11.566],[92.735,11.566],[92.734,11.565],[92.734,11.565],[92.734,11.564],[92.734,11.564],[92.733,11.563],[92.733,11.563],[92.733,11.562],[92.733,11.562],[92.732,11.561],[92.732,11.561],[92.732,11.561],[92.731,11.561],[92.731,11.561],[92.731,11.56],[92.731,11.56],[92.73,11.559],[92.73,11.559],[92.73,11.558],[92.73,11.558],[92.73,11.557],[92.73,11.557],[92.73,11.556],[92.731,11.556],[92.731,11.556],[92.731,11.555],[92.732,11.555],[92.733,11.555],[92.733,11.554],[92.733,11.554],[92.734,11.554],[92.734,11.554],[92.735,11.553],[92.735,11.553],[92.735,11.552],[92.735,11.552],[92.734,11.551],[92.734,11.551],[92.734,11.551],[92.734,11.55],[92.734,11.55],[92.734,11.55],[92.734,11.55],[92.733,11.55],[92.733,11.55],[92.733,11.55],[92.733,11.55],[92.733,11.549],[92.733,11.549],[92.734,11.549],[92.734,11.548],[92.734,11.548],[92.734,11.548],[92.733,11.547],[92.732,11.547],[92.732,11.547],[92.731,11.547],[92.731,11.547],[92.731,11.546],[92.731,11.546],[92.731,11.545],[92.732,11.545],[92.732,11.544],[92.732,11.543],[92.732,11.543],[92.732,11.543],[92.732,11.542],[92.732,11.542],[92.732,11.542],[92.731,11.541],[92.731,11.541],[92.731,11.541],[92.731,11.54],[92.73,11.54],[92.73,11.54],[92.729,11.54],[92.729,11.54],[92.729,11.54],[92.728,11.539],[92.728,11.538],[92.728,11.538],[92.728,11.537],[92.727,11.537],[92.727,11.536],[92.727,11.536],[92.726,11.536],[92.726,11.535],[92.726,11.535],[92.726,11.534],[92.726,11.534],[92.726,11.533],[92.725,11.533],[92.725,11.533],[92.725,11.532],[92.725,11.532],[92.725,11.531],[92.724,11.531],[92.724,11.531],[92.724,11.53],[92.724,11.529],[92.724,11.529],[92.724,11.528],[92.724,11.528],[92.724,11.527],[92.724,11.527],[92.724,11.526],[92.724,11.526],[92.725,11.526],[92.725,11.525],[92.725,11.525],[92.726,11.524],[92.726,11.524],[92.726,11.523],[92.726,11.523],[92.726,11.522],[92.726,11.522],[92.727,11.521],[92.727,11.521],[92.727,11.52],[92.727,11.52],[92.727,11.52],[92.727,11.519],[92.727,11.519],[92.727,11.519],[92.728,11.518],[92.728,11.518],[92.728,11.517],[92.728,11.516],[92.727,11.516],[92.727,11.515],[92.726,11.515],[92.725,11.515],[92.725,11.514],[92.725,11.514],[92.724,11.514],[92.724,11.513],[92.724,11.513],[92.724,11.512],[92.724,11.512],[92.724,11.512],[92.723,11.511],[92.723,11.51],[92.723,11.51],[92.722,11.509],[92.722,11.509],[92.722,11.508],[92.721,11.508],[92.721,11.508],[92.721,11.507],[92.721,11.507],[92.721,11.507],[92.72,11.507],[92.72,11.506],[92.72,11.506],[92.719,11.505],[92.719,11.505],[92.719,11.504],[92.719,11.504],[92.719,11.503],[92.718,11.503],[92.718,11.503],[92.718,11.502],[92.718,11.502],[92.718,11.501],[92.718,11.501],[92.718,11.5],[92.718,11.5],[92.718,11.5],[92.718,11.499],[92.718,11.499],[92.717,11.498],[92.716,11.498],[92.716,11.497],[92.717,11.497],[92.717,11.496],[92.717,11.496],[92.717,11.495],[92.717,11.495],[92.717,11.494],[92.717,11.493],[92.716,11.493],[92.715,11.493],[92.715,11.492],[92.714,11.492],[92.714,11.491],[92.714,11.49],[92.714,11.49],[92.714,11.489],[92.714,11.489],[92.713,11.489],[92.713,11.489],[92.713,11.488],[92.713,11.488],[92.712,11.488],[92.712,11.488],[92.712,11.487],[92.712,11.487],[92.712,11.487],[92.712,11.486],[92.712,11.486],[92.712,11.485],[92.713,11.485],[92.713,11.484],[92.713,11.484],[92.713,11.483],[92.712,11.483],[92.712,11.482],[92.712,11.482],[92.712,11.481],[92.712,11.481],[92.712,11.48],[92.712,11.48],[92.712,11.479],[92.712,11.478],[92.712,11.478],[92.712,11.477],[92.711,11.477],[92.711,11.478],[92.711,11.478],[92.71,11.478],[92.71,11.479],[92.71,11.48],[92.71,11.48],[92.71,11.48],[92.709,11.481],[92.709,11.481],[92.708,11.481],[92.708,11.482],[92.708,11.482],[92.708,11.483],[92.708,11.483],[92.708,11.483],[92.708,11.484],[92.707,11.484],[92.707,11.484],[92.707,11.485],[92.707,11.486],[92.707,11.486],[92.707,11.487],[92.708,11.487],[92.708,11.487],[92.709,11.488],[92.709,11.488],[92.709,11.488],[92.709,11.489],[92.709,11.489],[92.709,11.49],[92.709,11.49],[92.709,11.49],[92.709,11.491],[92.709,11.491],[92.708,11.491],[92.708,11.492],[92.707,11.492],[92.707,11.492],[92.706,11.492],[92.706,11.492],[92.705,11.493],[92.705,11.493],[92.705,11.494],[92.705,11.494],[92.705,11.494],[92.705,11.495],[92.704,11.495],[92.704,11.495],[92.704,11.495],[92.704,11.496],[92.704,11.496],[92.704,11.496],[92.704,11.497],[92.704,11.497],[92.704,11.498],[92.704,11.498],[92.703,11.498],[92.703,11.499],[92.703,11.499],[92.703,11.499],[92.703,11.5],[92.702,11.5],[92.702,11.5],[92.702,11.501],[92.702,11.501],[92.701,11.501],[92.701,11.501],[92.701,11.502],[92.701,11.502],[92.7,11.503],[92.7,11.503],[92.7,11.504],[92.7,11.504],[92.7,11.505],[92.7,11.505],[92.7,11.506],[92.7,11.506],[92.7,11.506],[92.699,11.507],[92.699,11.507],[92.698,11.507],[92.698,11.507],[92.698,11.507],[92.697,11.507],[92.697,11.507],[92.697,11.506],[92.696,11.506],[92.696,11.506],[92.695,11.506],[92.694,11.506],[92.694,11.505],[92.693,11.506],[92.693,11.506],[92.693,11.507],[92.693,11.507],[92.693,11.507],[92.692,11.508],[92.692,11.508],[92.691,11.508],[92.691,11.508],[92.691,11.508],[92.69,11.508],[92.69,11.508],[92.689,11.508],[92.689,11.508],[92.688,11.508],[92.688,11.508],[92.688,11.508],[92.687,11.509],[92.687,11.509],[92.687,11.51],[92.686,11.51],[92.686,11.511],[92.686,11.511],[92.686,11.511],[92.685,11.511],[92.685,11.511],[92.684,11.512],[92.684,11.512],[92.684,11.512],[92.684,11.512],[92.683,11.511],[92.683,11.511],[92.682,11.511],[92.682,11.511],[92.681,11.511],[92.681,11.511],[92.68,11.511],[92.68,11.511],[92.68,11.511],[92.679,11.511],[92.679,11.511],[92.679,11.511],[92.679,11.511],[92.678,11.511],[92.678,11.511],[92.678,11.511],[92.678,11.511],[92.677,11.511],[92.677,11.511],[92.677,11.51],[92.677,11.51],[92.676,11.51],[92.676,11.51],[92.676,11.509],[92.676,11.509],[92.675,11.509],[92.675,11.508],[92.675,11.508],[92.675,11.507],[92.675,11.507],[92.674,11.507],[92.674,11.506],[92.674,11.506],[92.674,11.505],[92.674,11.505],[92.673,11.505],[92.673,11.505],[92.673,11.504],[92.672,11.504],[92.672,11.504],[92.672,11.504],[92.671,11.504],[92.671,11.504],[92.67,11.504],[92.67,11.504],[92.669,11.504],[92.669,11.504],[92.669,11.504],[92.668,11.504],[92.668,11.504],[92.667,11.504],[92.667,11.504],[92.667,11.504],[92.666,11.504],[92.666,11.505],[92.665,11.505],[92.665,11.506],[92.665,11.506],[92.664,11.506],[92.664,11.507],[92.664,11.507],[92.663,11.507],[92.663,11.508],[92.663,11.508],[92.662,11.509],[92.662,11.509],[92.662,11.51],[92.661,11.51],[92.661,11.51],[92.661,11.511],[92.661,11.511],[92.66,11.512],[92.66,11.512],[92.66,11.513],[92.659,11.513],[92.659,11.514],[92.659,11.514],[92.658,11.514],[92.657,11.514],[92.657,11.514],[92.656,11.514],[92.655,11.514],[92.655,11.515],[92.654,11.515],[92.654,11.515],[92.653,11.516],[92.653,11.516],[92.653,11.516],[92.653,11.517],[92.653,11.517],[92.653,11.517],[92.652,11.518],[92.652,11.518],[92.652,11.518],[92.652,11.518],[92.651,11.518],[92.651,11.518],[92.651,11.519],[92.65,11.519],[92.65,11.52],[92.65,11.52],[92.65,11.52],[92.649,11.52],[92.649,11.521],[92.648,11.521],[92.648,11.521],[92.647,11.522],[92.647,11.522],[92.647,11.522],[92.647,11.523],[92.646,11.523],[92.646,11.523],[92.646,11.524],[92.646,11.524],[92.646,11.525],[92.646,11.525],[92.646,11.526],[92.647,11.527],[92.647,11.527],[92.647,11.528],[92.647,11.528],[92.647,11.528],[92.646,11.529],[92.646,11.529],[92.646,11.529],[92.646,11.529],[92.646,11.53],[92.646,11.53],[92.646,11.531],[92.646,11.531],[92.646,11.532],[92.646,11.532],[92.645,11.533],[92.645,11.533],[92.645,11.533],[92.645,11.534],[92.645,11.534],[92.645,11.534],[92.645,11.535],[92.645,11.535],[92.645,11.536],[92.645,11.536],[92.645,11.537],[92.645,11.537],[92.645,11.537],[92.645,11.538],[92.644,11.538],[92.644,11.539],[92.644,11.539],[92.644,11.54],[92.644,11.541],[92.644,11.541],[92.645,11.542],[92.645,11.542],[92.646,11.543],[92.646,11.543],[92.647,11.543],[92.647,11.543],[92.647,11.544],[92.647,11.544],[92.648,11.544],[92.648,11.545],[92.649,11.545],[92.649,11.546],[92.649,11.546],[92.65,11.547],[92.65,11.547],[92.65,11.548],[92.65,11.548],[92.65,11.549],[92.65,11.549],[92.651,11.549],[92.651,11.55],[92.651,11.55],[92.651,11.55],[92.651,11.551],[92.651,11.552],[92.65,11.552],[92.649,11.553],[92.648,11.554],[92.647,11.554],[92.646,11.555],[92.646,11.556],[92.645,11.556],[92.644,11.556],[92.644,11.557],[92.643,11.557],[92.643,11.558],[92.643,11.558],[92.643,11.558],[92.643,11.559],[92.643,11.559],[92.642,11.56],[92.642,11.56],[92.642,11.56],[92.642,11.561],[92.643,11.562],[92.643,11.562],[92.643,11.563],[92.643,11.563],[92.643,11.564],[92.643,11.564],[92.644,11.564],[92.644,11.565],[92.644,11.565],[92.645,11.566],[92.645,11.566],[92.645,11.567],[92.645,11.567],[92.645,11.567],[92.645,11.568],[92.645,11.568],[92.645,11.569],[92.645,11.57],[92.646,11.57],[92.646,11.57],[92.647,11.571],[92.647,11.571],[92.647,11.571],[92.647,11.572],[92.647,11.572],[92.647,11.572],[92.647,11.573],[92.647,11.573],[92.646,11.573],[92.646,11.573],[92.645,11.573],[92.644,11.573],[92.644,11.573],[92.644,11.573],[92.643,11.573],[92.643,11.574],[92.643,11.574],[92.642,11.574],[92.642,11.574],[92.641,11.574],[92.641,11.574],[92.64,11.574],[92.64,11.575],[92.639,11.575],[92.639,11.575],[92.638,11.576],[92.638,11.576],[92.638,11.577],[92.638,11.577],[92.637,11.577],[92.637,11.577],[92.637,11.578],[92.636,11.578],[92.636,11.578],[92.635,11.578],[92.635,11.579],[92.634,11.579],[92.634,11.579],[92.633,11.579],[92.633,11.579],[92.633,11.579],[92.633,11.579],[92.633,11.579],[92.632,11.578],[92.632,11.578],[92.632,11.577],[92.632,11.577],[92.632,11.576],[92.632,11.576],[92.632,11.575],[92.632,11.575],[92.632,11.574],[92.632,11.574],[92.632,11.573],[92.632,11.573],[92.632,11.573],[92.632,11.572],[92.631,11.572],[92.631,11.571],[92.631,11.571],[92.63,11.571],[92.63,11.572],[92.629,11.572],[92.629,11.572],[92.629,11.572],[92.629,11.571],[92.628,11.571],[92.628,11.571],[92.628,11.571],[92.628,11.571],[92.627,11.57],[92.627,11.57],[92.627,11.569],[92.626,11.569],[92.626,11.569],[92.626,11.568],[92.626,11.568],[92.625,11.567],[92.625,11.567],[92.624,11.567],[92.624,11.566],[92.624,11.566],[92.623,11.565],[92.623,11.565],[92.623,11.565],[92.623,11.564],[92.622,11.564],[92.622,11.564],[92.622,11.563],[92.622,11.563],[92.621,11.562],[92.621,11.562],[92.621,11.562],[92.621,11.562],[92.62,11.561],[92.62,11.561],[92.62,11.561],[92.619,11.562],[92.619,11.562],[92.618,11.562],[92.618,11.563],[92.618,11.563],[92.618,11.564],[92.618,11.565],[92.618,11.566],[92.618,11.566],[92.618,11.567],[92.619,11.568],[92.619,11.568],[92.619,11.569],[92.619,11.57],[92.619,11.57],[92.62,11.571],[92.62,11.571],[92.62,11.572],[92.62,11.572],[92.62,11.573],[92.62,11.573],[92.62,11.574],[92.62,11.574],[92.62,11.575],[92.62,11.575],[92.62,11.576],[92.62,11.576],[92.62,11.577],[92.62,11.577],[92.62,11.578],[92.62,11.578],[92.62,11.578],[92.62,11.579],[92.62,11.579],[92.62,11.58],[92.62,11.58],[92.62,11.581],[92.619,11.581],[92.619,11.582],[92.619,11.582],[92.619,11.583],[92.619,11.583],[92.619,11.584],[92.619,11.584],[92.618,11.585],[92.618,11.585],[92.618,11.585],[92.618,11.586],[92.617,11.586],[92.617,11.586],[92.617,11.586],[92.616,11.586],[92.616,11.587],[92.616,11.587],[92.615,11.587],[92.615,11.587],[92.615,11.588],[92.614,11.588],[92.614,11.589],[92.614,11.589],[92.614,11.589],[92.614,11.589],[92.613,11.59],[92.613,11.59],[92.613,11.591],[92.612,11.591],[92.612,11.591],[92.612,11.591],[92.612,11.592],[92.612,11.592],[92.611,11.593],[92.611,11.593],[92.611,11.593],[92.61,11.593],[92.61,11.594],[92.61,11.594],[92.609,11.594],[92.609,11.594],[92.608,11.594],[92.608,11.594],[92.607,11.595],[92.608,11.595],[92.608,11.596],[92.608,11.596],[92.608,11.597],[92.608,11.597],[92.608,11.598],[92.609,11.598],[92.609,11.599],[92.609,11.6],[92.609,11.6],[92.609,11.6],[92.609,11.601],[92.608,11.601],[92.608,11.601],[92.608,11.602],[92.608,11.602],[92.608,11.602],[92.607,11.602],[92.607,11.603],[92.607,11.603],[92.607,11.604],[92.607,11.604],[92.607,11.605],[92.606,11.605],[92.606,11.606],[92.606,11.606],[92.606,11.607],[92.606,11.607],[92.606,11.608],[92.606,11.608],[92.606,11.609],[92.606,11.609],[92.606,11.61],[92.606,11.611],[92.606,11.611],[92.607,11.612],[92.607,11.612],[92.607,11.613],[92.607,11.613],[92.608,11.614],[92.608,11.614],[92.608,11.614],[92.608,11.615],[92.609,11.615],[92.609,11.616],[92.609,11.616],[92.608,11.617],[92.609,11.617],[92.608,11.618],[92.608,11.618],[92.608,11.619],[92.608,11.62],[92.608,11.62],[92.609,11.621],[92.61,11.621],[92.61,11.622],[92.61,11.622],[92.611,11.622],[92.611,11.621],[92.612,11.621],[92.612,11.621],[92.613,11.621],[92.613,11.622],[92.614,11.622],[92.614,11.622],[92.614,11.622],[92.615,11.622],[92.615,11.622],[92.615,11.622],[92.616,11.622],[92.616,11.622],[92.616,11.622],[92.617,11.621],[92.617,11.621],[92.617,11.621],[92.618,11.621],[92.618,11.621],[92.619,11.621],[92.619,11.621],[92.619,11.62],[92.62,11.619],[92.621,11.619],[92.622,11.619],[92.622,11.619],[92.623,11.618],[92.623,11.618],[92.624,11.618],[92.624,11.618],[92.625,11.618],[92.625,11.618],[92.625,11.619],[92.625,11.619],[92.625,11.62],[92.625,11.62],[92.625,11.62],[92.625,11.621],[92.626,11.622],[92.626,11.622],[92.626,11.622],[92.626,11.623],[92.627,11.623],[92.627,11.623],[92.627,11.624],[92.627,11.625],[92.628,11.625],[92.628,11.626],[92.628,11.626],[92.629,11.626],[92.629,11.625],[92.63,11.625],[92.63,11.624],[92.63,11.623],[92.63,11.623],[92.63,11.622],[92.63,11.622],[92.63,11.621],[92.63,11.621],[92.63,11.62],[92.63,11.619],[92.63,11.619],[92.63,11.618],[92.63,11.618],[92.63,11.617],[92.63,11.617],[92.63,11.617],[92.631,11.617],[92.632,11.617],[92.632,11.617],[92.633,11.617],[92.633,11.617],[92.634,11.617],[92.634,11.617],[92.634,11.616],[92.635,11.616],[92.635,11.615],[92.635,11.615],[92.636,11.616],[92.637,11.616],[92.637,11.616],[92.638,11.617],[92.638,11.617],[92.639,11.618],[92.639,11.618],[92.64,11.619],[92.64,11.619],[92.641,11.62],[92.641,11.62],[92.641,11.621],[92.641,11.621],[92.642,11.622],[92.642,11.622],[92.642,11.622],[92.642,11.623],[92.643,11.623],[92.643,11.623],[92.643,11.623],[92.644,11.624],[92.644,11.624],[92.644,11.624],[92.644,11.625],[92.645,11.625],[92.645,11.626],[92.645,11.626],[92.645,11.627],[92.645,11.627],[92.645,11.628],[92.645,11.628],[92.645,11.629],[92.645,11.629],[92.645,11.63],[92.645,11.63],[92.645,11.63],[92.645,11.631],[92.645,11.631],[92.645,11.632],[92.645,11.632],[92.645,11.632],[92.645,11.633],[92.645,11.633],[92.645,11.634],[92.645,11.635],[92.645,11.635],[92.645,11.635],[92.645,11.636],[92.644,11.636],[92.644,11.637],[92.644,11.637],[92.644,11.637],[92.644,11.638],[92.644,11.638],[92.644,11.638],[92.643,11.639],[92.643,11.639],[92.642,11.639],[92.642,11.639],[92.641,11.638],[92.641,11.638],[92.641,11.638],[92.641,11.637],[92.64,11.637],[92.64,11.636],[92.64,11.636],[92.639,11.635],[92.639,11.635],[92.639,11.635],[92.638,11.635],[92.638,11.634],[92.637,11.634],[92.637,11.634],[92.636,11.634],[92.635,11.634],[92.635,11.634],[92.635,11.635],[92.634,11.635],[92.634,11.635],[92.634,11.636],[92.634,11.636],[92.634,11.637],[92.634,11.637],[92.634,11.638],[92.634,11.638],[92.635,11.639],[92.635,11.639],[92.635,11.64],[92.635,11.641],[92.635,11.641],[92.636,11.642],[92.636,11.642],[92.637,11.642],[92.637,11.643],[92.637,11.643],[92.637,11.644],[92.637,11.644],[92.638,11.644],[92.638,11.645],[92.638,11.645],[92.638,11.646],[92.638,11.646],[92.638,11.646],[92.638,11.646],[92.637,11.647],[92.637,11.647],[92.636,11.647],[92.636,11.648],[92.636,11.648],[92.636,11.649],[92.635,11.649],[92.635,11.65],[92.635,11.65],[92.635,11.65],[92.634,11.65],[92.634,11.65],[92.634,11.65],[92.633,11.65],[92.633,11.65],[92.633,11.65],[92.633,11.65],[92.632,11.651],[92.632,11.651],[92.632,11.651],[92.631,11.65],[92.631,11.65],[92.631,11.649],[92.631,11.648],[92.631,11.647],[92.631,11.646],[92.632,11.645],[92.632,11.643],[92.632,11.642],[92.632,11.641],[92.632,11.641],[92.632,11.64],[92.633,11.64],[92.633,11.64],[92.633,11.639],[92.633,11.639],[92.633,11.638],[92.633,11.637],[92.632,11.637],[92.632,11.636],[92.632,11.636],[92.632,11.635],[92.632,11.635],[92.632,11.635],[92.632,11.634],[92.632,11.634],[92.632,11.634],[92.632,11.633],[92.632,11.633],[92.632,11.632],[92.632,11.632],[92.632,11.631],[92.632,11.631],[92.632,11.63],[92.632,11.63],[92.632,11.63],[92.632,11.629],[92.632,11.629],[92.631,11.628],[92.631,11.628],[92.63,11.628],[92.63,11.628],[92.629,11.628],[92.629,11.628],[92.629,11.628],[92.628,11.628],[92.628,11.628],[92.628,11.628],[92.627,11.628],[92.627,11.628],[92.626,11.628],[92.626,11.628],[92.625,11.628],[92.625,11.629],[92.624,11.629],[92.624,11.629],[92.624,11.63],[92.623,11.63],[92.623,11.63],[92.623,11.631],[92.622,11.631],[92.622,11.631],[92.622,11.632],[92.622,11.632],[92.622,11.632],[92.621,11.632],[92.621,11.632],[92.621,11.632],[92.62,11.633],[92.62,11.633],[92.62,11.633],[92.619,11.633],[92.619,11.633],[92.619,11.632],[92.618,11.632],[92.618,11.633],[92.617,11.633],[92.616,11.634],[92.615,11.634],[92.615,11.634],[92.614,11.635],[92.613,11.635],[92.613,11.635],[92.612,11.635],[92.612,11.635],[92.611,11.635],[92.611,11.635],[92.611,11.634],[92.611,11.634],[92.61,11.634],[92.61,11.634],[92.609,11.634],[92.609,11.634],[92.608,11.634],[92.608,11.635],[92.608,11.635],[92.608,11.636],[92.608,11.636],[92.608,11.637],[92.608,11.637],[92.608,11.638],[92.608,11.638],[92.608,11.638],[92.608,11.639],[92.607,11.639],[92.607,11.64],[92.607,11.64],[92.607,11.641],[92.607,11.641],[92.607,11.642],[92.606,11.642],[92.606,11.643],[92.606,11.643],[92.605,11.644],[92.605,11.644],[92.605,11.645],[92.605,11.645],[92.604,11.645],[92.604,11.646],[92.604,11.646],[92.604,11.647],[92.603,11.647],[92.603,11.648],[92.603,11.648],[92.602,11.649],[92.602,11.649],[92.602,11.649],[92.601,11.65],[92.601,11.65],[92.6,11.65],[92.6,11.65],[92.599,11.651],[92.599,11.652],[92.599,11.652],[92.599,11.653],[92.599,11.653],[92.599,11.654],[92.599,11.654],[92.599,11.654],[92.599,11.655],[92.6,11.655],[92.6,11.655],[92.6,11.655],[92.6,11.656],[92.6,11.656],[92.6,11.656],[92.6,11.656],[92.599,11.657],[92.599,11.657],[92.599,11.658],[92.599,11.658],[92.598,11.659],[92.598,11.659],[92.598,11.66],[92.598,11.66],[92.598,11.661],[92.597,11.661],[92.597,11.661],[92.597,11.662],[92.597,11.662],[92.596,11.662],[92.596,11.663],[92.596,11.663],[92.596,11.664],[92.596,11.664],[92.595,11.665],[92.595,11.665],[92.595,11.665],[92.595,11.665],[92.595,11.666],[92.595,11.666],[92.594,11.666],[92.594,11.667],[92.594,11.667],[92.594,11.667],[92.593,11.667],[92.593,11.667],[92.593,11.667],[92.593,11.667],[92.592,11.667],[92.592,11.667],[92.592,11.668],[92.591,11.669],[92.591,11.669],[92.591,11.67],[92.592,11.67],[92.592,11.671],[92.592,11.671],[92.592,11.671],[92.593,11.672],[92.593,11.672],[92.594,11.672],[92.594,11.672],[92.594,11.672],[92.595,11.672],[92.595,11.673],[92.596,11.673],[92.596,11.673],[92.596,11.674],[92.596,11.674],[92.596,11.675],[92.597,11.675],[92.597,11.676],[92.597,11.676],[92.597,11.677],[92.598,11.677],[92.598,11.677],[92.598,11.678],[92.598,11.678],[92.599,11.679],[92.599,11.679],[92.599,11.68],[92.599,11.68],[92.599,11.681],[92.598,11.681],[92.599,11.682],[92.599,11.682],[92.599,11.683],[92.599,11.683],[92.599,11.684],[92.599,11.684],[92.599,11.685],[92.599,11.685],[92.599,11.686],[92.599,11.686],[92.599,11.687],[92.599,11.687],[92.599,11.688],[92.599,11.688],[92.599,11.688],[92.599,11.689],[92.599,11.689],[92.599,11.69],[92.599,11.69],[92.6,11.691],[92.6,11.691],[92.6,11.691],[92.599,11.691],[92.599,11.692],[92.599,11.692],[92.599,11.692],[92.599,11.693],[92.598,11.693],[92.598,11.693],[92.598,11.693],[92.598,11.694],[92.597,11.694],[92.597,11.694],[92.596,11.695],[92.596,11.695],[92.596,11.696],[92.596,11.696],[92.596,11.697],[92.596,11.697],[92.596,11.697],[92.596,11.698],[92.596,11.698],[92.596,11.698],[92.596,11.699],[92.596,11.699],[92.596,11.699],[92.595,11.7],[92.595,11.7],[92.595,11.7],[92.595,11.701],[92.595,11.701],[92.594,11.702],[92.594,11.702],[92.593,11.702],[92.593,11.702],[92.593,11.703],[92.593,11.704],[92.593,11.704],[92.593,11.705],[92.593,11.706],[92.594,11.706],[92.594,11.707],[92.594,11.707],[92.594,11.708],[92.594,11.708],[92.594,11.709],[92.595,11.709],[92.595,11.71],[92.595,11.71],[92.595,11.711],[92.595,11.711],[92.594,11.711],[92.594,11.711],[92.594,11.712],[92.594,11.712],[92.593,11.712],[92.593,11.712],[92.593,11.713],[92.592,11.713],[92.592,11.713],[92.591,11.714],[92.591,11.714],[92.59,11.714],[92.59,11.715],[92.59,11.715],[92.589,11.715],[92.589,11.716],[92.589,11.716],[92.588,11.717],[92.588,11.717],[92.588,11.718],[92.588,11.718],[92.588,11.718],[92.588,11.718],[92.587,11.717],[92.587,11.717],[92.587,11.716],[92.587,11.716],[92.587,11.716],[92.587,11.715],[92.587,11.715],[92.586,11.714],[92.586,11.714],[92.586,11.714],[92.585,11.714],[92.585,11.715],[92.585,11.715],[92.584,11.715],[92.584,11.716],[92.583,11.716],[92.583,11.716],[92.582,11.716],[92.582,11.716],[92.581,11.717],[92.581,11.717],[92.581,11.717],[92.58,11.716],[92.579,11.716],[92.579,11.717],[92.578,11.716],[92.578,11.716],[92.577,11.716],[92.577,11.716],[92.577,11.716],[92.576,11.716],[92.576,11.716],[92.575,11.716],[92.574,11.716],[92.574,11.715],[92.574,11.714],[92.574,11.714],[92.574,11.713],[92.574,11.713],[92.574,11.712],[92.574,11.712],[92.574,11.711],[92.574,11.71],[92.574,11.71],[92.574,11.709],[92.574,11.709],[92.574,11.708],[92.574,11.708],[92.574,11.707],[92.574,11.707],[92.573,11.706],[92.573,11.706],[92.573,11.705],[92.573,11.705],[92.573,11.704],[92.573,11.7],[92.573,11.7],[92.573,11.699],[92.572,11.699],[92.572,11.698],[92.571,11.698],[92.571,11.698],[92.571,11.698],[92.57,11.698],[92.57,11.697],[92.569,11.697],[92.569,11.697],[92.569,11.696],[92.568,11.696],[92.568,11.695],[92.568,11.695],[92.567,11.695],[92.567,11.695],[92.567,11.694],[92.566,11.694],[92.566,11.694],[92.566,11.693],[92.566,11.693],[92.565,11.692],[92.565,11.692],[92.565,11.692],[92.564,11.693],[92.564,11.693],[92.564,11.693],[92.563,11.693],[92.563,11.693],[92.563,11.693],[92.562,11.694],[92.562,11.694],[92.562,11.694],[92.562,11.695],[92.561,11.695],[92.561,11.696],[92.561,11.696],[92.561,11.696],[92.561,11.697],[92.561,11.697],[92.56,11.698],[92.56,11.698],[92.56,11.698],[92.56,11.699],[92.56,11.699],[92.56,11.699],[92.56,11.7],[92.56,11.7],[92.56,11.7],[92.559,11.701],[92.559,11.701],[92.559,11.702],[92.559,11.702],[92.559,11.703],[92.559,11.703],[92.559,11.703],[92.559,11.703],[92.558,11.704],[92.558,11.704],[92.558,11.705],[92.558,11.706],[92.558,11.706],[92.557,11.707],[92.557,11.707],[92.557,11.708],[92.557,11.708],[92.557,11.709],[92.556,11.709],[92.556,11.71],[92.556,11.71],[92.556,11.711],[92.556,11.711],[92.556,11.712],[92.555,11.712],[92.555,11.713],[92.555,11.714],[92.555,11.715],[92.554,11.716],[92.554,11.716],[92.554,11.716],[92.554,11.717],[92.554,11.717],[92.554,11.718],[92.553,11.718],[92.553,11.718],[92.553,11.719],[92.553,11.719],[92.553,11.719],[92.553,11.719],[92.553,11.72],[92.553,11.72],[92.552,11.721],[92.552,11.721],[92.552,11.722],[92.552,11.722],[92.552,11.723],[92.552,11.723],[92.552,11.724],[92.552,11.724],[92.553,11.725],[92.553,11.725],[92.552,11.726],[92.553,11.726],[92.553,11.727],[92.553,11.727],[92.553,11.728],[92.553,11.729],[92.552,11.73],[92.552,11.73],[92.552,11.731],[92.552,11.731],[92.552,11.732],[92.552,11.732],[92.552,11.735],[92.552,11.735],[92.552,11.736],[92.552,11.736],[92.553,11.737],[92.553,11.737],[92.553,11.738],[92.553,11.738],[92.554,11.739],[92.554,11.739],[92.554,11.74],[92.554,11.74],[92.554,11.741],[92.554,11.742],[92.554,11.742],[92.554,11.743],[92.554,11.743],[92.553,11.744],[92.553,11.744],[92.553,11.745],[92.553,11.745],[92.553,11.746],[92.553,11.746],[92.553,11.747],[92.553,11.747],[92.553,11.748],[92.553,11.748],[92.553,11.749],[92.553,11.749],[92.553,11.75],[92.553,11.75],[92.553,11.751],[92.553,11.751],[92.553,11.752],[92.553,11.752],[92.553,11.753],[92.553,11.753],[92.553,11.754],[92.553,11.754],[92.553,11.755],[92.553,11.755],[92.552,11.756],[92.552,11.756],[92.552,11.757],[92.553,11.757],[92.553,11.758],[92.553,11.759],[92.553,11.759],[92.553,11.76],[92.553,11.76],[92.554,11.76],[92.554,11.761],[92.553,11.761],[92.553,11.761],[92.553,11.762],[92.553,11.763],[92.553,11.763],[92.553,11.764],[92.553,11.764],[92.554,11.765],[92.554,11.765],[92.554,11.765],[92.554,11.766],[92.555,11.766],[92.555,11.766],[92.556,11.767],[92.556,11.767],[92.557,11.767],[92.557,11.768],[92.558,11.768],[92.558,11.768],[92.558,11.769],[92.559,11.769],[92.559,11.769],[92.559,11.77],[92.559,11.77],[92.559,11.771],[92.559,11.771],[92.559,11.771],[92.559,11.772],[92.559,11.772],[92.559,11.773],[92.559,11.773],[92.559,11.773],[92.559,11.774],[92.559,11.773],[92.558,11.773],[92.557,11.773],[92.556,11.773],[92.556,11.773],[92.556,11.774],[92.556,11.774],[92.556,11.775],[92.556,11.775],[92.555,11.776],[92.555,11.776],[92.555,11.777],[92.555,11.778],[92.555,11.778],[92.555,11.779],[92.555,11.779],[92.555,11.78],[92.555,11.78],[92.555,11.78],[92.554,11.781],[92.554,11.781],[92.554,11.781],[92.554,11.782],[92.554,11.782],[92.554,11.782],[92.554,11.783],[92.554,11.783],[92.554,11.783],[92.553,11.783],[92.553,11.784],[92.552,11.784],[92.552,11.785],[92.552,11.785],[92.553,11.786],[92.553,11.786],[92.553,11.787],[92.553,11.787],[92.553,11.788],[92.553,11.788],[92.553,11.789],[92.553,11.789],[92.553,11.79],[92.553,11.79],[92.553,11.791],[92.553,11.791],[92.553,11.792],[92.554,11.792],[92.554,11.793],[92.554,11.793],[92.554,11.793],[92.554,11.794],[92.554,11.794],[92.554,11.795],[92.553,11.795],[92.553,11.796],[92.553,11.796],[92.553,11.797],[92.553,11.797],[92.553,11.797],[92.553,11.798],[92.552,11.798],[92.552,11.798],[92.552,11.799],[92.552,11.799],[92.552,11.8],[92.552,11.8],[92.551,11.801],[92.551,11.801],[92.551,11.802],[92.551,11.802],[92.551,11.803],[92.551,11.803],[92.551,11.804],[92.551,11.804],[92.551,11.805],[92.551,11.805],[92.551,11.805],[92.551,11.805],[92.551,11.806],[92.551,11.806],[92.551,11.806],[92.551,11.807],[92.551,11.808],[92.55,11.808],[92.55,11.809],[92.55,11.809],[92.55,11.81],[92.55,11.811],[92.55,11.811],[92.55,11.812],[92.55,11.812],[92.55,11.813],[92.55,11.814],[92.55,11.814],[92.549,11.815],[92.549,11.815],[92.549,11.816],[92.549,11.816],[92.549,11.817],[92.549,11.817],[92.549,11.817],[92.548,11.817],[92.548,11.818],[92.548,11.818],[92.547,11.818],[92.547,11.819],[92.546,11.819],[92.546,11.819],[92.545,11.819],[92.545,11.819],[92.544,11.819],[92.544,11.819],[92.543,11.819],[92.543,11.819],[92.542,11.819],[92.542,11.818],[92.541,11.818],[92.541,11.819],[92.541,11.819],[92.541,11.82],[92.541,11.82],[92.541,11.821],[92.541,11.821],[92.541,11.822],[92.541,11.822],[92.541,11.823],[92.541,11.823],[92.541,11.824],[92.541,11.824],[92.542,11.824],[92.542,11.824],[92.542,11.825],[92.542,11.825],[92.542,11.825],[92.543,11.826],[92.543,11.826],[92.543,11.826],[92.544,11.827],[92.544,11.827],[92.544,11.827],[92.545,11.827],[92.545,11.828],[92.546,11.828],[92.546,11.828],[92.546,11.829],[92.546,11.829],[92.547,11.83],[92.547,11.83],[92.547,11.83],[92.547,11.831],[92.547,11.831],[92.547,11.831],[92.547,11.832],[92.547,11.832],[92.546,11.832],[92.546,11.834],[92.546,11.835],[92.546,11.835],[92.546,11.835],[92.546,11.834],[92.546,11.833],[92.545,11.832],[92.545,11.832],[92.545,11.832],[92.544,11.831],[92.544,11.831],[92.544,11.83],[92.544,11.83],[92.544,11.829],[92.543,11.829],[92.543,11.829],[92.543,11.829],[92.543,11.829],[92.542,11.829],[92.542,11.829],[92.542,11.83],[92.542,11.83],[92.542,11.831],[92.542,11.831],[92.542,11.831],[92.542,11.832],[92.542,11.832],[92.542,11.833],[92.542,11.833],[92.542,11.834],[92.542,11.834],[92.542,11.834],[92.542,11.835],[92.542,11.835],[92.541,11.836],[92.541,11.836],[92.541,11.836],[92.541,11.837],[92.541,11.837],[92.54,11.837],[92.54,11.838],[92.539,11.838],[92.539,11.838],[92.538,11.838],[92.538,11.838],[92.537,11.839],[92.537,11.839],[92.537,11.839],[92.536,11.838],[92.536,11.838],[92.535,11.838],[92.535,11.837],[92.535,11.837],[92.534,11.836],[92.534,11.836],[92.534,11.835],[92.534,11.835],[92.533,11.835],[92.533,11.834],[92.533,11.834],[92.532,11.833],[92.532,11.833],[92.532,11.833],[92.531,11.832],[92.531,11.833],[92.531,11.833],[92.531,11.833],[92.53,11.833],[92.53,11.833],[92.53,11.832],[92.53,11.832],[92.53,11.831],[92.53,11.831],[92.529,11.831],[92.529,11.83],[92.528,11.83],[92.528,11.829],[92.528,11.829],[92.527,11.828],[92.527,11.828],[92.526,11.828],[92.526,11.827],[92.525,11.827],[92.525,11.826],[92.525,11.826],[92.524,11.826],[92.524,11.826],[92.524,11.826],[92.523,11.826],[92.522,11.826],[92.522,11.826],[92.521,11.827],[92.521,11.827],[92.521,11.828],[92.521,11.828],[92.52,11.829],[92.52,11.829],[92.52,11.83],[92.519,11.83],[92.519,11.831],[92.519,11.831],[92.519,11.832],[92.519,11.832],[92.518,11.833],[92.518,11.833],[92.518,11.834],[92.518,11.835],[92.518,11.835],[92.518,11.836],[92.518,11.836],[92.518,11.836],[92.519,11.837],[92.519,11.837],[92.519,11.838],[92.519,11.838],[92.519,11.839],[92.519,11.839],[92.519,11.84],[92.519,11.84],[92.519,11.84],[92.519,11.841],[92.518,11.841],[92.518,11.842],[92.518,11.843],[92.518,11.843],[92.518,11.844],[92.517,11.844],[92.517,11.844],[92.517,11.845],[92.517,11.845],[92.517,11.845],[92.516,11.845],[92.516,11.846],[92.516,11.846],[92.515,11.846],[92.515,11.846],[92.515,11.846],[92.514,11.847],[92.514,11.847],[92.514,11.847],[92.514,11.848],[92.514,11.849],[92.514,11.849],[92.514,11.85],[92.514,11.85],[92.515,11.851],[92.515,11.851],[92.515,11.852],[92.515,11.852],[92.515,11.852],[92.516,11.853],[92.516,11.853],[92.516,11.853],[92.516,11.854],[92.516,11.854],[92.516,11.855],[92.517,11.855],[92.517,11.856],[92.517,11.856],[92.518,11.856],[92.518,11.857],[92.518,11.857],[92.519,11.857],[92.519,11.858],[92.519,11.858],[92.518,11.859],[92.519,11.859],[92.519,11.86],[92.519,11.86],[92.519,11.861],[92.519,11.861],[92.52,11.861],[92.52,11.862],[92.52,11.862],[92.52,11.863],[92.52,11.863],[92.52,11.864],[92.52,11.864],[92.52,11.865],[92.52,11.866],[92.521,11.866],[92.521,11.867],[92.521,11.867],[92.521,11.868],[92.522,11.868],[92.522,11.869],[92.522,11.869],[92.522,11.869],[92.522,11.869],[92.523,11.87],[92.523,11.87],[92.523,11.87],[92.524,11.87],[92.524,11.87],[92.524,11.871],[92.525,11.871],[92.525,11.871],[92.525,11.872],[92.525,11.872],[92.525,11.873],[92.525,11.873],[92.524,11.874],[92.524,11.874],[92.525,11.875],[92.525,11.875],[92.525,11.876],[92.525,11.876],[92.525,11.877],[92.525,11.877],[92.525,11.878],[92.525,11.878],[92.525,11.879],[92.525,11.879],[92.525,11.879],[92.525,11.88],[92.526,11.88],[92.526,11.88],[92.526,11.881],[92.526,11.881],[92.526,11.881],[92.527,11.882],[92.527,11.882],[92.527,11.883],[92.527,11.883],[92.527,11.883],[92.527,11.884],[92.527,11.884],[92.526,11.884],[92.526,11.885],[92.526,11.885],[92.526,11.885],[92.526,11.886],[92.526,11.886],[92.526,11.887],[92.526,11.887],[92.526,11.888],[92.526,11.889],[92.526,11.889],[92.526,11.89],[92.526,11.89],[92.526,11.891],[92.526,11.892],[92.526,11.892],[92.526,11.893],[92.526,11.893],[92.526,11.894],[92.526,11.895],[92.526,11.895],[92.527,11.895],[92.527,11.896],[92.527,11.896],[92.527,11.896],[92.527,11.896],[92.528,11.896],[92.528,11.896],[92.529,11.896],[92.529,11.896],[92.529,11.896],[92.53,11.896],[92.53,11.896],[92.53,11.897],[92.531,11.897],[92.531,11.897],[92.532,11.897],[92.532,11.898],[92.532,11.898],[92.533,11.898],[92.533,11.898],[92.534,11.899],[92.534,11.899],[92.535,11.899],[92.535,11.9],[92.536,11.9],[92.536,11.901],[92.536,11.901],[92.537,11.902],[92.537,11.902],[92.537,11.903],[92.538,11.903],[92.538,11.904],[92.538,11.904],[92.538,11.904],[92.538,11.905],[92.538,11.905],[92.538,11.906],[92.538,11.906],[92.538,11.906],[92.537,11.907],[92.537,11.907],[92.537,11.907],[92.537,11.907],[92.536,11.907],[92.536,11.908],[92.536,11.908],[92.535,11.908],[92.535,11.909],[92.535,11.909],[92.535,11.909],[92.535,11.91],[92.535,11.91],[92.534,11.911],[92.534,11.911],[92.534,11.912],[92.535,11.912],[92.535,11.912],[92.535,11.913],[92.535,11.913],[92.536,11.913],[92.536,11.914],[92.537,11.914],[92.537,11.914],[92.537,11.915],[92.538,11.915],[92.538,11.916],[92.539,11.916],[92.539,11.916],[92.54,11.917],[92.54,11.917],[92.541,11.917],[92.541,11.918],[92.541,11.918],[92.542,11.919],[92.542,11.919],[92.542,11.92],[92.542,11.92],[92.542,11.921],[92.542,11.921],[92.542,11.922],[92.542,11.922],[92.542,11.923],[92.543,11.923],[92.543,11.924],[92.543,11.924],[92.544,11.924],[92.545,11.924],[92.545,11.924],[92.546,11.924],[92.546,11.924],[92.547,11.924],[92.547,11.925],[92.548,11.925],[92.548,11.925],[92.549,11.925],[92.55,11.926],[92.55,11.926],[92.55,11.926],[92.551,11.926],[92.551,11.926],[92.552,11.926],[92.552,11.926],[92.553,11.925],[92.553,11.926],[92.554,11.925],[92.554,11.925],[92.555,11.925],[92.555,11.925],[92.555,11.926],[92.555,11.926],[92.555,11.927],[92.555,11.928],[92.555,11.929],[92.556,11.929],[92.556,11.93],[92.556,11.93],[92.557,11.931],[92.557,11.931],[92.557,11.931],[92.557,11.932],[92.558,11.932],[92.558,11.932],[92.558,11.933],[92.559,11.933],[92.559,11.934],[92.56,11.934],[92.56,11.935],[92.56,11.936],[92.56,11.936],[92.56,11.937],[92.56,11.937],[92.56,11.938],[92.56,11.938],[92.56,11.938],[92.56,11.939],[92.56,11.939],[92.559,11.939],[92.559,11.939],[92.559,11.939],[92.558,11.939],[92.558,11.94],[92.558,11.94],[92.559,11.941],[92.559,11.941],[92.559,11.941],[92.56,11.942],[92.56,11.942],[92.56,11.942],[92.561,11.943],[92.561,11.943],[92.561,11.944],[92.561,11.944],[92.561,11.944],[92.561,11.945],[92.561,11.945],[92.562,11.946],[92.562,11.946],[92.562,11.946],[92.563,11.946],[92.563,11.945],[92.563,11.945],[92.564,11.945],[92.564,11.944],[92.564,11.944],[92.565,11.943],[92.565,11.943],[92.566,11.943],[92.566,11.942],[92.566,11.942],[92.566,11.942],[92.566,11.941],[92.566,11.941],[92.566,11.94],[92.567,11.94],[92.567,11.94],[92.567,11.939],[92.567,11.939],[92.567,11.938],[92.567,11.938],[92.568,11.937],[92.568,11.937],[92.568,11.936],[92.568,11.936],[92.569,11.935],[92.569,11.935],[92.569,11.934],[92.569,11.934],[92.569,11.934],[92.57,11.933],[92.57,11.933],[92.57,11.932],[92.57,11.932],[92.57,11.931],[92.571,11.931],[92.571,11.93],[92.571,11.93],[92.572,11.929],[92.572,11.929],[92.572,11.928],[92.573,11.928],[92.573,11.927],[92.573,11.927],[92.575,11.927],[92.575,11.927],[92.576,11.927],[92.577,11.927],[92.577,11.927],[92.577,11.927],[92.578,11.927],[92.578,11.927],[92.578,11.927],[92.579,11.927],[92.579,11.927],[92.579,11.927],[92.579,11.926],[92.579,11.926],[92.58,11.925],[92.58,11.925],[92.58,11.925],[92.58,11.924],[92.58,11.924],[92.58,11.924],[92.581,11.923],[92.581,11.923],[92.581,11.923],[92.581,11.922],[92.581,11.922],[92.581,11.921],[92.581,11.921],[92.581,11.92],[92.581,11.92],[92.581,11.919],[92.581,11.919],[92.581,11.918],[92.581,11.918],[92.581,11.917],[92.581,11.917],[92.581,11.916],[92.581,11.916],[92.582,11.916],[92.582,11.915],[92.582,11.915],[92.582,11.915],[92.582,11.914],[92.582,11.914],[92.582,11.914],[92.582,11.913],[92.582,11.912],[92.582,11.912],[92.583,11.911],[92.583,11.911],[92.583,11.91],[92.583,11.91],[92.583,11.909],[92.583,11.909],[92.583,11.908],[92.583,11.907],[92.583,11.907],[92.583,11.906],[92.583,11.906],[92.583,11.906],[92.583,11.905],[92.583,11.905],[92.583,11.904],[92.583,11.904],[92.583,11.904],[92.583,11.903],[92.584,11.903],[92.584,11.903],[92.584,11.902],[92.584,11.902],[92.585,11.902],[92.585,11.901],[92.585,11.901],[92.585,11.9],[92.585,11.9],[92.585,11.899],[92.585,11.899],[92.585,11.898],[92.585,11.898],[92.585,11.897],[92.585,11.897],[92.586,11.896],[92.586,11.896],[92.586,11.895],[92.586,11.895],[92.586,11.894],[92.586,11.894],[92.585,11.893],[92.585,11.893],[92.585,11.892],[92.585,11.892],[92.585,11.891],[92.585,11.891],[92.585,11.89],[92.585,11.89],[92.586,11.89],[92.586,11.889],[92.586,11.889],[92.586,11.888],[92.586,11.888],[92.587,11.888],[92.587,11.888],[92.587,11.887],[92.587,11.887],[92.587,11.887],[92.588,11.887],[92.588,11.887],[92.588,11.886],[92.589,11.886],[92.589,11.886],[92.59,11.886],[92.59,11.886],[92.591,11.886],[92.591,11.886],[92.592,11.887],[92.592,11.887],[92.592,11.887],[92.592,11.887],[92.592,11.888],[92.592,11.888],[92.592,11.889],[92.593,11.89],[92.593,11.89],[92.593,11.891],[92.593,11.891],[92.593,11.892],[92.593,11.892],[92.593,11.893],[92.593,11.894],[92.593,11.894],[92.593,11.894],[92.594,11.895],[92.594,11.895],[92.594,11.895],[92.594,11.895],[92.594,11.896],[92.594,11.896],[92.593,11.896],[92.593,11.898],[92.593,11.898],[92.594,11.899],[92.594,11.899],[92.594,11.899],[92.594,11.899],[92.595,11.899],[92.595,11.899],[92.595,11.899],[92.596,11.899],[92.596,11.898],[92.597,11.897],[92.598,11.896],[92.598,11.896],[92.598,11.896],[92.599,11.896],[92.599,11.896],[92.599,11.897],[92.599,11.897],[92.599,11.897],[92.6,11.897],[92.6,11.898],[92.6,11.898],[92.6,11.898],[92.601,11.898],[92.601,11.898],[92.601,11.898],[92.601,11.897],[92.602,11.897],[92.602,11.897],[92.602,11.896],[92.602,11.896],[92.602,11.895],[92.602,11.895],[92.602,11.894],[92.602,11.893],[92.602,11.893],[92.602,11.892],[92.602,11.892],[92.601,11.891],[92.601,11.891],[92.601,11.89],[92.601,11.89],[92.602,11.889],[92.602,11.889],[92.602,11.888],[92.602,11.888],[92.602,11.887],[92.602,11.887],[92.602,11.886],[92.602,11.886],[92.602,11.886],[92.602,11.885],[92.602,11.885],[92.602,11.885],[92.602,11.884],[92.602,11.884],[92.602,11.884],[92.601,11.883],[92.601,11.883],[92.601,11.883],[92.601,11.882],[92.601,11.882],[92.601,11.882],[92.601,11.881],[92.601,11.881],[92.601,11.88],[92.601,11.88],[92.601,11.88],[92.601,11.879],[92.601,11.879],[92.601,11.878],[92.602,11.878],[92.602,11.877],[92.602,11.877],[92.602,11.876],[92.602,11.875],[92.602,11.875],[92.602,11.874],[92.602,11.873],[92.602,11.873],[92.602,11.872],[92.602,11.872],[92.602,11.872],[92.601,11.871],[92.601,11.871],[92.601,11.871],[92.601,11.871],[92.601,11.87],[92.601,11.87],[92.601,11.87],[92.6,11.87],[92.6,11.869],[92.6,11.869],[92.6,11.868],[92.6,11.868],[92.6,11.867],[92.6,11.867],[92.601,11.866],[92.601,11.866],[92.601,11.865],[92.601,11.865],[92.601,11.864],[92.601,11.864],[92.602,11.863],[92.602,11.863],[92.602,11.863],[92.602,11.862],[92.602,11.862],[92.602,11.862],[92.602,11.861],[92.602,11.861],[92.603,11.86],[92.603,11.86],[92.603,11.859],[92.604,11.859],[92.604,11.859],[92.604,11.858],[92.604,11.858],[92.604,11.858],[92.605,11.858],[92.605,11.859],[92.605,11.859],[92.605,11.859],[92.605,11.86],[92.605,11.86],[92.605,11.861],[92.605,11.861],[92.605,11.861],[92.604,11.862],[92.604,11.862],[92.604,11.863],[92.604,11.863],[92.604,11.863],[92.604,11.864],[92.604,11.864],[92.604,11.865],[92.604,11.865],[92.604,11.866],[92.604,11.866],[92.604,11.867],[92.604,11.867],[92.604,11.868],[92.605,11.868],[92.605,11.868],[92.605,11.869],[92.606,11.869],[92.606,11.869],[92.607,11.869],[92.607,11.87],[92.608,11.87],[92.608,11.87],[92.609,11.87],[92.61,11.87],[92.61,11.87],[92.61,11.87],[92.611,11.871],[92.611,11.871],[92.611,11.871],[92.611,11.872],[92.611,11.873],[92.611,11.873],[92.611,11.874],[92.611,11.874],[92.611,11.875],[92.611,11.875],[92.611,11.876],[92.611,11.876],[92.611,11.876],[92.611,11.877],[92.611,11.877],[92.611,11.878],[92.611,11.878],[92.611,11.879],[92.612,11.879],[92.612,11.879],[92.611,11.88],[92.611,11.88],[92.611,11.88],[92.611,11.881],[92.611,11.881],[92.611,11.882],[92.611,11.882],[92.611,11.883],[92.61,11.884],[92.61,11.886],[92.61,11.887],[92.61,11.888],[92.611,11.889],[92.611,11.889],[92.61,11.89],[92.61,11.89],[92.61,11.891],[92.61,11.891],[92.61,11.892],[92.61,11.892],[92.61,11.893],[92.61,11.894],[92.61,11.895],[92.61,11.895],[92.61,11.896],[92.61,11.897],[92.611,11.897],[92.61,11.898],[92.61,11.898],[92.61,11.899],[92.61,11.899],[92.61,11.901],[92.61,11.901],[92.611,11.902],[92.611,11.902],[92.611,11.902],[92.611,11.903],[92.611,11.903],[92.611,11.904],[92.611,11.904],[92.611,11.905],[92.611,11.906],[92.611,11.906],[92.611,11.907],[92.61,11.907],[92.61,11.908],[92.611,11.908],[92.611,11.909],[92.611,11.909],[92.611,11.91],[92.611,11.91],[92.611,11.911],[92.611,11.911],[92.611,11.912],[92.611,11.912],[92.612,11.913],[92.612,11.913],[92.612,11.914],[92.612,11.914],[92.611,11.914],[92.611,11.915],[92.611,11.915],[92.61,11.915],[92.61,11.916],[92.61,11.916],[92.61,11.917],[92.609,11.917],[92.609,11.918],[92.609,11.918],[92.609,11.918],[92.609,11.918],[92.608,11.918],[92.608,11.918],[92.607,11.918],[92.606,11.918],[92.606,11.918],[92.606,11.919],[92.606,11.919],[92.606,11.92],[92.606,11.921],[92.606,11.921],[92.606,11.922],[92.606,11.922],[92.606,11.923],[92.606,11.923],[92.606,11.924],[92.606,11.925],[92.607,11.925],[92.607,11.925],[92.607,11.926],[92.608,11.926],[92.608,11.926],[92.608,11.927],[92.608,11.927],[92.609,11.928],[92.609,11.928],[92.609,11.928],[92.609,11.929],[92.609,11.929],[92.609,11.93],[92.609,11.93],[92.609,11.931],[92.609,11.931],[92.609,11.932],[92.61,11.932],[92.61,11.933],[92.61,11.933],[92.61,11.934],[92.61,11.934],[92.61,11.935],[92.61,11.935],[92.611,11.936],[92.61,11.936],[92.61,11.937],[92.611,11.937],[92.611,11.938],[92.611,11.938],[92.611,11.938],[92.611,11.939],[92.611,11.939],[92.611,11.94],[92.611,11.94],[92.612,11.941],[92.611,11.942],[92.611,11.942],[92.612,11.942],[92.612,11.943],[92.611,11.943],[92.611,11.943],[92.611,11.944],[92.61,11.944],[92.61,11.944],[92.61,11.945],[92.609,11.945],[92.609,11.946],[92.609,11.947],[92.609,11.947],[92.608,11.948],[92.608,11.948],[92.609,11.949],[92.609,11.949],[92.609,11.95],[92.609,11.951],[92.609,11.951],[92.609,11.952],[92.609,11.952],[92.609,11.953],[92.609,11.953],[92.609,11.954],[92.609,11.955],[92.609,11.955],[92.609,11.956],[92.609,11.957],[92.61,11.957],[92.61,11.957],[92.611,11.957],[92.611,11.957],[92.612,11.957],[92.612,11.958],[92.612,11.958],[92.612,11.958],[92.612,11.958],[92.612,11.959],[92.612,11.959],[92.612,11.959],[92.613,11.96],[92.613,11.96],[92.613,11.961],[92.613,11.961],[92.613,11.961],[92.613,11.962],[92.613,11.962],[92.613,11.962],[92.613,11.963],[92.613,11.963],[92.613,11.964],[92.613,11.964],[92.613,11.965],[92.613,11.965],[92.613,11.966],[92.613,11.966],[92.613,11.967],[92.613,11.967],[92.613,11.968],[92.613,11.968],[92.613,11.969],[92.613,11.969],[92.612,11.97],[92.613,11.97],[92.613,11.97],[92.613,11.971],[92.613,11.971],[92.613,11.972],[92.613,11.972],[92.613,11.972],[92.613,11.972],[92.612,11.973],[92.612,11.973],[92.612,11.974],[92.612,11.974],[92.612,11.975],[92.612,11.975],[92.612,11.976],[92.612,11.976],[92.613,11.977],[92.613,11.977],[92.613,11.978],[92.613,11.978],[92.613,11.979],[92.613,11.979],[92.613,11.979],[92.612,11.98],[92.612,11.98],[92.612,11.981],[92.612,11.981],[92.612,11.981],[92.612,11.982],[92.612,11.982],[92.612,11.983],[92.612,11.984],[92.612,11.984],[92.612,11.985],[92.612,11.985],[92.613,11.985],[92.613,11.986],[92.613,11.986],[92.613,11.987],[92.613,11.987],[92.613,11.988],[92.613,11.988],[92.613,11.989],[92.613,11.989],[92.613,11.989],[92.613,11.99],[92.614,11.99],[92.614,11.99],[92.614,11.99],[92.615,11.99],[92.615,11.99],[92.616,11.991],[92.616,11.991],[92.616,11.991],[92.617,11.991],[92.617,11.991],[92.617,11.991],[92.617,11.992],[92.617,11.992],[92.617,11.992],[92.617,11.993],[92.616,11.993],[92.616,11.993],[92.616,11.994],[92.616,11.994],[92.616,11.994],[92.615,11.995],[92.614,11.995],[92.614,11.995],[92.614,11.996],[92.613,11.998],[92.613,11.998],[92.613,11.998],[92.613,11.998],[92.613,11.999],[92.614,12],[92.614,12.001],[92.614,12.001],[92.614,12.002],[92.613,12.002],[92.613,12.003],[92.613,12.004],[92.613,12.004],[92.613,12.005],[92.613,12.005],[92.613,12.006],[92.613,12.007],[92.613,12.007],[92.613,12.008],[92.614,12.009],[92.614,12.009],[92.614,12.01],[92.615,12.01],[92.615,12.01],[92.615,12.011],[92.615,12.011],[92.615,12.011],[92.615,12.012],[92.615,12.012],[92.615,12.013],[92.615,12.014],[92.615,12.014],[92.615,12.015],[92.616,12.015],[92.616,12.016],[92.616,12.016],[92.616,12.017],[92.616,12.017],[92.616,12.017],[92.616,12.018],[92.616,12.018],[92.616,12.019],[92.616,12.019],[92.616,12.019],[92.616,12.019],[92.616,12.02],[92.616,12.02],[92.617,12.021],[92.617,12.021],[92.617,12.021],[92.617,12.022],[92.617,12.022],[92.617,12.022],[92.617,12.022],[92.617,12.023],[92.617,12.023],[92.617,12.024],[92.617,12.024],[92.617,12.025],[92.617,12.026],[92.617,12.026],[92.618,12.025],[92.618,12.026],[92.618,12.026],[92.619,12.026],[92.621,12.026],[92.622,12.027],[92.622,12.027],[92.622,12.027],[92.622,12.027],[92.623,12.028],[92.623,12.028],[92.622,12.029],[92.622,12.029],[92.622,12.029],[92.622,12.03],[92.622,12.03],[92.622,12.03],[92.621,12.031],[92.621,12.031],[92.62,12.031],[92.62,12.032],[92.62,12.032],[92.62,12.032],[92.62,12.033],[92.62,12.033],[92.62,12.034],[92.621,12.035],[92.622,12.036],[92.622,12.036],[92.622,12.037],[92.622,12.037],[92.621,12.038],[92.621,12.038],[92.62,12.038],[92.62,12.039],[92.62,12.039],[92.62,12.039],[92.62,12.039],[92.62,12.04],[92.62,12.04],[92.62,12.04],[92.62,12.041],[92.62,12.041],[92.62,12.041],[92.621,12.041],[92.622,12.041],[92.622,12.041],[92.623,12.041],[92.623,12.041],[92.623,12.041],[92.624,12.042],[92.625,12.042],[92.625,12.042],[92.626,12.042],[92.626,12.042],[92.626,12.043],[92.627,12.043],[92.628,12.043],[92.628,12.044],[92.628,12.044],[92.628,12.044],[92.628,12.045],[92.628,12.045],[92.627,12.046],[92.628,12.046],[92.628,12.047],[92.627,12.047],[92.627,12.047],[92.627,12.048],[92.627,12.048],[92.626,12.049],[92.625,12.049],[92.625,12.049],[92.624,12.049],[92.624,12.049],[92.623,12.049],[92.623,12.048],[92.622,12.048],[92.622,12.049],[92.622,12.049],[92.621,12.05],[92.622,12.051],[92.622,12.052],[92.622,12.052],[92.622,12.052],[92.621,12.052],[92.621,12.053],[92.621,12.054],[92.621,12.054],[92.622,12.054],[92.623,12.054],[92.623,12.054],[92.623,12.055],[92.624,12.055],[92.624,12.055],[92.624,12.055],[92.624,12.055],[92.624,12.056],[92.624,12.056],[92.625,12.056],[92.625,12.057],[92.625,12.057],[92.625,12.058],[92.625,12.058],[92.625,12.058],[92.625,12.059],[92.625,12.059],[92.625,12.061],[92.626,12.061],[92.626,12.062],[92.625,12.063],[92.624,12.063],[92.624,12.063],[92.623,12.063],[92.623,12.063],[92.623,12.063],[92.622,12.063],[92.622,12.063],[92.62,12.065],[92.62,12.065],[92.62,12.067],[92.62,12.068],[92.62,12.068],[92.62,12.068],[92.62,12.068],[92.62,12.069],[92.62,12.069],[92.62,12.07],[92.62,12.07],[92.62,12.071],[92.62,12.071],[92.62,12.071],[92.62,12.072],[92.62,12.072],[92.62,12.072],[92.62,12.073],[92.62,12.073],[92.62,12.073],[92.62,12.074],[92.62,12.074],[92.62,12.075],[92.621,12.075],[92.621,12.075],[92.621,12.076],[92.621,12.076],[92.621,12.076],[92.621,12.076],[92.621,12.077],[92.621,12.077],[92.621,12.078],[92.621,12.078],[92.621,12.079],[92.621,12.079],[92.621,12.08],[92.621,12.08],[92.621,12.08],[92.621,12.081],[92.622,12.081],[92.622,12.082],[92.622,12.083],[92.622,12.084],[92.622,12.084],[92.622,12.085],[92.622,12.085],[92.622,12.086],[92.622,12.086],[92.622,12.086],[92.622,12.087],[92.622,12.087],[92.622,12.088],[92.622,12.088],[92.622,12.089],[92.622,12.09],[92.622,12.09],[92.622,12.09],[92.622,12.091],[92.623,12.091],[92.623,12.092],[92.623,12.092],[92.623,12.092],[92.623,12.093],[92.623,12.093],[92.623,12.094],[92.623,12.094],[92.623,12.097],[92.623,12.097],[92.623,12.099],[92.624,12.099],[92.624,12.1],[92.624,12.1],[92.624,12.101],[92.624,12.101],[92.624,12.103],[92.624,12.103],[92.624,12.103],[92.624,12.104],[92.624,12.104],[92.624,12.105],[92.624,12.105],[92.625,12.105],[92.625,12.106],[92.625,12.106],[92.625,12.107],[92.626,12.107],[92.626,12.108],[92.626,12.108],[92.626,12.108],[92.627,12.109],[92.627,12.109],[92.627,12.11],[92.627,12.11],[92.627,12.11],[92.628,12.111],[92.628,12.111],[92.628,12.111],[92.628,12.111],[92.628,12.111],[92.629,12.112],[92.629,12.112],[92.63,12.112],[92.63,12.112],[92.63,12.112],[92.63,12.112],[92.631,12.112],[92.631,12.113],[92.631,12.113],[92.632,12.113],[92.632,12.114],[92.632,12.114],[92.632,12.114],[92.632,12.114],[92.632,12.115],[92.633,12.116],[92.633,12.116],[92.633,12.117],[92.633,12.117],[92.633,12.118],[92.633,12.118],[92.633,12.118],[92.633,12.118],[92.633,12.118],[92.634,12.119],[92.634,12.119],[92.634,12.119],[92.634,12.119],[92.635,12.119],[92.635,12.119],[92.635,12.119],[92.635,12.119],[92.635,12.12],[92.635,12.12],[92.636,12.12],[92.636,12.12],[92.636,12.12],[92.636,12.121],[92.636,12.121],[92.636,12.122],[92.636,12.122],[92.635,12.122],[92.635,12.122],[92.634,12.122],[92.634,12.122],[92.633,12.122],[92.633,12.122],[92.632,12.122],[92.632,12.123],[92.632,12.123],[92.632,12.123],[92.632,12.124],[92.632,12.124],[92.632,12.125],[92.632,12.125],[92.632,12.126],[92.632,12.126],[92.633,12.127],[92.633,12.127],[92.633,12.128],[92.633,12.128],[92.633,12.129],[92.633,12.129],[92.633,12.13],[92.634,12.13],[92.634,12.131],[92.634,12.131],[92.634,12.132],[92.634,12.132],[92.634,12.133],[92.634,12.133],[92.634,12.133],[92.634,12.134],[92.634,12.134],[92.634,12.135],[92.634,12.135],[92.634,12.135],[92.634,12.136],[92.634,12.136],[92.634,12.136],[92.635,12.137],[92.635,12.137],[92.635,12.137],[92.635,12.138],[92.635,12.138],[92.635,12.138],[92.635,12.139],[92.635,12.139],[92.635,12.14],[92.635,12.14],[92.636,12.141],[92.636,12.141],[92.636,12.142],[92.636,12.142],[92.636,12.142],[92.637,12.142],[92.637,12.143],[92.637,12.143],[92.637,12.143],[92.638,12.144],[92.638,12.144],[92.637,12.144],[92.637,12.145],[92.637,12.145],[92.637,12.146],[92.637,12.146],[92.637,12.147],[92.638,12.147],[92.638,12.147],[92.638,12.148],[92.638,12.148],[92.638,12.149],[92.639,12.149],[92.639,12.15],[92.639,12.15],[92.639,12.151],[92.64,12.151],[92.64,12.152],[92.64,12.152],[92.64,12.153],[92.64,12.153],[92.64,12.153],[92.64,12.154],[92.641,12.154],[92.641,12.154],[92.641,12.154],[92.641,12.155],[92.641,12.155],[92.641,12.155],[92.641,12.156],[92.641,12.156],[92.641,12.156],[92.641,12.157],[92.641,12.157],[92.641,12.158],[92.642,12.158],[92.642,12.158],[92.642,12.159],[92.642,12.159],[92.642,12.159],[92.642,12.16],[92.642,12.16],[92.642,12.161],[92.642,12.161],[92.642,12.162],[92.642,12.162],[92.642,12.163],[92.642,12.163],[92.642,12.164],[92.643,12.165],[92.643,12.165],[92.643,12.166],[92.643,12.166],[92.643,12.167],[92.643,12.167],[92.644,12.168],[92.644,12.168],[92.644,12.169],[92.644,12.169],[92.644,12.17],[92.644,12.171],[92.644,12.171],[92.644,12.172],[92.645,12.172],[92.645,12.173],[92.645,12.173],[92.645,12.174],[92.645,12.174],[92.645,12.175],[92.645,12.175],[92.645,12.176],[92.645,12.176],[92.645,12.177],[92.645,12.178],[92.646,12.178],[92.646,12.179],[92.646,12.18],[92.647,12.18],[92.647,12.181],[92.647,12.181],[92.648,12.182],[92.648,12.182],[92.648,12.182],[92.649,12.183],[92.649,12.183],[92.649,12.183],[92.649,12.184],[92.65,12.184],[92.65,12.184],[92.65,12.185],[92.65,12.185],[92.65,12.186],[92.65,12.186],[92.65,12.187],[92.651,12.187],[92.651,12.187],[92.651,12.188],[92.651,12.188],[92.651,12.188],[92.652,12.189],[92.652,12.189],[92.652,12.189],[92.652,12.19],[92.652,12.191],[92.652,12.191],[92.653,12.192],[92.653,12.192],[92.653,12.193],[92.653,12.193],[92.654,12.194],[92.654,12.194],[92.654,12.194],[92.654,12.195],[92.654,12.195],[92.655,12.195],[92.655,12.196],[92.655,12.196],[92.655,12.197],[92.655,12.198],[92.655,12.198],[92.655,12.199],[92.656,12.199],[92.656,12.2],[92.656,12.2],[92.656,12.2],[92.656,12.201],[92.656,12.201],[92.656,12.201],[92.657,12.201],[92.657,12.202],[92.657,12.202],[92.657,12.203],[92.657,12.203],[92.657,12.204],[92.657,12.204],[92.657,12.205],[92.657,12.205],[92.658,12.205],[92.658,12.206],[92.658,12.206],[92.658,12.206],[92.658,12.207],[92.659,12.207],[92.659,12.207],[92.659,12.208],[92.659,12.208],[92.659,12.208],[92.659,12.209],[92.659,12.209],[92.66,12.209],[92.66,12.209],[92.66,12.21],[92.66,12.21],[92.66,12.21],[92.66,12.211],[92.66,12.212],[92.66,12.212],[92.661,12.212],[92.661,12.212],[92.661,12.213],[92.661,12.213],[92.662,12.213],[92.662,12.214],[92.662,12.214],[92.662,12.215],[92.662,12.216],[92.662,12.216],[92.662,12.216],[92.663,12.217],[92.663,12.217],[92.664,12.217],[92.664,12.218],[92.664,12.218],[92.665,12.218],[92.665,12.218],[92.665,12.217],[92.665,12.217],[92.666,12.217],[92.666,12.216],[92.665,12.216],[92.665,12.215],[92.665,12.215],[92.665,12.215],[92.665,12.214],[92.665,12.214],[92.665,12.213],[92.665,12.213],[92.664,12.213],[92.664,12.213],[92.664,12.212],[92.664,12.212],[92.664,12.211],[92.664,12.211],[92.664,12.21],[92.664,12.21],[92.663,12.209],[92.663,12.208],[92.663,12.208],[92.663,12.207],[92.663,12.207],[92.663,12.206],[92.663,12.206],[92.662,12.205],[92.662,12.205],[92.662,12.204],[92.662,12.204],[92.661,12.204],[92.661,12.203],[92.661,12.203],[92.661,12.202],[92.661,12.202],[92.661,12.201],[92.661,12.201],[92.66,12.2],[92.66,12.2],[92.66,12.199],[92.66,12.199],[92.659,12.199],[92.659,12.199],[92.659,12.198],[92.659,12.198],[92.659,12.197],[92.659,12.197],[92.658,12.196],[92.658,12.196],[92.658,12.196],[92.658,12.195],[92.658,12.195],[92.658,12.194],[92.657,12.194],[92.657,12.193],[92.657,12.193],[92.657,12.192],[92.657,12.192],[92.657,12.191],[92.656,12.191],[92.656,12.191],[92.656,12.19],[92.656,12.19],[92.656,12.189],[92.656,12.189],[92.656,12.188],[92.655,12.187],[92.655,12.187],[92.655,12.186],[92.655,12.186],[92.655,12.186],[92.654,12.185],[92.654,12.185],[92.654,12.184],[92.654,12.184],[92.654,12.183],[92.654,12.183],[92.654,12.182],[92.654,12.182],[92.654,12.182],[92.655,12.182],[92.655,12.182],[92.655,12.182],[92.656,12.182],[92.656,12.182],[92.657,12.182],[92.657,12.182],[92.657,12.182],[92.657,12.182],[92.658,12.182],[92.658,12.183],[92.658,12.183],[92.658,12.183],[92.658,12.183],[92.659,12.183],[92.659,12.184],[92.659,12.184],[92.659,12.184],[92.659,12.185],[92.659,12.185],[92.659,12.185],[92.659,12.186],[92.659,12.186],[92.658,12.186],[92.658,12.187],[92.658,12.187],[92.658,12.187],[92.658,12.188],[92.658,12.188],[92.658,12.188],[92.658,12.188],[92.659,12.188],[92.659,12.189],[92.659,12.189],[92.659,12.189],[92.66,12.189],[92.66,12.19],[92.66,12.19],[92.66,12.19],[92.661,12.19],[92.661,12.191],[92.661,12.191],[92.661,12.191],[92.661,12.192],[92.661,12.192],[92.661,12.192],[92.662,12.193],[92.662,12.193],[92.662,12.194],[92.662,12.194],[92.662,12.195],[92.662,12.195],[92.662,12.196],[92.662,12.196],[92.663,12.196],[92.663,12.197],[92.663,12.197],[92.663,12.198],[92.663,12.198],[92.663,12.199],[92.664,12.199],[92.664,12.2],[92.664,12.2],[92.664,12.201],[92.664,12.201],[92.665,12.202],[92.665,12.202],[92.665,12.203],[92.665,12.203],[92.666,12.203],[92.666,12.204],[92.667,12.204],[92.667,12.204],[92.668,12.204],[92.668,12.204],[92.668,12.205],[92.669,12.205],[92.669,12.205],[92.669,12.206],[92.669,12.206],[92.669,12.206],[92.67,12.207],[92.67,12.207],[92.67,12.208],[92.67,12.208],[92.67,12.209],[92.67,12.209],[92.671,12.21],[92.671,12.21],[92.671,12.211],[92.671,12.211],[92.672,12.212],[92.672,12.212],[92.672,12.212],[92.672,12.213],[92.673,12.213],[92.673,12.213],[92.673,12.214],[92.673,12.214],[92.673,12.215],[92.674,12.215],[92.674,12.216],[92.674,12.216],[92.674,12.217],[92.674,12.217],[92.674,12.218],[92.675,12.218],[92.675,12.219],[92.676,12.218],[92.676,12.218],[92.677,12.218],[92.677,12.217],[92.677,12.217],[92.678,12.216],[92.678,12.216],[92.678,12.215],[92.678,12.214],[92.678,12.214],[92.678,12.213],[92.677,12.212],[92.677,12.212],[92.677,12.211],[92.677,12.211],[92.677,12.21],[92.678,12.21],[92.678,12.209],[92.678,12.209],[92.678,12.208],[92.678,12.208],[92.678,12.207],[92.677,12.206],[92.677,12.206],[92.677,12.205],[92.677,12.205],[92.677,12.205],[92.677,12.204],[92.678,12.204],[92.678,12.204],[92.678,12.204],[92.679,12.205],[92.679,12.206],[92.679,12.206],[92.679,12.206],[92.679,12.206],[92.679,12.207],[92.679,12.207],[92.679,12.207],[92.679,12.208],[92.679,12.208],[92.679,12.208],[92.679,12.209],[92.679,12.209],[92.679,12.21],[92.679,12.21],[92.679,12.211],[92.679,12.211],[92.679,12.212],[92.68,12.213],[92.68,12.213],[92.68,12.213],[92.68,12.213],[92.68,12.214],[92.68,12.214],[92.681,12.214],[92.682,12.214],[92.682,12.214],[92.682,12.214],[92.683,12.214],[92.683,12.214],[92.683,12.213],[92.684,12.213],[92.684,12.213],[92.684,12.212],[92.684,12.212],[92.684,12.212],[92.684,12.211],[92.684,12.211],[92.684,12.211],[92.684,12.21],[92.684,12.21],[92.684,12.209],[92.684,12.209],[92.684,12.208],[92.684,12.208],[92.684,12.208],[92.685,12.208],[92.685,12.209],[92.685,12.209],[92.685,12.209],[92.685,12.209],[92.685,12.21],[92.685,12.21],[92.685,12.211],[92.686,12.211],[92.686,12.212],[92.686,12.212],[92.686,12.212],[92.687,12.213],[92.687,12.213],[92.687,12.214],[92.687,12.214],[92.687,12.215],[92.687,12.215],[92.687,12.216],[92.687,12.216],[92.687,12.217],[92.687,12.217],[92.686,12.218],[92.686,12.218],[92.686,12.218],[92.686,12.218],[92.686,12.219],[92.685,12.219],[92.685,12.219],[92.685,12.22],[92.685,12.221],[92.685,12.221],[92.685,12.222],[92.685,12.222],[92.685,12.223],[92.686,12.223],[92.686,12.224],[92.686,12.224],[92.686,12.225],[92.686,12.225],[92.686,12.226],[92.686,12.227],[92.687,12.227],[92.687,12.228],[92.687,12.228],[92.687,12.228],[92.688,12.229],[92.688,12.229],[92.688,12.229],[92.688,12.229],[92.688,12.229],[92.688,12.23],[92.688,12.23],[92.688,12.231],[92.688,12.231],[92.688,12.232],[92.688,12.232],[92.688,12.233],[92.688,12.233],[92.689,12.233],[92.689,12.234],[92.689,12.234],[92.689,12.235],[92.689,12.235],[92.69,12.235],[92.691,12.235],[92.691,12.236],[92.691,12.236],[92.692,12.236],[92.692,12.236],[92.692,12.237],[92.692,12.237],[92.692,12.237],[92.693,12.238],[92.693,12.238],[92.693,12.238],[92.693,12.239],[92.694,12.239],[92.694,12.239],[92.695,12.239],[92.695,12.239],[92.696,12.239],[92.696,12.239],[92.697,12.24],[92.698,12.24],[92.698,12.239],[92.699,12.239],[92.699,12.239],[92.7,12.239],[92.7,12.239],[92.7,12.238],[92.7,12.238],[92.701,12.237],[92.701,12.237],[92.701,12.236],[92.701,12.236],[92.701,12.236]]],[[[92.731,12.242],[92.731,12.242],[92.731,12.242],[92.731,12.242],[92.732,12.242],[92.732,12.242],[92.732,12.242],[92.733,12.242],[92.733,12.242],[92.733,12.241],[92.733,12.241],[92.733,12.24],[92.733,12.24],[92.733,12.24],[92.734,12.24],[92.734,12.239],[92.735,12.239],[92.735,12.238],[92.734,12.237],[92.734,12.236],[92.734,12.236],[92.733,12.236],[92.733,12.235],[92.732,12.235],[92.732,12.235],[92.732,12.234],[92.732,12.234],[92.732,12.233],[92.731,12.233],[92.731,12.232],[92.731,12.232],[92.731,12.231],[92.732,12.23],[92.732,12.23],[92.731,12.23],[92.731,12.229],[92.731,12.229],[92.73,12.229],[92.73,12.228],[92.731,12.228],[92.731,12.228],[92.73,12.228],[92.73,12.226],[92.73,12.226],[92.73,12.225],[92.731,12.225],[92.731,12.224],[92.73,12.224],[92.73,12.222],[92.731,12.222],[92.731,12.22],[92.731,12.22],[92.731,12.219],[92.731,12.219],[92.731,12.217],[92.731,12.217],[92.731,12.214],[92.731,12.214],[92.731,12.213],[92.731,12.213],[92.732,12.213],[92.732,12.212],[92.733,12.212],[92.733,12.212],[92.732,12.212],[92.732,12.211],[92.733,12.211],[92.733,12.21],[92.733,12.21],[92.734,12.21],[92.734,12.211],[92.734,12.211],[92.734,12.212],[92.734,12.214],[92.734,12.214],[92.734,12.214],[92.735,12.214],[92.735,12.215],[92.735,12.216],[92.735,12.216],[92.735,12.216],[92.735,12.217],[92.735,12.218],[92.735,12.221],[92.735,12.221],[92.736,12.221],[92.737,12.221],[92.738,12.221],[92.738,12.222],[92.738,12.222],[92.738,12.222],[92.738,12.222],[92.738,12.223],[92.739,12.224],[92.739,12.224],[92.739,12.223],[92.74,12.223],[92.74,12.223],[92.74,12.223],[92.74,12.222],[92.741,12.222],[92.741,12.222],[92.741,12.222],[92.742,12.221],[92.743,12.221],[92.743,12.221],[92.743,12.221],[92.743,12.221],[92.744,12.22],[92.744,12.22],[92.744,12.22],[92.744,12.22],[92.744,12.218],[92.744,12.218],[92.744,12.218],[92.743,12.218],[92.743,12.217],[92.743,12.217],[92.743,12.216],[92.743,12.216],[92.743,12.214],[92.743,12.214],[92.743,12.214],[92.743,12.214],[92.743,12.212],[92.743,12.212],[92.744,12.212],[92.744,12.212],[92.744,12.212],[92.744,12.211],[92.744,12.21],[92.744,12.21],[92.744,12.21],[92.745,12.21],[92.745,12.21],[92.745,12.21],[92.745,12.212],[92.744,12.212],[92.744,12.214],[92.743,12.214],[92.743,12.215],[92.744,12.215],[92.744,12.215],[92.744,12.215],[92.744,12.216],[92.744,12.216],[92.744,12.217],[92.745,12.217],[92.744,12.218],[92.745,12.218],[92.745,12.22],[92.745,12.22],[92.745,12.221],[92.745,12.221],[92.745,12.223],[92.745,12.223],[92.745,12.224],[92.744,12.224],[92.744,12.224],[92.743,12.224],[92.743,12.224],[92.742,12.224],[92.742,12.225],[92.741,12.225],[92.74,12.225],[92.74,12.226],[92.74,12.226],[92.74,12.226],[92.74,12.227],[92.74,12.227],[92.739,12.227],[92.738,12.228],[92.738,12.229],[92.738,12.229],[92.738,12.231],[92.739,12.231],[92.739,12.232],[92.739,12.232],[92.739,12.233],[92.739,12.233],[92.739,12.234],[92.74,12.234],[92.74,12.234],[92.74,12.234],[92.74,12.236],[92.741,12.236],[92.741,12.235],[92.741,12.234],[92.742,12.234],[92.743,12.234],[92.743,12.233],[92.743,12.233],[92.743,12.233],[92.743,12.233],[92.743,12.232],[92.743,12.232],[92.743,12.232],[92.744,12.231],[92.744,12.231],[92.745,12.231],[92.745,12.231],[92.745,12.23],[92.745,12.227],[92.745,12.227],[92.745,12.227],[92.746,12.227],[92.746,12.228],[92.746,12.229],[92.746,12.23],[92.746,12.23],[92.747,12.23],[92.747,12.231],[92.749,12.231],[92.749,12.23],[92.749,12.23],[92.749,12.23],[92.75,12.23],[92.75,12.229],[92.75,12.229],[92.75,12.229],[92.75,12.229],[92.752,12.229],[92.752,12.229],[92.752,12.229],[92.752,12.229],[92.753,12.23],[92.753,12.23],[92.754,12.23],[92.754,12.23],[92.755,12.231],[92.755,12.23],[92.756,12.23],[92.756,12.229],[92.756,12.229],[92.756,12.229],[92.756,12.229],[92.756,12.229],[92.756,12.229],[92.757,12.229],[92.757,12.23],[92.758,12.23],[92.758,12.23],[92.759,12.23],[92.759,12.229],[92.76,12.229],[92.76,12.229],[92.76,12.229],[92.76,12.229],[92.762,12.229],[92.761,12.229],[92.762,12.229],[92.762,12.224],[92.763,12.224],[92.763,12.224],[92.762,12.224],[92.762,12.223],[92.763,12.223],[92.763,12.222],[92.763,12.222],[92.763,12.221],[92.763,12.221],[92.763,12.22],[92.763,12.22],[92.763,12.219],[92.763,12.218],[92.763,12.218],[92.763,12.213],[92.762,12.213],[92.762,12.212],[92.763,12.212],[92.763,12.209],[92.763,12.209],[92.763,12.209],[92.763,12.209],[92.763,12.208],[92.763,12.208],[92.763,12.207],[92.764,12.207],[92.764,12.207],[92.765,12.206],[92.765,12.205],[92.765,12.204],[92.765,12.204],[92.766,12.204],[92.766,12.203],[92.766,12.202],[92.767,12.202],[92.768,12.202],[92.768,12.201],[92.768,12.201],[92.768,12.199],[92.768,12.199],[92.768,12.197],[92.768,12.197],[92.768,12.197],[92.767,12.197],[92.767,12.196],[92.766,12.196],[92.766,12.195],[92.766,12.195],[92.766,12.195],[92.766,12.195],[92.766,12.194],[92.766,12.194],[92.766,12.194],[92.765,12.194],[92.765,12.193],[92.765,12.191],[92.766,12.19],[92.767,12.19],[92.767,12.189],[92.767,12.189],[92.767,12.189],[92.766,12.188],[92.766,12.186],[92.766,12.186],[92.766,12.185],[92.766,12.185],[92.766,12.184],[92.765,12.184],[92.765,12.184],[92.765,12.183],[92.764,12.183],[92.764,12.183],[92.764,12.182],[92.76,12.182],[92.76,12.182],[92.76,12.182],[92.76,12.183],[92.759,12.183],[92.759,12.183],[92.755,12.183],[92.755,12.183],[92.755,12.183],[92.755,12.183],[92.754,12.183],[92.754,12.182],[92.753,12.182],[92.752,12.183],[92.752,12.183],[92.752,12.183],[92.752,12.184],[92.751,12.184],[92.751,12.184],[92.751,12.184],[92.751,12.183],[92.75,12.183],[92.75,12.183],[92.749,12.183],[92.749,12.182],[92.749,12.182],[92.749,12.182],[92.749,12.182],[92.749,12.181],[92.748,12.181],[92.747,12.18],[92.747,12.181],[92.746,12.181],[92.746,12.182],[92.746,12.182],[92.745,12.182],[92.745,12.182],[92.745,12.182],[92.744,12.183],[92.744,12.183],[92.744,12.183],[92.744,12.183],[92.744,12.184],[92.743,12.184],[92.743,12.184],[92.741,12.184],[92.741,12.184],[92.739,12.184],[92.739,12.185],[92.738,12.185],[92.738,12.184],[92.738,12.184],[92.738,12.184],[92.736,12.185],[92.736,12.185],[92.733,12.185],[92.733,12.186],[92.733,12.186],[92.732,12.186],[92.732,12.187],[92.732,12.187],[92.732,12.188],[92.732,12.188],[92.732,12.189],[92.732,12.189],[92.732,12.189],[92.732,12.189],[92.732,12.19],[92.732,12.19],[92.732,12.191],[92.732,12.191],[92.732,12.192],[92.732,12.192],[92.732,12.192],[92.731,12.192],[92.731,12.193],[92.731,12.193],[92.73,12.193],[92.73,12.193],[92.729,12.193],[92.729,12.192],[92.729,12.192],[92.728,12.192],[92.726,12.19],[92.726,12.189],[92.726,12.189],[92.726,12.189],[92.725,12.189],[92.725,12.189],[92.724,12.189],[92.724,12.189],[92.723,12.189],[92.723,12.19],[92.723,12.19],[92.723,12.191],[92.723,12.19],[92.723,12.191],[92.723,12.191],[92.723,12.192],[92.722,12.193],[92.722,12.196],[92.723,12.196],[92.723,12.196],[92.723,12.196],[92.723,12.197],[92.723,12.197],[92.723,12.199],[92.723,12.199],[92.723,12.199],[92.723,12.199],[92.723,12.201],[92.723,12.201],[92.723,12.202],[92.724,12.202],[92.724,12.203],[92.723,12.203],[92.723,12.203],[92.723,12.203],[92.722,12.204],[92.722,12.204],[92.723,12.204],[92.723,12.205],[92.722,12.205],[92.722,12.206],[92.723,12.206],[92.723,12.206],[92.724,12.206],[92.724,12.207],[92.724,12.207],[92.724,12.207],[92.725,12.207],[92.725,12.208],[92.724,12.208],[92.724,12.209],[92.724,12.209],[92.724,12.21],[92.724,12.21],[92.724,12.21],[92.724,12.211],[92.724,12.211],[92.723,12.211],[92.723,12.212],[92.723,12.212],[92.723,12.212],[92.723,12.212],[92.723,12.214],[92.723,12.214],[92.723,12.215],[92.723,12.215],[92.723,12.216],[92.722,12.216],[92.722,12.217],[92.723,12.217],[92.723,12.218],[92.723,12.218],[92.723,12.219],[92.724,12.219],[92.724,12.219],[92.724,12.219],[92.724,12.22],[92.725,12.221],[92.725,12.222],[92.725,12.222],[92.725,12.222],[92.725,12.222],[92.725,12.223],[92.724,12.223],[92.723,12.223],[92.723,12.224],[92.723,12.225],[92.723,12.225],[92.723,12.226],[92.723,12.226],[92.723,12.228],[92.723,12.228],[92.723,12.228],[92.722,12.228],[92.722,12.23],[92.722,12.231],[92.723,12.231],[92.723,12.233],[92.722,12.233],[92.722,12.233],[92.723,12.233],[92.723,12.234],[92.723,12.234],[92.723,12.234],[92.723,12.234],[92.724,12.234],[92.725,12.235],[92.725,12.235],[92.725,12.235],[92.725,12.236],[92.725,12.236],[92.725,12.237],[92.725,12.237],[92.725,12.238],[92.725,12.238],[92.725,12.239],[92.725,12.239],[92.725,12.239],[92.725,12.24],[92.726,12.24],[92.726,12.24],[92.726,12.24],[92.726,12.24],[92.727,12.24],[92.727,12.24],[92.728,12.24],[92.728,12.241],[92.729,12.241],[92.729,12.241],[92.729,12.241],[92.73,12.242],[92.73,12.242],[92.731,12.242]]],[[[92.881,12.25],[92.881,12.25],[92.881,12.25],[92.882,12.249],[92.882,12.246],[92.881,12.245],[92.88,12.246],[92.88,12.247],[92.88,12.247],[92.88,12.248],[92.88,12.248],[92.879,12.248],[92.879,12.249],[92.88,12.249],[92.88,12.249],[92.88,12.25],[92.88,12.25],[92.88,12.25],[92.881,12.25]]],[[[92.866,12.236],[92.866,12.236],[92.866,12.236],[92.865,12.236],[92.865,12.237],[92.864,12.237],[92.864,12.238],[92.864,12.238],[92.863,12.238],[92.863,12.239],[92.863,12.24],[92.863,12.24],[92.863,12.241],[92.862,12.241],[92.862,12.242],[92.862,12.242],[92.861,12.243],[92.862,12.243],[92.862,12.244],[92.862,12.244],[92.862,12.245],[92.862,12.246],[92.862,12.247],[92.862,12.247],[92.862,12.248],[92.863,12.248],[92.863,12.249],[92.863,12.249],[92.864,12.249],[92.865,12.25],[92.865,12.25],[92.866,12.251],[92.866,12.251],[92.866,12.251],[92.866,12.25],[92.867,12.25],[92.867,12.25],[92.868,12.25],[92.868,12.249],[92.868,12.249],[92.869,12.249],[92.869,12.249],[92.869,12.248],[92.869,12.247],[92.869,12.247],[92.869,12.246],[92.869,12.246],[92.869,12.246],[92.868,12.245],[92.868,12.245],[92.868,12.244],[92.868,12.244],[92.868,12.243],[92.868,12.243],[92.867,12.242],[92.867,12.242],[92.868,12.241],[92.868,12.241],[92.868,12.24],[92.868,12.24],[92.868,12.239],[92.868,12.239],[92.867,12.239],[92.867,12.238],[92.867,12.238],[92.867,12.237],[92.867,12.237],[92.867,12.236],[92.867,12.236],[92.866,12.236]]],[[[92.699,12.245],[92.699,12.245],[92.698,12.245],[92.698,12.245],[92.697,12.245],[92.697,12.246],[92.697,12.246],[92.696,12.246],[92.696,12.247],[92.696,12.247],[92.696,12.248],[92.696,12.248],[92.696,12.249],[92.696,12.25],[92.697,12.25],[92.697,12.251],[92.697,12.251],[92.698,12.251],[92.698,12.251],[92.698,12.25],[92.699,12.25],[92.699,12.25],[92.699,12.249],[92.699,12.249],[92.699,12.248],[92.699,12.248],[92.7,12.247],[92.7,12.247],[92.7,12.246],[92.7,12.246],[92.699,12.245],[92.699,12.245]]],[[[92.902,12.256],[92.902,12.256],[92.902,12.255],[92.902,12.255],[92.902,12.254],[92.903,12.254],[92.903,12.254],[92.903,12.253],[92.904,12.253],[92.904,12.253],[92.905,12.253],[92.905,12.252],[92.905,12.252],[92.906,12.251],[92.906,12.251],[92.906,12.25],[92.906,12.25],[92.906,12.249],[92.906,12.249],[92.906,12.248],[92.906,12.248],[92.906,12.248],[92.906,12.247],[92.906,12.247],[92.907,12.247],[92.907,12.247],[92.907,12.246],[92.908,12.246],[92.908,12.246],[92.908,12.246],[92.909,12.245],[92.909,12.245],[92.909,12.245],[92.909,12.244],[92.909,12.244],[92.909,12.243],[92.909,12.243],[92.909,12.242],[92.909,12.242],[92.909,12.241],[92.91,12.241],[92.91,12.241],[92.91,12.24],[92.91,12.24],[92.911,12.24],[92.911,12.239],[92.911,12.239],[92.911,12.238],[92.911,12.238],[92.912,12.237],[92.912,12.237],[92.912,12.236],[92.912,12.236],[92.912,12.235],[92.912,12.235],[92.913,12.235],[92.913,12.234],[92.913,12.234],[92.913,12.234],[92.914,12.233],[92.914,12.233],[92.914,12.233],[92.914,12.232],[92.914,12.232],[92.914,12.232],[92.914,12.231],[92.914,12.231],[92.914,12.23],[92.914,12.23],[92.914,12.23],[92.914,12.229],[92.914,12.229],[92.914,12.229],[92.914,12.229],[92.914,12.228],[92.914,12.228],[92.914,12.227],[92.914,12.227],[92.913,12.226],[92.913,12.226],[92.913,12.225],[92.913,12.225],[92.913,12.224],[92.913,12.224],[92.913,12.223],[92.913,12.223],[92.913,12.223],[92.912,12.223],[92.912,12.223],[92.911,12.223],[92.912,12.224],[92.912,12.224],[92.912,12.224],[92.912,12.225],[92.912,12.225],[92.912,12.225],[92.912,12.226],[92.911,12.226],[92.911,12.227],[92.912,12.227],[92.912,12.228],[92.911,12.229],[92.911,12.229],[92.911,12.229],[92.911,12.23],[92.911,12.23],[92.911,12.23],[92.91,12.23],[92.91,12.231],[92.91,12.231],[92.909,12.231],[92.909,12.231],[92.909,12.231],[92.908,12.232],[92.908,12.231],[92.908,12.231],[92.908,12.231],[92.907,12.231],[92.907,12.231],[92.907,12.23],[92.907,12.23],[92.906,12.23],[92.906,12.229],[92.905,12.229],[92.904,12.229],[92.904,12.229],[92.904,12.229],[92.903,12.229],[92.903,12.228],[92.902,12.228],[92.902,12.228],[92.901,12.228],[92.901,12.228],[92.9,12.228],[92.9,12.228],[92.9,12.228],[92.899,12.229],[92.898,12.229],[92.898,12.23],[92.898,12.23],[92.898,12.23],[92.898,12.231],[92.897,12.231],[92.897,12.231],[92.897,12.231],[92.896,12.231],[92.896,12.231],[92.895,12.231],[92.895,12.232],[92.895,12.233],[92.895,12.233],[92.894,12.233],[92.894,12.233],[92.894,12.233],[92.894,12.233],[92.893,12.234],[92.892,12.234],[92.891,12.233],[92.891,12.233],[92.89,12.233],[92.89,12.232],[92.89,12.232],[92.889,12.231],[92.889,12.231],[92.889,12.231],[92.888,12.23],[92.888,12.23],[92.888,12.229],[92.887,12.229],[92.887,12.229],[92.886,12.229],[92.886,12.228],[92.885,12.228],[92.885,12.228],[92.885,12.227],[92.884,12.227],[92.884,12.226],[92.884,12.225],[92.885,12.225],[92.885,12.225],[92.885,12.224],[92.885,12.224],[92.885,12.224],[92.885,12.224],[92.884,12.224],[92.884,12.224],[92.884,12.224],[92.884,12.224],[92.884,12.225],[92.883,12.225],[92.883,12.225],[92.883,12.224],[92.882,12.224],[92.883,12.224],[92.883,12.223],[92.883,12.223],[92.883,12.223],[92.884,12.223],[92.884,12.222],[92.884,12.222],[92.884,12.221],[92.883,12.221],[92.883,12.22],[92.883,12.22],[92.882,12.219],[92.882,12.219],[92.882,12.219],[92.881,12.218],[92.881,12.218],[92.881,12.217],[92.881,12.217],[92.881,12.216],[92.881,12.216],[92.881,12.216],[92.882,12.215],[92.882,12.215],[92.882,12.214],[92.882,12.214],[92.881,12.213],[92.881,12.213],[92.881,12.213],[92.881,12.212],[92.881,12.212],[92.881,12.212],[92.881,12.211],[92.881,12.211],[92.88,12.21],[92.88,12.21],[92.88,12.21],[92.88,12.209],[92.879,12.209],[92.879,12.209],[92.879,12.208],[92.879,12.208],[92.879,12.208],[92.879,12.209],[92.879,12.209],[92.879,12.209],[92.879,12.21],[92.879,12.21],[92.878,12.211],[92.878,12.211],[92.878,12.211],[92.877,12.212],[92.877,12.212],[92.877,12.212],[92.877,12.213],[92.877,12.213],[92.877,12.213],[92.877,12.214],[92.877,12.214],[92.876,12.215],[92.876,12.215],[92.876,12.216],[92.876,12.216],[92.876,12.217],[92.876,12.217],[92.876,12.217],[92.876,12.218],[92.875,12.218],[92.875,12.219],[92.875,12.219],[92.875,12.22],[92.875,12.22],[92.875,12.221],[92.875,12.221],[92.875,12.222],[92.874,12.222],[92.874,12.223],[92.874,12.223],[92.874,12.224],[92.874,12.224],[92.874,12.224],[92.874,12.225],[92.874,12.225],[92.874,12.226],[92.874,12.226],[92.875,12.227],[92.874,12.227],[92.874,12.228],[92.874,12.228],[92.874,12.229],[92.874,12.229],[92.874,12.23],[92.874,12.23],[92.873,12.23],[92.873,12.231],[92.873,12.231],[92.873,12.231],[92.873,12.232],[92.872,12.232],[92.872,12.232],[92.872,12.233],[92.871,12.233],[92.871,12.233],[92.871,12.234],[92.871,12.234],[92.871,12.234],[92.871,12.235],[92.871,12.235],[92.871,12.235],[92.87,12.236],[92.87,12.236],[92.87,12.236],[92.87,12.237],[92.87,12.237],[92.87,12.237],[92.87,12.238],[92.87,12.238],[92.87,12.239],[92.87,12.239],[92.87,12.24],[92.87,12.24],[92.87,12.241],[92.87,12.241],[92.87,12.242],[92.87,12.242],[92.87,12.243],[92.87,12.243],[92.871,12.244],[92.871,12.244],[92.871,12.245],[92.871,12.245],[92.871,12.246],[92.872,12.246],[92.872,12.247],[92.872,12.247],[92.873,12.248],[92.873,12.248],[92.874,12.249],[92.874,12.249],[92.875,12.249],[92.875,12.249],[92.876,12.249],[92.876,12.249],[92.877,12.248],[92.877,12.248],[92.878,12.248],[92.878,12.248],[92.879,12.248],[92.879,12.247],[92.879,12.247],[92.879,12.247],[92.879,12.246],[92.879,12.244],[92.88,12.243],[92.88,12.243],[92.879,12.243],[92.879,12.242],[92.88,12.242],[92.88,12.241],[92.88,12.241],[92.88,12.241],[92.88,12.24],[92.88,12.24],[92.881,12.239],[92.881,12.239],[92.881,12.239],[92.881,12.239],[92.881,12.24],[92.881,12.241],[92.881,12.241],[92.881,12.241],[92.882,12.241],[92.882,12.241],[92.882,12.241],[92.882,12.241],[92.882,12.241],[92.882,12.241],[92.882,12.241],[92.883,12.241],[92.883,12.241],[92.883,12.241],[92.883,12.24],[92.883,12.24],[92.883,12.24],[92.883,12.24],[92.884,12.24],[92.884,12.24],[92.884,12.24],[92.884,12.24],[92.884,12.24],[92.884,12.239],[92.884,12.239],[92.885,12.24],[92.885,12.24],[92.885,12.241],[92.885,12.241],[92.885,12.242],[92.885,12.242],[92.885,12.243],[92.885,12.243],[92.885,12.243],[92.886,12.243],[92.886,12.244],[92.886,12.244],[92.886,12.245],[92.886,12.245],[92.886,12.245],[92.886,12.246],[92.886,12.246],[92.886,12.247],[92.886,12.247],[92.885,12.248],[92.885,12.248],[92.886,12.249],[92.886,12.249],[92.886,12.25],[92.887,12.251],[92.887,12.251],[92.887,12.252],[92.888,12.252],[92.888,12.252],[92.889,12.253],[92.889,12.253],[92.89,12.253],[92.891,12.253],[92.891,12.253],[92.892,12.253],[92.892,12.253],[92.892,12.253],[92.893,12.254],[92.893,12.254],[92.893,12.255],[92.893,12.255],[92.894,12.255],[92.894,12.255],[92.894,12.255],[92.895,12.256],[92.895,12.256],[92.896,12.256],[92.896,12.256],[92.897,12.256],[92.897,12.256],[92.897,12.256],[92.899,12.256],[92.899,12.256],[92.899,12.256],[92.9,12.256],[92.9,12.256],[92.9,12.256],[92.901,12.256],[92.901,12.256],[92.902,12.256]]],[[[93.078,12.262],[93.078,12.262],[93.078,12.262],[93.079,12.261],[93.079,12.261],[93.079,12.261],[93.079,12.26],[93.08,12.259],[93.081,12.26],[93.082,12.26],[93.082,12.259],[93.083,12.259],[93.084,12.259],[93.084,12.257],[93.084,12.257],[93.084,12.256],[93.084,12.256],[93.084,12.256],[93.084,12.255],[93.084,12.254],[93.085,12.254],[93.085,12.254],[93.085,12.253],[93.085,12.253],[93.085,12.252],[93.085,12.25],[93.086,12.249],[93.086,12.249],[93.086,12.248],[93.086,12.246],[93.086,12.246],[93.086,12.246],[93.086,12.246],[93.086,12.245],[93.086,12.245],[93.086,12.244],[93.086,12.244],[93.086,12.243],[93.086,12.243],[93.086,12.242],[93.086,12.241],[93.086,12.241],[93.085,12.24],[93.085,12.239],[93.085,12.239],[93.085,12.239],[93.086,12.238],[93.086,12.238],[93.087,12.237],[93.089,12.237],[93.089,12.238],[93.089,12.238],[93.09,12.238],[93.09,12.238],[93.091,12.238],[93.092,12.238],[93.093,12.239],[93.093,12.239],[93.093,12.239],[93.093,12.24],[93.093,12.24],[93.093,12.24],[93.094,12.241],[93.094,12.241],[93.096,12.243],[93.096,12.244],[93.096,12.244],[93.096,12.244],[93.096,12.245],[93.096,12.245],[93.096,12.245],[93.096,12.246],[93.096,12.246],[93.096,12.247],[93.097,12.248],[93.097,12.248],[93.097,12.248],[93.098,12.248],[93.098,12.248],[93.098,12.248],[93.099,12.249],[93.099,12.249],[93.099,12.25],[93.099,12.25],[93.099,12.251],[93.099,12.251],[93.099,12.251],[93.099,12.252],[93.099,12.253],[93.099,12.254],[93.099,12.254],[93.099,12.255],[93.099,12.255],[93.099,12.256],[93.099,12.256],[93.099,12.256],[93.1,12.256],[93.1,12.256],[93.1,12.258],[93.1,12.259],[93.1,12.259],[93.1,12.259],[93.1,12.259],[93.101,12.259],[93.101,12.26],[93.101,12.26],[93.101,12.26],[93.101,12.261],[93.101,12.261],[93.102,12.261],[93.102,12.261],[93.103,12.261],[93.104,12.261],[93.104,12.261],[93.104,12.261],[93.104,12.261],[93.105,12.261],[93.105,12.261],[93.105,12.261],[93.105,12.261],[93.106,12.261],[93.106,12.26],[93.106,12.26],[93.106,12.259],[93.106,12.258],[93.106,12.258],[93.106,12.257],[93.106,12.255],[93.106,12.254],[93.106,12.254],[93.106,12.254],[93.106,12.253],[93.107,12.253],[93.107,12.252],[93.107,12.252],[93.107,12.251],[93.106,12.25],[93.106,12.249],[93.107,12.249],[93.107,12.248],[93.106,12.248],[93.106,12.244],[93.106,12.244],[93.106,12.242],[93.106,12.242],[93.106,12.241],[93.106,12.241],[93.106,12.241],[93.106,12.24],[93.106,12.24],[93.106,12.239],[93.105,12.239],[93.105,12.238],[93.105,12.238],[93.105,12.237],[93.103,12.235],[93.103,12.235],[93.102,12.234],[93.102,12.233],[93.101,12.233],[93.101,12.233],[93.101,12.233],[93.101,12.232],[93.101,12.232],[93.101,12.232],[93.101,12.231],[93.101,12.231],[93.101,12.23],[93.101,12.23],[93.101,12.229],[93.102,12.229],[93.102,12.229],[93.101,12.228],[93.102,12.227],[93.102,12.226],[93.103,12.226],[93.103,12.225],[93.103,12.225],[93.103,12.224],[93.103,12.224],[93.103,12.223],[93.103,12.223],[93.103,12.222],[93.104,12.222],[93.104,12.221],[93.103,12.22],[93.103,12.22],[93.103,12.219],[93.104,12.218],[93.104,12.216],[93.103,12.216],[93.103,12.215],[93.104,12.214],[93.104,12.214],[93.103,12.213],[93.103,12.213],[93.103,12.213],[93.103,12.211],[93.103,12.211],[93.103,12.21],[93.104,12.209],[93.104,12.208],[93.103,12.208],[93.103,12.208],[93.103,12.208],[93.103,12.207],[93.103,12.207],[93.103,12.206],[93.103,12.206],[93.102,12.205],[93.102,12.205],[93.101,12.204],[93.101,12.204],[93.1,12.204],[93.1,12.204],[93.099,12.204],[93.099,12.204],[93.099,12.204],[93.099,12.205],[93.099,12.205],[93.098,12.206],[93.098,12.206],[93.098,12.206],[93.098,12.207],[93.098,12.207],[93.097,12.208],[93.098,12.208],[93.097,12.208],[93.097,12.209],[93.097,12.209],[93.096,12.209],[93.096,12.21],[93.095,12.21],[93.095,12.21],[93.094,12.21],[93.094,12.21],[93.094,12.21],[93.094,12.211],[93.092,12.212],[93.092,12.213],[93.092,12.213],[93.092,12.214],[93.092,12.214],[93.092,12.214],[93.092,12.214],[93.092,12.215],[93.091,12.215],[93.091,12.216],[93.091,12.216],[93.091,12.217],[93.091,12.217],[93.091,12.218],[93.092,12.218],[93.092,12.218],[93.093,12.219],[93.093,12.22],[93.093,12.22],[93.093,12.22],[93.093,12.22],[93.093,12.221],[93.093,12.221],[93.094,12.221],[93.094,12.223],[93.093,12.223],[93.094,12.223],[93.093,12.223],[93.093,12.224],[93.093,12.223],[93.093,12.224],[93.093,12.224],[93.094,12.224],[93.093,12.224],[93.093,12.224],[93.092,12.224],[93.092,12.224],[93.092,12.224],[93.091,12.223],[93.09,12.223],[93.089,12.224],[93.089,12.224],[93.089,12.224],[93.086,12.224],[93.086,12.224],[93.086,12.224],[93.086,12.224],[93.085,12.223],[93.085,12.223],[93.085,12.223],[93.084,12.223],[93.084,12.222],[93.084,12.222],[93.083,12.222],[93.082,12.222],[93.082,12.222],[93.082,12.223],[93.081,12.223],[93.081,12.223],[93.081,12.223],[93.08,12.223],[93.08,12.223],[93.08,12.224],[93.079,12.223],[93.079,12.224],[93.078,12.224],[93.078,12.224],[93.077,12.225],[93.077,12.225],[93.076,12.225],[93.076,12.225],[93.075,12.226],[93.075,12.226],[93.075,12.225],[93.073,12.225],[93.073,12.226],[93.072,12.226],[93.072,12.226],[93.071,12.226],[93.071,12.226],[93.071,12.226],[93.071,12.226],[93.07,12.226],[93.07,12.227],[93.069,12.227],[93.069,12.227],[93.068,12.227],[93.068,12.227],[93.066,12.227],[93.065,12.227],[93.065,12.227],[93.065,12.228],[93.064,12.228],[93.064,12.228],[93.064,12.229],[93.063,12.229],[93.063,12.23],[93.063,12.23],[93.063,12.23],[93.063,12.23],[93.063,12.231],[93.063,12.231],[93.063,12.231],[93.063,12.232],[93.063,12.233],[93.063,12.233],[93.063,12.233],[93.063,12.234],[93.063,12.234],[93.063,12.234],[93.063,12.234],[93.063,12.235],[93.064,12.235],[93.064,12.235],[93.064,12.235],[93.064,12.236],[93.064,12.236],[93.065,12.236],[93.065,12.236],[93.065,12.237],[93.065,12.237],[93.065,12.237],[93.065,12.238],[93.065,12.238],[93.066,12.238],[93.066,12.239],[93.066,12.239],[93.066,12.24],[93.066,12.24],[93.066,12.241],[93.066,12.242],[93.066,12.242],[93.067,12.242],[93.067,12.245],[93.067,12.245],[93.067,12.246],[93.067,12.246],[93.067,12.246],[93.067,12.246],[93.067,12.247],[93.067,12.247],[93.067,12.247],[93.067,12.249],[93.067,12.249],[93.067,12.249],[93.068,12.25],[93.069,12.25],[93.07,12.251],[93.07,12.251],[93.07,12.251],[93.07,12.251],[93.07,12.252],[93.07,12.252],[93.07,12.252],[93.071,12.252],[93.071,12.252],[93.071,12.253],[93.071,12.253],[93.071,12.255],[93.071,12.255],[93.071,12.255],[93.071,12.256],[93.071,12.256],[93.071,12.257],[93.071,12.257],[93.071,12.258],[93.072,12.259],[93.072,12.259],[93.072,12.259],[93.072,12.259],[93.072,12.26],[93.073,12.26],[93.073,12.26],[93.074,12.26],[93.075,12.261],[93.075,12.261],[93.076,12.261],[93.077,12.261],[93.078,12.262],[93.078,12.262],[93.078,12.262]]],[[[92.901,12.262],[92.901,12.259],[92.901,12.259],[92.9,12.259],[92.9,12.259],[92.9,12.26],[92.899,12.26],[92.899,12.261],[92.9,12.261],[92.9,12.262],[92.9,12.262],[92.9,12.262],[92.901,12.262],[92.901,12.262]]],[[[92.738,12.271],[92.737,12.271],[92.737,12.271],[92.737,12.27],[92.737,12.27],[92.737,12.27],[92.736,12.27],[92.736,12.269],[92.735,12.269],[92.735,12.27],[92.735,12.27],[92.735,12.271],[92.736,12.271],[92.736,12.271],[92.736,12.272],[92.736,12.272],[92.736,12.272],[92.737,12.272],[92.737,12.274],[92.738,12.275],[92.738,12.275],[92.738,12.276],[92.738,12.276],[92.738,12.275],[92.739,12.275],[92.739,12.275],[92.739,12.275],[92.739,12.274],[92.739,12.273],[92.738,12.273],[92.738,12.272],[92.738,12.272],[92.738,12.271],[92.738,12.271]]],[[[93.03,12.28],[93.03,12.28],[93.03,12.28],[93.03,12.279],[93.03,12.278],[93.03,12.278],[93.03,12.277],[93.03,12.277],[93.029,12.277],[93.029,12.277],[93.029,12.277],[93.029,12.276],[93.029,12.276],[93.029,12.276],[93.029,12.275],[93.028,12.275],[93.028,12.275],[93.028,12.274],[93.027,12.274],[93.027,12.274],[93.027,12.273],[93.026,12.273],[93.026,12.273],[93.026,12.273],[93.025,12.274],[93.025,12.274],[93.025,12.274],[93.025,12.274],[93.024,12.274],[93.024,12.274],[93.024,12.274],[93.023,12.274],[93.023,12.274],[93.022,12.275],[93.022,12.275],[93.022,12.275],[93.022,12.275],[93.022,12.275],[93.022,12.276],[93.023,12.276],[93.023,12.276],[93.023,12.277],[93.024,12.277],[93.024,12.277],[93.024,12.278],[93.024,12.278],[93.024,12.278],[93.025,12.278],[93.025,12.278],[93.025,12.278],[93.026,12.278],[93.026,12.278],[93.026,12.278],[93.026,12.279],[93.027,12.279],[93.027,12.279],[93.028,12.279],[93.028,12.28],[93.028,12.28],[93.028,12.28],[93.029,12.28],[93.029,12.28],[93.03,12.28]]],[[[92.75,12.288],[92.75,12.287],[92.75,12.287],[92.75,12.286],[92.749,12.285],[92.749,12.285],[92.749,12.285],[92.749,12.284],[92.749,12.284],[92.749,12.283],[92.749,12.283],[92.749,12.282],[92.748,12.282],[92.748,12.281],[92.748,12.281],[92.748,12.28],[92.748,12.28],[92.748,12.279],[92.748,12.279],[92.748,12.279],[92.748,12.279],[92.748,12.278],[92.747,12.278],[92.747,12.277],[92.747,12.277],[92.747,12.276],[92.747,12.275],[92.747,12.274],[92.746,12.274],[92.746,12.272],[92.746,12.272],[92.746,12.271],[92.746,12.27],[92.746,12.27],[92.746,12.27],[92.746,12.269],[92.746,12.269],[92.746,12.268],[92.746,12.268],[92.746,12.267],[92.746,12.267],[92.746,12.266],[92.746,12.266],[92.745,12.266],[92.745,12.265],[92.745,12.265],[92.745,12.264],[92.745,12.264],[92.745,12.264],[92.744,12.264],[92.744,12.261],[92.744,12.261],[92.744,12.26],[92.744,12.26],[92.744,12.259],[92.743,12.259],[92.743,12.258],[92.743,12.258],[92.743,12.258],[92.743,12.257],[92.743,12.257],[92.743,12.256],[92.743,12.256],[92.743,12.255],[92.742,12.254],[92.74,12.254],[92.74,12.254],[92.739,12.253],[92.739,12.253],[92.738,12.253],[92.738,12.253],[92.738,12.253],[92.738,12.252],[92.737,12.252],[92.737,12.252],[92.737,12.252],[92.736,12.252],[92.736,12.251],[92.736,12.251],[92.736,12.249],[92.735,12.249],[92.735,12.248],[92.735,12.248],[92.735,12.255],[92.735,12.255],[92.735,12.256],[92.735,12.256],[92.735,12.258],[92.735,12.258],[92.735,12.258],[92.736,12.259],[92.736,12.26],[92.737,12.261],[92.737,12.261],[92.738,12.261],[92.738,12.262],[92.737,12.262],[92.737,12.262],[92.736,12.262],[92.736,12.264],[92.737,12.264],[92.737,12.265],[92.738,12.265],[92.739,12.266],[92.739,12.268],[92.739,12.268],[92.739,12.269],[92.74,12.269],[92.74,12.271],[92.74,12.271],[92.74,12.271],[92.74,12.273],[92.74,12.273],[92.74,12.274],[92.74,12.274],[92.74,12.275],[92.74,12.275],[92.739,12.275],[92.739,12.275],[92.74,12.276],[92.74,12.276],[92.74,12.277],[92.74,12.277],[92.74,12.279],[92.74,12.279],[92.739,12.28],[92.74,12.28],[92.74,12.28],[92.739,12.28],[92.74,12.282],[92.74,12.282],[92.74,12.283],[92.741,12.283],[92.741,12.282],[92.741,12.282],[92.741,12.281],[92.741,12.281],[92.741,12.281],[92.741,12.28],[92.741,12.28],[92.741,12.279],[92.741,12.279],[92.741,12.279],[92.742,12.279],[92.742,12.28],[92.742,12.28],[92.742,12.28],[92.743,12.28],[92.743,12.281],[92.743,12.281],[92.743,12.282],[92.744,12.282],[92.744,12.282],[92.744,12.282],[92.744,12.283],[92.745,12.283],[92.745,12.284],[92.745,12.284],[92.745,12.285],[92.746,12.285],[92.746,12.285],[92.746,12.286],[92.746,12.286],[92.746,12.286],[92.746,12.287],[92.748,12.287],[92.748,12.288],[92.748,12.289],[92.749,12.289],[92.749,12.288],[92.749,12.288],[92.749,12.288],[92.75,12.288]]],[[[92.737,12.285],[92.737,12.285],[92.737,12.282],[92.736,12.282],[92.736,12.282],[92.736,12.282],[92.736,12.282],[92.736,12.283],[92.736,12.283],[92.736,12.284],[92.736,12.284],[92.736,12.284],[92.736,12.285],[92.736,12.285],[92.736,12.287],[92.735,12.287],[92.735,12.289],[92.736,12.289],[92.736,12.289],[92.736,12.29],[92.737,12.29],[92.737,12.291],[92.737,12.291],[92.737,12.291],[92.737,12.291],[92.737,12.292],[92.738,12.292],[92.738,12.292],[92.738,12.292],[92.738,12.292],[92.738,12.289],[92.738,12.289],[92.738,12.288],[92.737,12.288],[92.737,12.286],[92.737,12.286],[92.737,12.285]]],[[[92.767,12.27],[92.767,12.27],[92.766,12.27],[92.766,12.269],[92.766,12.269],[92.766,12.268],[92.766,12.268],[92.766,12.268],[92.765,12.267],[92.765,12.267],[92.765,12.267],[92.765,12.266],[92.764,12.266],[92.764,12.266],[92.763,12.266],[92.763,12.266],[92.763,12.267],[92.763,12.267],[92.762,12.268],[92.762,12.268],[92.762,12.269],[92.762,12.269],[92.762,12.27],[92.762,12.27],[92.762,12.27],[92.761,12.27],[92.761,12.27],[92.761,12.27],[92.76,12.269],[92.76,12.269],[92.759,12.269],[92.759,12.27],[92.759,12.27],[92.758,12.27],[92.758,12.271],[92.758,12.271],[92.758,12.272],[92.757,12.272],[92.757,12.272],[92.756,12.273],[92.756,12.273],[92.755,12.274],[92.755,12.274],[92.755,12.275],[92.754,12.275],[92.754,12.276],[92.754,12.276],[92.753,12.277],[92.753,12.277],[92.753,12.278],[92.753,12.278],[92.753,12.278],[92.753,12.279],[92.754,12.279],[92.754,12.279],[92.754,12.28],[92.754,12.28],[92.754,12.281],[92.754,12.281],[92.754,12.282],[92.754,12.282],[92.755,12.283],[92.755,12.283],[92.755,12.283],[92.755,12.284],[92.756,12.284],[92.756,12.284],[92.756,12.284],[92.757,12.285],[92.757,12.285],[92.757,12.285],[92.757,12.285],[92.757,12.286],[92.758,12.286],[92.758,12.286],[92.758,12.286],[92.758,12.287],[92.758,12.287],[92.759,12.287],[92.759,12.288],[92.759,12.288],[92.759,12.289],[92.759,12.289],[92.759,12.29],[92.76,12.29],[92.76,12.29],[92.76,12.291],[92.76,12.292],[92.761,12.292],[92.761,12.293],[92.762,12.294],[92.762,12.294],[92.763,12.294],[92.763,12.294],[92.764,12.294],[92.764,12.294],[92.765,12.293],[92.765,12.293],[92.765,12.293],[92.766,12.292],[92.766,12.292],[92.765,12.291],[92.765,12.291],[92.765,12.291],[92.765,12.29],[92.765,12.29],[92.765,12.289],[92.765,12.289],[92.765,12.289],[92.765,12.288],[92.765,12.288],[92.766,12.288],[92.766,12.287],[92.766,12.287],[92.767,12.287],[92.767,12.286],[92.767,12.286],[92.767,12.286],[92.768,12.286],[92.768,12.285],[92.768,12.285],[92.768,12.285],[92.768,12.284],[92.768,12.284],[92.768,12.283],[92.768,12.283],[92.768,12.282],[92.768,12.282],[92.768,12.281],[92.767,12.281],[92.767,12.28],[92.767,12.28],[92.767,12.279],[92.767,12.279],[92.767,12.279],[92.767,12.278],[92.768,12.278],[92.768,12.277],[92.768,12.277],[92.768,12.276],[92.768,12.276],[92.768,12.276],[92.768,12.275],[92.768,12.275],[92.768,12.274],[92.768,12.274],[92.767,12.273],[92.767,12.272],[92.767,12.272],[92.767,12.271],[92.767,12.271],[92.767,12.27]]],[[[92.754,12.295],[92.755,12.294],[92.755,12.294],[92.755,12.294],[92.753,12.292],[92.753,12.292],[92.753,12.292],[92.752,12.293],[92.753,12.293],[92.753,12.293],[92.753,12.294],[92.753,12.294],[92.753,12.295],[92.754,12.295]]],[[[92.771,12.295],[92.771,12.294],[92.771,12.294],[92.771,12.293],[92.771,12.292],[92.771,12.291],[92.77,12.291],[92.77,12.29],[92.77,12.29],[92.769,12.289],[92.769,12.289],[92.769,12.289],[92.768,12.289],[92.768,12.289],[92.768,12.289],[92.767,12.289],[92.767,12.29],[92.767,12.29],[92.767,12.29],[92.768,12.291],[92.768,12.291],[92.768,12.291],[92.768,12.292],[92.768,12.292],[92.768,12.293],[92.769,12.293],[92.77,12.294],[92.77,12.294],[92.77,12.294],[92.77,12.295],[92.77,12.295],[92.77,12.295],[92.771,12.295]]],[[[92.878,12.294],[92.878,12.294],[92.877,12.294],[92.877,12.294],[92.877,12.295],[92.877,12.295],[92.877,12.296],[92.877,12.296],[92.878,12.297],[92.879,12.297],[92.879,12.298],[92.88,12.298],[92.88,12.298],[92.881,12.297],[92.881,12.297],[92.881,12.296],[92.881,12.295],[92.88,12.295],[92.88,12.295],[92.879,12.294],[92.878,12.294],[92.878,12.294]]],[[[92.711,12.296],[92.712,12.296],[92.713,12.296],[92.713,12.296],[92.714,12.296],[92.714,12.296],[92.715,12.295],[92.715,12.295],[92.715,12.296],[92.716,12.296],[92.716,12.296],[92.717,12.296],[92.717,12.297],[92.718,12.297],[92.718,12.297],[92.719,12.296],[92.719,12.296],[92.719,12.295],[92.72,12.295],[92.72,12.295],[92.72,12.295],[92.721,12.295],[92.721,12.295],[92.721,12.295],[92.722,12.295],[92.722,12.295],[92.722,12.295],[92.723,12.296],[92.723,12.295],[92.723,12.295],[92.723,12.295],[92.724,12.295],[92.724,12.294],[92.724,12.294],[92.723,12.293],[92.723,12.293],[92.724,12.292],[92.724,12.292],[92.724,12.292],[92.724,12.291],[92.724,12.291],[92.724,12.291],[92.723,12.29],[92.723,12.29],[92.723,12.289],[92.723,12.289],[92.722,12.289],[92.722,12.288],[92.722,12.287],[92.722,12.287],[92.722,12.286],[92.722,12.286],[92.722,12.285],[92.722,12.285],[92.721,12.284],[92.721,12.284],[92.721,12.284],[92.721,12.284],[92.72,12.283],[92.72,12.283],[92.72,12.282],[92.72,12.282],[92.721,12.281],[92.721,12.281],[92.721,12.28],[92.721,12.28],[92.721,12.279],[92.721,12.279],[92.72,12.278],[92.72,12.278],[92.72,12.278],[92.72,12.277],[92.72,12.277],[92.72,12.276],[92.719,12.276],[92.719,12.276],[92.719,12.275],[92.719,12.275],[92.719,12.275],[92.719,12.274],[92.719,12.274],[92.719,12.273],[92.719,12.273],[92.718,12.272],[92.718,12.271],[92.718,12.27],[92.718,12.27],[92.718,12.269],[92.718,12.269],[92.718,12.269],[92.718,12.268],[92.717,12.268],[92.717,12.268],[92.717,12.268],[92.717,12.267],[92.717,12.267],[92.717,12.267],[92.717,12.266],[92.717,12.266],[92.717,12.265],[92.717,12.265],[92.717,12.265],[92.717,12.265],[92.718,12.265],[92.718,12.264],[92.719,12.264],[92.719,12.263],[92.719,12.263],[92.719,12.262],[92.718,12.262],[92.718,12.261],[92.717,12.261],[92.717,12.261],[92.717,12.261],[92.716,12.261],[92.716,12.261],[92.716,12.261],[92.716,12.261],[92.715,12.26],[92.715,12.26],[92.716,12.259],[92.717,12.259],[92.717,12.259],[92.717,12.259],[92.717,12.259],[92.718,12.259],[92.718,12.26],[92.719,12.26],[92.719,12.259],[92.719,12.259],[92.719,12.259],[92.719,12.258],[92.719,12.258],[92.719,12.258],[92.718,12.258],[92.718,12.257],[92.717,12.256],[92.716,12.256],[92.716,12.256],[92.716,12.255],[92.716,12.255],[92.715,12.255],[92.715,12.254],[92.715,12.254],[92.715,12.253],[92.714,12.253],[92.714,12.253],[92.714,12.252],[92.714,12.252],[92.714,12.251],[92.714,12.251],[92.714,12.25],[92.714,12.25],[92.713,12.249],[92.713,12.248],[92.713,12.248],[92.713,12.247],[92.713,12.247],[92.713,12.246],[92.712,12.245],[92.712,12.245],[92.712,12.244],[92.712,12.244],[92.712,12.243],[92.712,12.243],[92.712,12.242],[92.712,12.241],[92.712,12.241],[92.712,12.24],[92.712,12.239],[92.712,12.239],[92.712,12.238],[92.712,12.238],[92.712,12.237],[92.713,12.236],[92.712,12.236],[92.712,12.235],[92.712,12.234],[92.712,12.234],[92.712,12.233],[92.712,12.233],[92.712,12.232],[92.711,12.231],[92.711,12.231],[92.711,12.23],[92.711,12.23],[92.71,12.231],[92.71,12.231],[92.71,12.231],[92.71,12.232],[92.71,12.232],[92.71,12.232],[92.71,12.233],[92.71,12.233],[92.709,12.233],[92.709,12.234],[92.709,12.234],[92.709,12.235],[92.709,12.235],[92.709,12.236],[92.709,12.236],[92.709,12.237],[92.709,12.238],[92.708,12.238],[92.708,12.239],[92.708,12.239],[92.708,12.24],[92.708,12.24],[92.708,12.24],[92.708,12.241],[92.708,12.241],[92.707,12.241],[92.707,12.241],[92.707,12.242],[92.707,12.242],[92.706,12.242],[92.706,12.243],[92.706,12.243],[92.705,12.243],[92.705,12.244],[92.705,12.244],[92.705,12.245],[92.705,12.246],[92.705,12.246],[92.705,12.247],[92.704,12.248],[92.704,12.248],[92.705,12.249],[92.705,12.25],[92.705,12.25],[92.705,12.251],[92.705,12.252],[92.704,12.252],[92.704,12.253],[92.704,12.254],[92.704,12.254],[92.704,12.255],[92.704,12.255],[92.704,12.256],[92.704,12.256],[92.704,12.256],[92.704,12.257],[92.703,12.257],[92.703,12.258],[92.703,12.258],[92.704,12.259],[92.704,12.259],[92.704,12.26],[92.703,12.26],[92.703,12.261],[92.703,12.261],[92.703,12.261],[92.702,12.262],[92.702,12.262],[92.702,12.263],[92.702,12.263],[92.702,12.264],[92.702,12.264],[92.702,12.265],[92.702,12.265],[92.702,12.266],[92.702,12.267],[92.701,12.267],[92.702,12.268],[92.702,12.269],[92.702,12.27],[92.703,12.27],[92.703,12.27],[92.703,12.271],[92.704,12.271],[92.704,12.271],[92.704,12.272],[92.703,12.272],[92.703,12.272],[92.703,12.273],[92.703,12.273],[92.703,12.273],[92.702,12.274],[92.702,12.274],[92.702,12.274],[92.702,12.275],[92.702,12.275],[92.702,12.276],[92.703,12.277],[92.703,12.277],[92.703,12.278],[92.703,12.278],[92.703,12.278],[92.704,12.279],[92.704,12.279],[92.704,12.279],[92.704,12.28],[92.704,12.28],[92.704,12.281],[92.704,12.281],[92.704,12.281],[92.704,12.282],[92.704,12.282],[92.704,12.283],[92.704,12.283],[92.704,12.284],[92.704,12.284],[92.704,12.285],[92.704,12.285],[92.704,12.286],[92.703,12.286],[92.703,12.287],[92.703,12.287],[92.703,12.288],[92.703,12.288],[92.702,12.289],[92.702,12.29],[92.703,12.29],[92.703,12.291],[92.704,12.291],[92.704,12.292],[92.704,12.292],[92.704,12.293],[92.704,12.293],[92.704,12.293],[92.704,12.294],[92.704,12.294],[92.704,12.295],[92.704,12.295],[92.704,12.296],[92.704,12.296],[92.704,12.297],[92.704,12.298],[92.705,12.298],[92.705,12.299],[92.706,12.299],[92.706,12.299],[92.707,12.299],[92.707,12.299],[92.707,12.298],[92.707,12.298],[92.708,12.298],[92.708,12.297],[92.708,12.297],[92.708,12.297],[92.708,12.297],[92.709,12.297],[92.709,12.297],[92.709,12.296],[92.71,12.296],[92.71,12.296],[92.711,12.296],[92.711,12.296]]],[[[92.766,12.299],[92.766,12.299],[92.766,12.299],[92.766,12.298],[92.766,12.298],[92.766,12.297],[92.765,12.297],[92.765,12.297],[92.765,12.297],[92.764,12.297],[92.764,12.297],[92.763,12.297],[92.763,12.298],[92.764,12.298],[92.764,12.298],[92.764,12.299],[92.765,12.299],[92.765,12.299],[92.766,12.299]]],[[[92.941,12.281],[92.942,12.28],[92.942,12.28],[92.942,12.279],[92.942,12.279],[92.943,12.279],[92.942,12.278],[92.942,12.277],[92.942,12.277],[92.942,12.277],[92.942,12.276],[92.942,12.276],[92.942,12.275],[92.942,12.275],[92.942,12.274],[92.942,12.274],[92.941,12.273],[92.941,12.273],[92.941,12.273],[92.941,12.272],[92.94,12.272],[92.94,12.271],[92.94,12.271],[92.939,12.27],[92.939,12.27],[92.939,12.27],[92.938,12.27],[92.938,12.269],[92.937,12.269],[92.937,12.269],[92.937,12.268],[92.936,12.268],[92.936,12.268],[92.936,12.267],[92.936,12.267],[92.936,12.266],[92.935,12.266],[92.935,12.265],[92.935,12.265],[92.935,12.264],[92.934,12.264],[92.934,12.264],[92.934,12.263],[92.934,12.263],[92.934,12.263],[92.933,12.263],[92.933,12.262],[92.933,12.262],[92.933,12.262],[92.933,12.262],[92.933,12.261],[92.932,12.261],[92.932,12.261],[92.932,12.261],[92.932,12.26],[92.931,12.26],[92.931,12.26],[92.931,12.26],[92.931,12.259],[92.93,12.259],[92.93,12.259],[92.93,12.259],[92.93,12.259],[92.93,12.258],[92.93,12.258],[92.929,12.257],[92.929,12.257],[92.929,12.256],[92.929,12.256],[92.929,12.255],[92.929,12.255],[92.928,12.254],[92.928,12.254],[92.928,12.253],[92.928,12.253],[92.928,12.253],[92.928,12.253],[92.928,12.252],[92.928,12.252],[92.928,12.252],[92.928,12.252],[92.927,12.251],[92.927,12.251],[92.927,12.25],[92.928,12.25],[92.928,12.249],[92.928,12.249],[92.928,12.249],[92.928,12.248],[92.929,12.248],[92.929,12.248],[92.929,12.247],[92.929,12.247],[92.929,12.246],[92.929,12.246],[92.929,12.245],[92.929,12.245],[92.929,12.244],[92.929,12.244],[92.929,12.243],[92.929,12.243],[92.929,12.242],[92.929,12.242],[92.929,12.242],[92.929,12.242],[92.929,12.241],[92.929,12.241],[92.929,12.241],[92.929,12.24],[92.929,12.24],[92.929,12.24],[92.929,12.239],[92.929,12.239],[92.929,12.238],[92.928,12.237],[92.928,12.237],[92.928,12.236],[92.927,12.236],[92.927,12.235],[92.926,12.235],[92.926,12.234],[92.926,12.234],[92.926,12.233],[92.926,12.233],[92.925,12.232],[92.925,12.232],[92.925,12.231],[92.924,12.231],[92.924,12.231],[92.923,12.231],[92.923,12.231],[92.922,12.231],[92.922,12.231],[92.921,12.231],[92.921,12.232],[92.921,12.232],[92.921,12.232],[92.921,12.233],[92.919,12.239],[92.919,12.242],[92.919,12.244],[92.919,12.246],[92.919,12.246],[92.919,12.246],[92.919,12.247],[92.92,12.248],[92.92,12.248],[92.92,12.249],[92.92,12.25],[92.92,12.251],[92.92,12.251],[92.92,12.252],[92.92,12.252],[92.92,12.253],[92.921,12.253],[92.921,12.254],[92.921,12.254],[92.921,12.254],[92.922,12.254],[92.922,12.255],[92.922,12.255],[92.922,12.255],[92.922,12.256],[92.922,12.256],[92.922,12.257],[92.922,12.257],[92.923,12.258],[92.923,12.258],[92.923,12.258],[92.923,12.259],[92.923,12.259],[92.923,12.259],[92.923,12.26],[92.923,12.26],[92.922,12.26],[92.922,12.261],[92.922,12.261],[92.922,12.262],[92.922,12.262],[92.922,12.262],[92.922,12.263],[92.922,12.263],[92.922,12.264],[92.921,12.264],[92.921,12.265],[92.921,12.265],[92.921,12.265],[92.921,12.265],[92.921,12.266],[92.92,12.266],[92.92,12.266],[92.92,12.266],[92.92,12.266],[92.92,12.265],[92.919,12.265],[92.919,12.264],[92.919,12.263],[92.918,12.263],[92.918,12.263],[92.917,12.263],[92.917,12.263],[92.916,12.264],[92.916,12.265],[92.916,12.265],[92.917,12.266],[92.917,12.266],[92.917,12.267],[92.918,12.267],[92.917,12.267],[92.917,12.268],[92.917,12.267],[92.917,12.267],[92.916,12.267],[92.916,12.267],[92.916,12.266],[92.916,12.266],[92.915,12.266],[92.915,12.266],[92.915,12.265],[92.915,12.265],[92.914,12.265],[92.914,12.265],[92.914,12.264],[92.914,12.264],[92.913,12.263],[92.913,12.263],[92.913,12.263],[92.912,12.264],[92.912,12.264],[92.912,12.265],[92.912,12.265],[92.913,12.266],[92.913,12.266],[92.913,12.267],[92.913,12.267],[92.914,12.268],[92.914,12.268],[92.914,12.269],[92.914,12.269],[92.914,12.27],[92.914,12.27],[92.914,12.271],[92.914,12.272],[92.914,12.272],[92.914,12.272],[92.914,12.273],[92.914,12.273],[92.914,12.273],[92.913,12.273],[92.912,12.273],[92.912,12.273],[92.911,12.273],[92.91,12.274],[92.91,12.274],[92.909,12.274],[92.909,12.274],[92.909,12.274],[92.908,12.274],[92.908,12.274],[92.907,12.274],[92.907,12.274],[92.907,12.273],[92.906,12.273],[92.906,12.272],[92.906,12.272],[92.905,12.271],[92.905,12.271],[92.904,12.271],[92.904,12.271],[92.903,12.271],[92.903,12.271],[92.902,12.271],[92.902,12.271],[92.901,12.271],[92.901,12.272],[92.901,12.272],[92.901,12.273],[92.901,12.274],[92.901,12.274],[92.902,12.275],[92.902,12.275],[92.902,12.275],[92.903,12.276],[92.903,12.276],[92.903,12.276],[92.904,12.276],[92.904,12.277],[92.904,12.277],[92.904,12.277],[92.904,12.278],[92.904,12.278],[92.903,12.278],[92.903,12.279],[92.903,12.279],[92.903,12.279],[92.902,12.28],[92.902,12.28],[92.902,12.28],[92.902,12.281],[92.902,12.281],[92.902,12.282],[92.902,12.282],[92.902,12.283],[92.902,12.283],[92.902,12.283],[92.902,12.284],[92.903,12.284],[92.902,12.284],[92.902,12.285],[92.902,12.285],[92.902,12.286],[92.902,12.286],[92.902,12.287],[92.902,12.287],[92.902,12.288],[92.901,12.288],[92.902,12.289],[92.902,12.289],[92.902,12.29],[92.903,12.29],[92.903,12.291],[92.904,12.291],[92.904,12.291],[92.905,12.292],[92.905,12.292],[92.906,12.292],[92.907,12.292],[92.907,12.292],[92.908,12.292],[92.908,12.292],[92.909,12.292],[92.909,12.292],[92.909,12.292],[92.91,12.293],[92.91,12.293],[92.911,12.293],[92.911,12.293],[92.912,12.293],[92.912,12.293],[92.913,12.293],[92.913,12.293],[92.914,12.293],[92.914,12.292],[92.915,12.292],[92.915,12.291],[92.916,12.291],[92.916,12.291],[92.916,12.29],[92.917,12.29],[92.917,12.29],[92.918,12.289],[92.918,12.289],[92.918,12.289],[92.919,12.289],[92.919,12.289],[92.919,12.289],[92.919,12.288],[92.919,12.288],[92.919,12.287],[92.919,12.287],[92.919,12.286],[92.919,12.286],[92.919,12.285],[92.919,12.285],[92.919,12.284],[92.919,12.284],[92.919,12.283],[92.919,12.283],[92.92,12.283],[92.92,12.283],[92.92,12.282],[92.92,12.282],[92.92,12.282],[92.92,12.282],[92.921,12.283],[92.921,12.283],[92.921,12.284],[92.922,12.284],[92.922,12.284],[92.923,12.284],[92.924,12.284],[92.924,12.284],[92.924,12.283],[92.924,12.283],[92.925,12.282],[92.925,12.282],[92.925,12.282],[92.925,12.281],[92.925,12.281],[92.926,12.281],[92.926,12.281],[92.926,12.28],[92.926,12.28],[92.926,12.28],[92.927,12.281],[92.927,12.281],[92.927,12.281],[92.928,12.281],[92.928,12.282],[92.928,12.282],[92.929,12.282],[92.929,12.283],[92.929,12.283],[92.93,12.283],[92.93,12.283],[92.93,12.284],[92.93,12.284],[92.93,12.284],[92.93,12.285],[92.931,12.285],[92.931,12.286],[92.931,12.286],[92.931,12.287],[92.931,12.287],[92.93,12.288],[92.93,12.288],[92.93,12.289],[92.93,12.289],[92.93,12.289],[92.93,12.29],[92.929,12.29],[92.929,12.291],[92.929,12.291],[92.929,12.291],[92.929,12.292],[92.929,12.293],[92.929,12.293],[92.93,12.294],[92.93,12.294],[92.93,12.294],[92.93,12.295],[92.93,12.295],[92.93,12.296],[92.93,12.296],[92.93,12.297],[92.93,12.297],[92.93,12.298],[92.93,12.298],[92.93,12.299],[92.93,12.299],[92.93,12.3],[92.93,12.301],[92.93,12.301],[92.93,12.302],[92.93,12.302],[92.93,12.302],[92.929,12.303],[92.929,12.303],[92.929,12.303],[92.929,12.304],[92.929,12.304],[92.93,12.305],[92.93,12.305],[92.93,12.306],[92.93,12.306],[92.931,12.306],[92.931,12.307],[92.931,12.307],[92.932,12.307],[92.932,12.307],[92.932,12.308],[92.933,12.308],[92.933,12.309],[92.933,12.309],[92.933,12.31],[92.934,12.31],[92.934,12.31],[92.934,12.31],[92.934,12.311],[92.935,12.31],[92.935,12.309],[92.934,12.309],[92.934,12.309],[92.934,12.309],[92.934,12.308],[92.934,12.308],[92.934,12.307],[92.935,12.307],[92.935,12.306],[92.935,12.306],[92.935,12.306],[92.935,12.306],[92.935,12.305],[92.935,12.304],[92.935,12.304],[92.935,12.304],[92.936,12.303],[92.936,12.303],[92.936,12.303],[92.936,12.302],[92.936,12.302],[92.936,12.301],[92.936,12.301],[92.936,12.301],[92.936,12.3],[92.937,12.299],[92.937,12.299],[92.937,12.298],[92.937,12.298],[92.937,12.298],[92.936,12.297],[92.936,12.297],[92.936,12.297],[92.936,12.297],[92.936,12.296],[92.935,12.296],[92.935,12.296],[92.935,12.296],[92.934,12.295],[92.933,12.294],[92.933,12.293],[92.933,12.292],[92.933,12.29],[92.933,12.289],[92.934,12.287],[92.934,12.286],[92.935,12.285],[92.938,12.284],[92.938,12.283],[92.938,12.283],[92.939,12.282],[92.939,12.282],[92.94,12.282],[92.941,12.281],[92.941,12.281],[92.941,12.281]]],[[[92.777,12.31],[92.777,12.31],[92.777,12.31],[92.779,12.31],[92.779,12.31],[92.78,12.31],[92.78,12.31],[92.781,12.31],[92.781,12.31],[92.781,12.31],[92.782,12.311],[92.782,12.311],[92.783,12.311],[92.783,12.311],[92.784,12.311],[92.785,12.311],[92.785,12.311],[92.786,12.311],[92.786,12.31],[92.786,12.31],[92.787,12.31],[92.787,12.31],[92.787,12.309],[92.788,12.309],[92.788,12.309],[92.788,12.309],[92.789,12.309],[92.789,12.309],[92.79,12.308],[92.79,12.308],[92.79,12.308],[92.791,12.307],[92.791,12.307],[92.791,12.307],[92.791,12.306],[92.791,12.306],[92.791,12.306],[92.791,12.306],[92.791,12.305],[92.792,12.305],[92.792,12.305],[92.792,12.305],[92.792,12.305],[92.793,12.304],[92.793,12.304],[92.793,12.304],[92.794,12.304],[92.794,12.304],[92.795,12.304],[92.795,12.304],[92.795,12.304],[92.796,12.304],[92.796,12.304],[92.796,12.304],[92.797,12.304],[92.797,12.304],[92.798,12.305],[92.798,12.305],[92.799,12.305],[92.799,12.306],[92.8,12.306],[92.8,12.306],[92.8,12.307],[92.8,12.307],[92.801,12.307],[92.801,12.308],[92.801,12.308],[92.801,12.308],[92.802,12.309],[92.802,12.309],[92.802,12.31],[92.802,12.31],[92.803,12.311],[92.803,12.311],[92.804,12.312],[92.804,12.312],[92.805,12.312],[92.806,12.312],[92.806,12.312],[92.807,12.312],[92.807,12.312],[92.808,12.312],[92.808,12.313],[92.809,12.313],[92.809,12.313],[92.809,12.313],[92.81,12.313],[92.81,12.313],[92.811,12.312],[92.811,12.312],[92.812,12.312],[92.813,12.312],[92.813,12.312],[92.813,12.312],[92.814,12.312],[92.814,12.311],[92.815,12.311],[92.815,12.311],[92.815,12.311],[92.816,12.311],[92.816,12.311],[92.817,12.31],[92.817,12.31],[92.817,12.31],[92.818,12.31],[92.819,12.309],[92.819,12.309],[92.82,12.309],[92.82,12.308],[92.821,12.308],[92.821,12.307],[92.822,12.307],[92.823,12.306],[92.823,12.306],[92.824,12.306],[92.824,12.305],[92.825,12.305],[92.825,12.304],[92.826,12.304],[92.826,12.303],[92.826,12.303],[92.827,12.303],[92.827,12.302],[92.828,12.302],[92.828,12.302],[92.828,12.302],[92.829,12.301],[92.829,12.301],[92.829,12.301],[92.83,12.301],[92.83,12.3],[92.83,12.3],[92.831,12.3],[92.831,12.3],[92.832,12.3],[92.833,12.301],[92.833,12.3],[92.834,12.3],[92.834,12.3],[92.834,12.3],[92.835,12.3],[92.835,12.3],[92.835,12.3],[92.835,12.301],[92.836,12.301],[92.836,12.301],[92.836,12.301],[92.836,12.302],[92.837,12.302],[92.837,12.302],[92.837,12.303],[92.837,12.303],[92.837,12.303],[92.838,12.303],[92.839,12.304],[92.839,12.304],[92.84,12.304],[92.84,12.304],[92.841,12.304],[92.841,12.304],[92.842,12.304],[92.842,12.304],[92.843,12.304],[92.843,12.304],[92.844,12.304],[92.844,12.304],[92.846,12.304],[92.846,12.304],[92.848,12.304],[92.848,12.304],[92.848,12.304],[92.849,12.304],[92.849,12.303],[92.849,12.303],[92.849,12.303],[92.849,12.302],[92.85,12.302],[92.851,12.303],[92.851,12.302],[92.851,12.303],[92.852,12.303],[92.852,12.303],[92.853,12.303],[92.854,12.304],[92.854,12.304],[92.855,12.304],[92.855,12.305],[92.856,12.305],[92.856,12.305],[92.857,12.305],[92.857,12.305],[92.858,12.305],[92.858,12.305],[92.859,12.305],[92.859,12.304],[92.86,12.304],[92.86,12.304],[92.862,12.304],[92.862,12.304],[92.863,12.304],[92.863,12.303],[92.863,12.303],[92.864,12.304],[92.864,12.305],[92.865,12.305],[92.865,12.305],[92.866,12.306],[92.866,12.306],[92.867,12.305],[92.867,12.304],[92.867,12.304],[92.866,12.304],[92.866,12.303],[92.866,12.303],[92.865,12.302],[92.866,12.301],[92.867,12.301],[92.868,12.301],[92.868,12.301],[92.869,12.301],[92.869,12.301],[92.87,12.301],[92.87,12.301],[92.871,12.301],[92.871,12.301],[92.871,12.301],[92.872,12.301],[92.872,12.301],[92.872,12.302],[92.873,12.302],[92.873,12.301],[92.873,12.301],[92.873,12.301],[92.873,12.3],[92.873,12.3],[92.873,12.3],[92.873,12.3],[92.872,12.299],[92.872,12.299],[92.872,12.299],[92.872,12.298],[92.872,12.298],[92.872,12.298],[92.872,12.297],[92.872,12.297],[92.872,12.297],[92.872,12.296],[92.873,12.296],[92.873,12.296],[92.872,12.295],[92.872,12.295],[92.872,12.295],[92.872,12.294],[92.872,12.294],[92.872,12.294],[92.871,12.294],[92.871,12.293],[92.87,12.293],[92.87,12.293],[92.87,12.293],[92.869,12.292],[92.869,12.292],[92.869,12.291],[92.869,12.291],[92.869,12.291],[92.87,12.29],[92.87,12.291],[92.871,12.291],[92.872,12.292],[92.873,12.291],[92.873,12.29],[92.873,12.29],[92.873,12.289],[92.873,12.289],[92.873,12.289],[92.873,12.288],[92.874,12.288],[92.874,12.288],[92.874,12.288],[92.874,12.288],[92.874,12.287],[92.875,12.287],[92.875,12.287],[92.875,12.287],[92.876,12.287],[92.876,12.288],[92.876,12.288],[92.877,12.288],[92.877,12.288],[92.878,12.288],[92.878,12.288],[92.878,12.288],[92.879,12.288],[92.879,12.288],[92.879,12.288],[92.879,12.288],[92.88,12.288],[92.88,12.288],[92.88,12.287],[92.881,12.288],[92.881,12.288],[92.881,12.289],[92.881,12.289],[92.881,12.289],[92.881,12.29],[92.882,12.29],[92.882,12.289],[92.882,12.289],[92.883,12.289],[92.883,12.289],[92.884,12.289],[92.884,12.289],[92.884,12.288],[92.885,12.288],[92.886,12.288],[92.886,12.288],[92.887,12.287],[92.887,12.286],[92.887,12.286],[92.887,12.285],[92.886,12.284],[92.886,12.284],[92.886,12.284],[92.886,12.284],[92.886,12.283],[92.886,12.283],[92.885,12.283],[92.885,12.282],[92.884,12.281],[92.884,12.281],[92.884,12.282],[92.883,12.282],[92.883,12.282],[92.882,12.281],[92.882,12.281],[92.882,12.281],[92.882,12.28],[92.881,12.28],[92.881,12.28],[92.88,12.28],[92.88,12.279],[92.88,12.279],[92.88,12.279],[92.88,12.278],[92.88,12.278],[92.88,12.277],[92.881,12.276],[92.881,12.276],[92.882,12.275],[92.882,12.275],[92.882,12.274],[92.882,12.274],[92.882,12.274],[92.882,12.27],[92.882,12.27],[92.882,12.269],[92.882,12.269],[92.882,12.268],[92.882,12.267],[92.882,12.267],[92.882,12.266],[92.882,12.266],[92.882,12.265],[92.883,12.265],[92.883,12.264],[92.883,12.264],[92.883,12.263],[92.883,12.263],[92.884,12.263],[92.884,12.263],[92.884,12.263],[92.884,12.264],[92.885,12.264],[92.885,12.264],[92.885,12.265],[92.885,12.265],[92.885,12.266],[92.886,12.266],[92.886,12.266],[92.886,12.267],[92.886,12.267],[92.887,12.267],[92.887,12.267],[92.888,12.267],[92.888,12.267],[92.888,12.267],[92.889,12.267],[92.889,12.266],[92.889,12.265],[92.889,12.265],[92.888,12.265],[92.888,12.264],[92.887,12.264],[92.887,12.264],[92.887,12.264],[92.887,12.264],[92.887,12.263],[92.887,12.263],[92.886,12.263],[92.886,12.262],[92.887,12.262],[92.887,12.262],[92.887,12.261],[92.887,12.261],[92.888,12.261],[92.888,12.26],[92.888,12.26],[92.888,12.259],[92.888,12.259],[92.887,12.259],[92.887,12.258],[92.887,12.258],[92.886,12.258],[92.886,12.258],[92.885,12.258],[92.885,12.258],[92.885,12.258],[92.884,12.257],[92.884,12.257],[92.884,12.257],[92.883,12.256],[92.883,12.256],[92.883,12.255],[92.883,12.255],[92.882,12.255],[92.882,12.255],[92.882,12.254],[92.881,12.254],[92.881,12.254],[92.88,12.253],[92.88,12.253],[92.88,12.253],[92.879,12.252],[92.879,12.252],[92.879,12.252],[92.878,12.251],[92.878,12.251],[92.877,12.251],[92.877,12.251],[92.876,12.251],[92.876,12.251],[92.876,12.25],[92.875,12.25],[92.874,12.25],[92.874,12.25],[92.874,12.25],[92.873,12.25],[92.873,12.251],[92.873,12.251],[92.872,12.251],[92.872,12.251],[92.872,12.251],[92.869,12.251],[92.869,12.251],[92.869,12.251],[92.868,12.251],[92.868,12.251],[92.867,12.252],[92.867,12.252],[92.866,12.252],[92.866,12.252],[92.866,12.251],[92.865,12.251],[92.865,12.251],[92.864,12.251],[92.864,12.251],[92.864,12.251],[92.863,12.25],[92.862,12.25],[92.861,12.249],[92.861,12.248],[92.86,12.248],[92.86,12.248],[92.859,12.247],[92.859,12.247],[92.859,12.246],[92.859,12.246],[92.859,12.246],[92.859,12.246],[92.859,12.245],[92.859,12.245],[92.859,12.244],[92.859,12.244],[92.86,12.243],[92.86,12.243],[92.86,12.243],[92.86,12.243],[92.861,12.243],[92.861,12.242],[92.861,12.242],[92.861,12.241],[92.861,12.24],[92.861,12.24],[92.862,12.239],[92.862,12.239],[92.862,12.238],[92.862,12.238],[92.862,12.237],[92.862,12.237],[92.863,12.237],[92.863,12.236],[92.863,12.236],[92.863,12.236],[92.864,12.235],[92.864,12.235],[92.865,12.235],[92.865,12.235],[92.866,12.235],[92.866,12.234],[92.866,12.234],[92.866,12.234],[92.867,12.233],[92.867,12.233],[92.867,12.233],[92.867,12.232],[92.868,12.232],[92.868,12.232],[92.868,12.231],[92.868,12.231],[92.868,12.231],[92.868,12.23],[92.868,12.23],[92.868,12.229],[92.869,12.229],[92.869,12.229],[92.869,12.228],[92.87,12.228],[92.87,12.228],[92.87,12.228],[92.871,12.227],[92.871,12.227],[92.872,12.227],[92.872,12.226],[92.872,12.226],[92.873,12.225],[92.873,12.224],[92.873,12.224],[92.873,12.223],[92.873,12.223],[92.873,12.222],[92.873,12.222],[92.873,12.221],[92.873,12.221],[92.873,12.221],[92.873,12.22],[92.873,12.22],[92.873,12.22],[92.873,12.219],[92.873,12.219],[92.873,12.218],[92.873,12.218],[92.873,12.217],[92.874,12.217],[92.874,12.216],[92.874,12.216],[92.874,12.216],[92.874,12.215],[92.874,12.215],[92.874,12.214],[92.874,12.214],[92.874,12.213],[92.874,12.213],[92.874,12.212],[92.874,12.212],[92.874,12.212],[92.874,12.211],[92.874,12.211],[92.874,12.211],[92.874,12.21],[92.874,12.21],[92.874,12.21],[92.874,12.209],[92.874,12.209],[92.874,12.209],[92.874,12.208],[92.874,12.207],[92.874,12.207],[92.874,12.206],[92.874,12.206],[92.874,12.205],[92.874,12.205],[92.874,12.205],[92.875,12.204],[92.875,12.204],[92.875,12.204],[92.875,12.204],[92.876,12.204],[92.876,12.204],[92.877,12.204],[92.877,12.203],[92.877,12.203],[92.878,12.202],[92.878,12.202],[92.878,12.202],[92.879,12.201],[92.879,12.201],[92.879,12.201],[92.88,12.201],[92.88,12.202],[92.881,12.201],[92.881,12.201],[92.882,12.2],[92.882,12.2],[92.882,12.199],[92.882,12.199],[92.882,12.199],[92.882,12.198],[92.882,12.197],[92.881,12.197],[92.881,12.196],[92.881,12.196],[92.881,12.195],[92.88,12.195],[92.88,12.194],[92.879,12.194],[92.879,12.194],[92.879,12.194],[92.878,12.194],[92.878,12.194],[92.877,12.193],[92.877,12.193],[92.876,12.193],[92.876,12.193],[92.875,12.193],[92.875,12.193],[92.874,12.194],[92.874,12.194],[92.873,12.194],[92.873,12.194],[92.873,12.195],[92.873,12.195],[92.872,12.195],[92.872,12.195],[92.871,12.196],[92.871,12.196],[92.871,12.196],[92.87,12.196],[92.87,12.197],[92.869,12.197],[92.869,12.197],[92.868,12.197],[92.868,12.197],[92.867,12.197],[92.867,12.197],[92.866,12.197],[92.866,12.197],[92.865,12.197],[92.865,12.197],[92.864,12.197],[92.864,12.197],[92.863,12.197],[92.863,12.197],[92.863,12.198],[92.863,12.198],[92.863,12.199],[92.863,12.2],[92.863,12.2],[92.863,12.2],[92.862,12.2],[92.862,12.2],[92.862,12.201],[92.862,12.201],[92.862,12.201],[92.861,12.201],[92.861,12.201],[92.86,12.201],[92.86,12.201],[92.859,12.202],[92.859,12.202],[92.859,12.202],[92.858,12.202],[92.858,12.202],[92.857,12.202],[92.857,12.202],[92.856,12.202],[92.856,12.202],[92.856,12.203],[92.855,12.203],[92.855,12.203],[92.855,12.204],[92.854,12.204],[92.854,12.204],[92.854,12.204],[92.853,12.204],[92.853,12.204],[92.853,12.203],[92.852,12.203],[92.852,12.203],[92.852,12.203],[92.852,12.203],[92.851,12.202],[92.851,12.202],[92.851,12.202],[92.851,12.202],[92.85,12.201],[92.85,12.201],[92.85,12.201],[92.85,12.2],[92.849,12.2],[92.849,12.2],[92.849,12.2],[92.847,12.198],[92.847,12.197],[92.847,12.197],[92.847,12.197],[92.847,12.197],[92.847,12.197],[92.847,12.196],[92.848,12.196],[92.848,12.195],[92.848,12.195],[92.848,12.194],[92.848,12.193],[92.848,12.193],[92.847,12.192],[92.847,12.192],[92.847,12.191],[92.847,12.191],[92.847,12.19],[92.847,12.19],[92.847,12.19],[92.847,12.189],[92.848,12.189],[92.848,12.189],[92.848,12.189],[92.849,12.189],[92.849,12.189],[92.85,12.189],[92.85,12.19],[92.851,12.19],[92.851,12.19],[92.851,12.19],[92.852,12.191],[92.852,12.191],[92.853,12.191],[92.854,12.191],[92.854,12.191],[92.854,12.191],[92.855,12.191],[92.855,12.19],[92.855,12.19],[92.855,12.189],[92.855,12.189],[92.855,12.188],[92.855,12.188],[92.855,12.187],[92.855,12.187],[92.855,12.186],[92.855,12.186],[92.855,12.186],[92.855,12.185],[92.855,12.185],[92.855,12.185],[92.854,12.184],[92.854,12.184],[92.853,12.184],[92.853,12.184],[92.853,12.184],[92.852,12.184],[92.852,12.184],[92.852,12.183],[92.852,12.183],[92.853,12.183],[92.853,12.183],[92.853,12.182],[92.853,12.182],[92.853,12.182],[92.853,12.181],[92.853,12.181],[92.853,12.181],[92.852,12.18],[92.852,12.18],[92.852,12.179],[92.852,12.179],[92.852,12.179],[92.851,12.178],[92.851,12.178],[92.851,12.177],[92.851,12.177],[92.851,12.177],[92.852,12.175],[92.852,12.175],[92.853,12.174],[92.853,12.174],[92.854,12.173],[92.854,12.172],[92.854,12.172],[92.854,12.172],[92.855,12.172],[92.855,12.171],[92.855,12.171],[92.854,12.17],[92.854,12.17],[92.853,12.17],[92.853,12.17],[92.852,12.169],[92.852,12.168],[92.851,12.167],[92.851,12.167],[92.85,12.166],[92.85,12.165],[92.85,12.165],[92.85,12.165],[92.85,12.164],[92.85,12.164],[92.849,12.164],[92.849,12.163],[92.849,12.163],[92.849,12.163],[92.849,12.162],[92.849,12.162],[92.849,12.162],[92.849,12.162],[92.849,12.161],[92.849,12.161],[92.85,12.161],[92.85,12.16],[92.85,12.16],[92.85,12.16],[92.851,12.159],[92.851,12.159],[92.851,12.158],[92.851,12.158],[92.851,12.158],[92.851,12.157],[92.85,12.157],[92.85,12.157],[92.849,12.157],[92.849,12.157],[92.848,12.157],[92.848,12.157],[92.847,12.157],[92.847,12.157],[92.847,12.157],[92.846,12.158],[92.847,12.158],[92.847,12.159],[92.847,12.159],[92.846,12.16],[92.846,12.16],[92.846,12.16],[92.846,12.161],[92.845,12.161],[92.845,12.161],[92.844,12.161],[92.843,12.161],[92.843,12.161],[92.842,12.16],[92.842,12.16],[92.841,12.16],[92.84,12.161],[92.84,12.161],[92.839,12.162],[92.839,12.162],[92.839,12.162],[92.839,12.163],[92.839,12.163],[92.84,12.163],[92.839,12.163],[92.839,12.164],[92.839,12.164],[92.839,12.165],[92.838,12.166],[92.838,12.166],[92.838,12.166],[92.837,12.166],[92.837,12.167],[92.837,12.167],[92.837,12.167],[92.837,12.167],[92.836,12.167],[92.836,12.167],[92.835,12.168],[92.835,12.167],[92.835,12.167],[92.834,12.167],[92.834,12.167],[92.833,12.167],[92.833,12.167],[92.832,12.167],[92.832,12.167],[92.831,12.167],[92.831,12.167],[92.831,12.166],[92.83,12.166],[92.83,12.166],[92.83,12.165],[92.83,12.165],[92.829,12.165],[92.829,12.164],[92.828,12.164],[92.828,12.165],[92.827,12.165],[92.827,12.165],[92.827,12.165],[92.826,12.165],[92.826,12.166],[92.826,12.166],[92.826,12.166],[92.826,12.166],[92.826,12.166],[92.825,12.167],[92.825,12.167],[92.825,12.167],[92.825,12.167],[92.824,12.167],[92.823,12.166],[92.823,12.166],[92.823,12.165],[92.822,12.165],[92.822,12.165],[92.822,12.164],[92.822,12.164],[92.822,12.163],[92.821,12.163],[92.821,12.162],[92.821,12.162],[92.821,12.161],[92.82,12.161],[92.82,12.161],[92.82,12.161],[92.819,12.161],[92.819,12.161],[92.819,12.16],[92.819,12.16],[92.819,12.159],[92.819,12.158],[92.819,12.158],[92.819,12.157],[92.819,12.156],[92.82,12.156],[92.82,12.156],[92.82,12.155],[92.821,12.155],[92.821,12.155],[92.822,12.155],[92.822,12.155],[92.823,12.154],[92.823,12.154],[92.824,12.154],[92.824,12.154],[92.824,12.154],[92.825,12.155],[92.825,12.155],[92.826,12.154],[92.826,12.154],[92.826,12.153],[92.826,12.153],[92.825,12.152],[92.825,12.152],[92.825,12.152],[92.824,12.152],[92.824,12.151],[92.823,12.151],[92.823,12.151],[92.823,12.151],[92.822,12.151],[92.822,12.151],[92.822,12.15],[92.822,12.15],[92.821,12.15],[92.821,12.15],[92.821,12.149],[92.821,12.149],[92.821,12.149],[92.82,12.148],[92.82,12.148],[92.82,12.148],[92.82,12.147],[92.819,12.147],[92.819,12.146],[92.819,12.146],[92.819,12.145],[92.819,12.145],[92.819,12.144],[92.818,12.144],[92.818,12.143],[92.818,12.143],[92.818,12.143],[92.817,12.142],[92.817,12.142],[92.817,12.142],[92.817,12.142],[92.817,12.141],[92.817,12.141],[92.817,12.141],[92.817,12.14],[92.817,12.14],[92.817,12.139],[92.816,12.139],[92.816,12.138],[92.816,12.138],[92.815,12.138],[92.815,12.136],[92.815,12.135],[92.815,12.134],[92.815,12.133],[92.815,12.133],[92.815,12.132],[92.814,12.132],[92.814,12.132],[92.814,12.132],[92.814,12.131],[92.813,12.131],[92.813,12.131],[92.813,12.131],[92.813,12.131],[92.813,12.13],[92.812,12.13],[92.812,12.13],[92.811,12.13],[92.811,12.13],[92.81,12.13],[92.81,12.13],[92.81,12.131],[92.809,12.131],[92.809,12.131],[92.808,12.132],[92.808,12.132],[92.807,12.132],[92.807,12.133],[92.806,12.133],[92.806,12.133],[92.806,12.133],[92.805,12.133],[92.805,12.133],[92.804,12.133],[92.804,12.133],[92.804,12.133],[92.803,12.132],[92.803,12.132],[92.802,12.131],[92.802,12.131],[92.802,12.13],[92.802,12.13],[92.802,12.129],[92.803,12.129],[92.803,12.128],[92.803,12.128],[92.803,12.127],[92.803,12.127],[92.803,12.126],[92.803,12.126],[92.803,12.125],[92.804,12.125],[92.805,12.125],[92.805,12.125],[92.806,12.125],[92.807,12.124],[92.807,12.124],[92.808,12.124],[92.808,12.124],[92.808,12.124],[92.81,12.121],[92.81,12.121],[92.812,12.118],[92.812,12.116],[92.812,12.115],[92.812,12.115],[92.812,12.114],[92.811,12.114],[92.811,12.113],[92.812,12.113],[92.812,12.112],[92.812,12.112],[92.812,12.112],[92.812,12.111],[92.813,12.111],[92.813,12.111],[92.813,12.111],[92.813,12.11],[92.813,12.11],[92.813,12.11],[92.813,12.109],[92.813,12.109],[92.813,12.108],[92.813,12.107],[92.813,12.107],[92.811,12.105],[92.81,12.105],[92.809,12.105],[92.809,12.105],[92.809,12.105],[92.808,12.105],[92.808,12.106],[92.808,12.106],[92.807,12.106],[92.807,12.106],[92.806,12.106],[92.806,12.106],[92.805,12.106],[92.805,12.106],[92.805,12.107],[92.804,12.107],[92.803,12.107],[92.803,12.107],[92.802,12.107],[92.802,12.108],[92.802,12.108],[92.801,12.108],[92.8,12.108],[92.8,12.109],[92.799,12.109],[92.799,12.109],[92.798,12.108],[92.798,12.108],[92.797,12.108],[92.797,12.107],[92.797,12.107],[92.796,12.107],[92.796,12.106],[92.795,12.106],[92.795,12.106],[92.795,12.106],[92.794,12.106],[92.794,12.105],[92.794,12.105],[92.793,12.105],[92.793,12.104],[92.792,12.104],[92.792,12.104],[92.791,12.104],[92.791,12.104],[92.791,12.104],[92.79,12.103],[92.79,12.103],[92.789,12.103],[92.789,12.103],[92.789,12.103],[92.788,12.102],[92.788,12.102],[92.788,12.102],[92.788,12.102],[92.788,12.102],[92.788,12.101],[92.788,12.101],[92.788,12.101],[92.789,12.101],[92.789,12.101],[92.789,12.1],[92.789,12.1],[92.79,12.1],[92.79,12.099],[92.79,12.099],[92.79,12.099],[92.791,12.098],[92.791,12.098],[92.791,12.097],[92.791,12.097],[92.792,12.097],[92.792,12.097],[92.793,12.097],[92.793,12.097],[92.794,12.097],[92.794,12.097],[92.794,12.096],[92.794,12.096],[92.795,12.096],[92.795,12.095],[92.795,12.095],[92.795,12.094],[92.794,12.094],[92.794,12.093],[92.794,12.093],[92.794,12.092],[92.794,12.092],[92.794,12.092],[92.794,12.092],[92.794,12.091],[92.794,12.091],[92.794,12.091],[92.794,12.09],[92.794,12.09],[92.793,12.09],[92.793,12.089],[92.793,12.089],[92.792,12.089],[92.792,12.088],[92.792,12.088],[92.792,12.087],[92.791,12.087],[92.791,12.087],[92.791,12.087],[92.791,12.086],[92.792,12.086],[92.792,12.085],[92.792,12.085],[92.792,12.085],[92.793,12.084],[92.793,12.083],[92.793,12.083],[92.793,12.082],[92.793,12.082],[92.793,12.081],[92.792,12.081],[92.792,12.081],[92.791,12.081],[92.791,12.081],[92.791,12.082],[92.79,12.082],[92.79,12.082],[92.789,12.082],[92.789,12.082],[92.789,12.081],[92.788,12.081],[92.788,12.081],[92.788,12.081],[92.788,12.08],[92.788,12.08],[92.787,12.08],[92.787,12.08],[92.786,12.08],[92.786,12.08],[92.785,12.079],[92.785,12.079],[92.785,12.079],[92.784,12.079],[92.784,12.08],[92.783,12.08],[92.783,12.08],[92.782,12.08],[92.782,12.08],[92.782,12.08],[92.781,12.079],[92.781,12.079],[92.781,12.079],[92.781,12.079],[92.781,12.078],[92.781,12.078],[92.78,12.077],[92.78,12.077],[92.78,12.076],[92.779,12.076],[92.779,12.075],[92.779,12.075],[92.778,12.075],[92.778,12.075],[92.778,12.074],[92.777,12.074],[92.777,12.074],[92.776,12.074],[92.776,12.073],[92.775,12.073],[92.774,12.073],[92.774,12.073],[92.774,12.072],[92.774,12.072],[92.774,12.072],[92.774,12.071],[92.773,12.071],[92.773,12.071],[92.773,12.07],[92.773,12.069],[92.772,12.069],[92.772,12.069],[92.771,12.069],[92.77,12.069],[92.77,12.069],[92.77,12.069],[92.77,12.069],[92.769,12.069],[92.769,12.069],[92.768,12.068],[92.768,12.068],[92.768,12.068],[92.768,12.068],[92.768,12.068],[92.767,12.067],[92.767,12.067],[92.766,12.066],[92.766,12.066],[92.766,12.066],[92.766,12.065],[92.766,12.065],[92.766,12.065],[92.766,12.065],[92.766,12.064],[92.765,12.063],[92.765,12.063],[92.764,12.064],[92.763,12.064],[92.763,12.064],[92.763,12.065],[92.762,12.065],[92.762,12.066],[92.762,12.066],[92.762,12.067],[92.762,12.067],[92.761,12.068],[92.761,12.068],[92.761,12.069],[92.76,12.069],[92.76,12.069],[92.76,12.07],[92.759,12.07],[92.759,12.071],[92.759,12.071],[92.758,12.072],[92.758,12.072],[92.758,12.073],[92.758,12.073],[92.757,12.073],[92.757,12.074],[92.757,12.074],[92.757,12.074],[92.756,12.074],[92.756,12.074],[92.756,12.075],[92.755,12.074],[92.755,12.074],[92.754,12.074],[92.754,12.074],[92.754,12.074],[92.754,12.074],[92.753,12.074],[92.753,12.074],[92.753,12.074],[92.752,12.075],[92.752,12.075],[92.751,12.075],[92.751,12.075],[92.751,12.075],[92.751,12.075],[92.75,12.075],[92.75,12.075],[92.75,12.075],[92.749,12.075],[92.749,12.074],[92.749,12.074],[92.748,12.074],[92.748,12.075],[92.747,12.075],[92.747,12.075],[92.746,12.075],[92.746,12.075],[92.745,12.075],[92.745,12.076],[92.744,12.076],[92.744,12.076],[92.744,12.076],[92.743,12.077],[92.743,12.077],[92.742,12.077],[92.742,12.078],[92.742,12.078],[92.741,12.078],[92.741,12.079],[92.741,12.079],[92.741,12.08],[92.741,12.08],[92.741,12.08],[92.74,12.081],[92.74,12.081],[92.74,12.082],[92.74,12.082],[92.74,12.083],[92.739,12.084],[92.739,12.084],[92.739,12.085],[92.739,12.085],[92.739,12.086],[92.739,12.087],[92.739,12.087],[92.739,12.088],[92.739,12.089],[92.739,12.089],[92.739,12.09],[92.739,12.091],[92.739,12.091],[92.739,12.092],[92.739,12.093],[92.739,12.094],[92.739,12.094],[92.739,12.095],[92.739,12.095],[92.739,12.096],[92.739,12.096],[92.739,12.097],[92.739,12.097],[92.739,12.097],[92.739,12.098],[92.739,12.098],[92.739,12.099],[92.74,12.099],[92.74,12.1],[92.74,12.1],[92.74,12.101],[92.74,12.101],[92.74,12.102],[92.74,12.102],[92.741,12.103],[92.741,12.103],[92.741,12.104],[92.741,12.104],[92.741,12.105],[92.742,12.105],[92.742,12.106],[92.742,12.106],[92.742,12.107],[92.742,12.107],[92.743,12.108],[92.743,12.108],[92.743,12.108],[92.743,12.109],[92.744,12.109],[92.744,12.11],[92.744,12.11],[92.744,12.111],[92.744,12.111],[92.745,12.112],[92.745,12.112],[92.745,12.113],[92.745,12.113],[92.745,12.114],[92.745,12.114],[92.746,12.114],[92.746,12.115],[92.746,12.115],[92.746,12.115],[92.746,12.116],[92.746,12.116],[92.746,12.117],[92.746,12.117],[92.747,12.118],[92.747,12.118],[92.747,12.118],[92.747,12.119],[92.747,12.119],[92.747,12.12],[92.747,12.12],[92.747,12.121],[92.747,12.121],[92.747,12.122],[92.747,12.122],[92.747,12.123],[92.747,12.123],[92.747,12.124],[92.747,12.124],[92.747,12.124],[92.748,12.125],[92.748,12.125],[92.748,12.125],[92.748,12.126],[92.748,12.126],[92.749,12.126],[92.749,12.127],[92.749,12.127],[92.749,12.128],[92.749,12.128],[92.749,12.128],[92.75,12.129],[92.75,12.129],[92.75,12.13],[92.75,12.13],[92.75,12.131],[92.75,12.131],[92.75,12.132],[92.75,12.132],[92.751,12.133],[92.751,12.133],[92.751,12.134],[92.751,12.134],[92.751,12.135],[92.751,12.136],[92.752,12.136],[92.752,12.136],[92.752,12.137],[92.753,12.138],[92.753,12.138],[92.753,12.139],[92.754,12.139],[92.754,12.14],[92.754,12.14],[92.754,12.141],[92.754,12.142],[92.754,12.142],[92.754,12.143],[92.754,12.144],[92.754,12.145],[92.754,12.146],[92.755,12.147],[92.755,12.147],[92.755,12.148],[92.756,12.148],[92.756,12.149],[92.756,12.149],[92.756,12.149],[92.756,12.15],[92.757,12.15],[92.757,12.15],[92.758,12.151],[92.758,12.151],[92.758,12.152],[92.758,12.152],[92.758,12.153],[92.758,12.153],[92.758,12.154],[92.758,12.154],[92.758,12.155],[92.759,12.156],[92.759,12.156],[92.759,12.157],[92.759,12.157],[92.759,12.158],[92.759,12.158],[92.76,12.159],[92.76,12.16],[92.76,12.16],[92.76,12.161],[92.76,12.161],[92.76,12.162],[92.76,12.162],[92.76,12.163],[92.76,12.163],[92.76,12.163],[92.76,12.164],[92.761,12.164],[92.761,12.164],[92.761,12.165],[92.761,12.165],[92.761,12.165],[92.761,12.166],[92.761,12.166],[92.761,12.167],[92.761,12.168],[92.762,12.168],[92.762,12.169],[92.762,12.169],[92.762,12.17],[92.762,12.17],[92.763,12.17],[92.763,12.171],[92.763,12.171],[92.763,12.171],[92.763,12.172],[92.764,12.173],[92.764,12.174],[92.764,12.174],[92.764,12.175],[92.765,12.175],[92.765,12.175],[92.765,12.175],[92.765,12.177],[92.765,12.177],[92.765,12.178],[92.765,12.179],[92.765,12.179],[92.765,12.18],[92.765,12.181],[92.765,12.182],[92.765,12.182],[92.765,12.183],[92.766,12.183],[92.766,12.183],[92.767,12.184],[92.767,12.184],[92.767,12.185],[92.767,12.185],[92.768,12.186],[92.768,12.186],[92.768,12.187],[92.768,12.187],[92.768,12.188],[92.768,12.188],[92.768,12.189],[92.768,12.189],[92.768,12.19],[92.768,12.19],[92.768,12.19],[92.768,12.191],[92.767,12.191],[92.767,12.192],[92.767,12.192],[92.767,12.193],[92.767,12.194],[92.767,12.194],[92.767,12.194],[92.768,12.195],[92.768,12.195],[92.768,12.196],[92.769,12.196],[92.769,12.197],[92.769,12.197],[92.769,12.198],[92.769,12.198],[92.769,12.198],[92.769,12.199],[92.769,12.199],[92.769,12.2],[92.77,12.2],[92.77,12.201],[92.77,12.201],[92.769,12.202],[92.769,12.202],[92.769,12.203],[92.769,12.203],[92.768,12.203],[92.768,12.204],[92.768,12.204],[92.768,12.204],[92.767,12.205],[92.767,12.205],[92.767,12.205],[92.766,12.206],[92.766,12.207],[92.766,12.207],[92.766,12.207],[92.765,12.208],[92.765,12.208],[92.765,12.209],[92.765,12.209],[92.765,12.21],[92.764,12.21],[92.764,12.211],[92.764,12.211],[92.764,12.212],[92.764,12.212],[92.765,12.213],[92.765,12.213],[92.765,12.214],[92.765,12.214],[92.765,12.215],[92.765,12.215],[92.765,12.216],[92.765,12.216],[92.766,12.216],[92.766,12.217],[92.766,12.217],[92.766,12.217],[92.766,12.218],[92.766,12.218],[92.766,12.218],[92.766,12.219],[92.766,12.219],[92.766,12.22],[92.767,12.22],[92.767,12.221],[92.767,12.221],[92.767,12.222],[92.767,12.222],[92.768,12.223],[92.768,12.223],[92.768,12.224],[92.768,12.224],[92.768,12.225],[92.768,12.225],[92.768,12.226],[92.768,12.226],[92.768,12.227],[92.768,12.227],[92.768,12.228],[92.769,12.228],[92.769,12.229],[92.769,12.229],[92.769,12.229],[92.77,12.23],[92.77,12.23],[92.77,12.231],[92.77,12.231],[92.77,12.232],[92.77,12.232],[92.77,12.232],[92.77,12.233],[92.769,12.233],[92.769,12.234],[92.769,12.234],[92.769,12.234],[92.769,12.235],[92.769,12.235],[92.77,12.236],[92.77,12.236],[92.77,12.236],[92.77,12.237],[92.77,12.237],[92.77,12.238],[92.769,12.238],[92.769,12.238],[92.769,12.238],[92.769,12.238],[92.768,12.238],[92.768,12.238],[92.768,12.238],[92.767,12.238],[92.767,12.237],[92.767,12.237],[92.766,12.237],[92.766,12.237],[92.766,12.237],[92.766,12.237],[92.765,12.236],[92.765,12.236],[92.765,12.236],[92.764,12.235],[92.764,12.235],[92.764,12.235],[92.764,12.234],[92.764,12.234],[92.763,12.233],[92.763,12.233],[92.763,12.233],[92.763,12.233],[92.762,12.232],[92.762,12.232],[92.762,12.232],[92.761,12.232],[92.761,12.232],[92.76,12.233],[92.76,12.233],[92.76,12.233],[92.76,12.234],[92.759,12.234],[92.76,12.234],[92.76,12.235],[92.761,12.235],[92.761,12.235],[92.761,12.236],[92.761,12.236],[92.761,12.236],[92.761,12.236],[92.76,12.236],[92.76,12.236],[92.76,12.235],[92.759,12.235],[92.759,12.235],[92.759,12.235],[92.758,12.234],[92.758,12.234],[92.758,12.234],[92.757,12.234],[92.757,12.234],[92.757,12.234],[92.756,12.234],[92.755,12.233],[92.755,12.233],[92.754,12.233],[92.754,12.233],[92.753,12.233],[92.753,12.233],[92.753,12.233],[92.752,12.233],[92.752,12.233],[92.752,12.232],[92.751,12.233],[92.751,12.233],[92.751,12.233],[92.751,12.233],[92.75,12.234],[92.749,12.234],[92.749,12.234],[92.749,12.234],[92.748,12.235],[92.748,12.236],[92.748,12.236],[92.748,12.236],[92.748,12.237],[92.748,12.237],[92.748,12.238],[92.748,12.238],[92.748,12.238],[92.748,12.239],[92.748,12.239],[92.749,12.24],[92.749,12.24],[92.749,12.241],[92.749,12.241],[92.749,12.242],[92.748,12.243],[92.748,12.243],[92.748,12.243],[92.748,12.244],[92.747,12.244],[92.747,12.244],[92.747,12.245],[92.746,12.245],[92.746,12.245],[92.746,12.245],[92.745,12.245],[92.745,12.245],[92.744,12.245],[92.744,12.245],[92.744,12.245],[92.743,12.244],[92.743,12.245],[92.742,12.245],[92.742,12.246],[92.742,12.246],[92.743,12.246],[92.743,12.247],[92.743,12.247],[92.743,12.247],[92.743,12.248],[92.743,12.248],[92.744,12.249],[92.744,12.249],[92.744,12.25],[92.744,12.25],[92.744,12.251],[92.744,12.251],[92.744,12.252],[92.744,12.252],[92.744,12.253],[92.745,12.253],[92.745,12.253],[92.745,12.254],[92.745,12.254],[92.746,12.255],[92.746,12.255],[92.746,12.255],[92.746,12.256],[92.746,12.256],[92.746,12.256],[92.747,12.257],[92.747,12.257],[92.747,12.257],[92.747,12.258],[92.747,12.258],[92.747,12.259],[92.747,12.259],[92.747,12.259],[92.748,12.26],[92.748,12.26],[92.748,12.261],[92.748,12.261],[92.748,12.261],[92.749,12.262],[92.749,12.262],[92.749,12.263],[92.749,12.263],[92.749,12.264],[92.748,12.264],[92.748,12.265],[92.748,12.265],[92.748,12.265],[92.748,12.266],[92.748,12.266],[92.749,12.266],[92.749,12.267],[92.749,12.267],[92.749,12.268],[92.749,12.268],[92.75,12.269],[92.75,12.269],[92.75,12.269],[92.75,12.27],[92.75,12.27],[92.749,12.271],[92.75,12.271],[92.75,12.272],[92.75,12.272],[92.75,12.272],[92.75,12.273],[92.75,12.273],[92.75,12.273],[92.75,12.274],[92.751,12.274],[92.751,12.274],[92.752,12.274],[92.752,12.275],[92.752,12.275],[92.753,12.274],[92.753,12.274],[92.753,12.273],[92.753,12.273],[92.754,12.272],[92.754,12.272],[92.755,12.271],[92.755,12.271],[92.756,12.271],[92.756,12.27],[92.756,12.27],[92.757,12.269],[92.757,12.269],[92.757,12.269],[92.757,12.268],[92.757,12.268],[92.758,12.268],[92.758,12.268],[92.758,12.268],[92.758,12.268],[92.759,12.268],[92.759,12.268],[92.76,12.268],[92.76,12.267],[92.761,12.267],[92.761,12.267],[92.761,12.266],[92.762,12.266],[92.762,12.266],[92.762,12.265],[92.763,12.265],[92.763,12.265],[92.764,12.264],[92.764,12.264],[92.764,12.264],[92.765,12.264],[92.765,12.264],[92.765,12.264],[92.766,12.265],[92.766,12.265],[92.766,12.265],[92.766,12.266],[92.766,12.266],[92.766,12.267],[92.767,12.267],[92.767,12.268],[92.767,12.268],[92.767,12.268],[92.767,12.269],[92.768,12.269],[92.768,12.269],[92.768,12.27],[92.769,12.27],[92.769,12.27],[92.769,12.271],[92.769,12.271],[92.77,12.271],[92.77,12.272],[92.771,12.272],[92.771,12.272],[92.771,12.272],[92.771,12.273],[92.772,12.273],[92.772,12.273],[92.772,12.274],[92.772,12.274],[92.772,12.274],[92.773,12.274],[92.773,12.275],[92.773,12.275],[92.773,12.275],[92.773,12.276],[92.773,12.276],[92.774,12.277],[92.774,12.277],[92.774,12.278],[92.774,12.278],[92.774,12.279],[92.774,12.279],[92.775,12.28],[92.775,12.28],[92.775,12.28],[92.776,12.28],[92.777,12.279],[92.777,12.279],[92.777,12.279],[92.778,12.279],[92.778,12.279],[92.778,12.279],[92.778,12.279],[92.779,12.28],[92.779,12.28],[92.779,12.28],[92.779,12.281],[92.779,12.281],[92.78,12.282],[92.78,12.282],[92.78,12.283],[92.78,12.283],[92.78,12.284],[92.781,12.284],[92.781,12.284],[92.781,12.285],[92.782,12.285],[92.782,12.285],[92.782,12.286],[92.782,12.286],[92.781,12.287],[92.781,12.287],[92.781,12.287],[92.78,12.287],[92.78,12.288],[92.78,12.288],[92.78,12.289],[92.779,12.289],[92.779,12.29],[92.779,12.29],[92.779,12.291],[92.779,12.291],[92.779,12.291],[92.778,12.291],[92.778,12.292],[92.777,12.292],[92.776,12.292],[92.776,12.292],[92.775,12.292],[92.775,12.293],[92.775,12.293],[92.775,12.294],[92.775,12.294],[92.775,12.295],[92.775,12.295],[92.776,12.295],[92.776,12.295],[92.777,12.296],[92.777,12.296],[92.777,12.296],[92.777,12.296],[92.777,12.297],[92.777,12.297],[92.777,12.297],[92.777,12.298],[92.777,12.298],[92.776,12.298],[92.776,12.299],[92.776,12.299],[92.776,12.3],[92.776,12.3],[92.776,12.301],[92.775,12.301],[92.775,12.301],[92.775,12.301],[92.774,12.301],[92.774,12.301],[92.774,12.301],[92.773,12.301],[92.773,12.301],[92.773,12.301],[92.772,12.3],[92.772,12.3],[92.772,12.299],[92.772,12.299],[92.771,12.299],[92.771,12.298],[92.771,12.298],[92.771,12.298],[92.771,12.298],[92.77,12.297],[92.77,12.297],[92.77,12.297],[92.769,12.297],[92.769,12.297],[92.769,12.297],[92.768,12.297],[92.768,12.297],[92.768,12.298],[92.768,12.298],[92.768,12.299],[92.768,12.299],[92.768,12.3],[92.768,12.3],[92.768,12.301],[92.768,12.301],[92.768,12.302],[92.768,12.303],[92.769,12.303],[92.769,12.303],[92.769,12.304],[92.769,12.304],[92.77,12.304],[92.77,12.305],[92.77,12.305],[92.77,12.306],[92.77,12.306],[92.77,12.306],[92.77,12.307],[92.77,12.308],[92.77,12.308],[92.77,12.309],[92.77,12.31],[92.77,12.31],[92.77,12.311],[92.771,12.311],[92.771,12.312],[92.771,12.312],[92.771,12.313],[92.772,12.313],[92.772,12.312],[92.773,12.312],[92.773,12.312],[92.774,12.312],[92.774,12.312],[92.775,12.311],[92.775,12.311],[92.776,12.311],[92.776,12.311],[92.776,12.31],[92.777,12.31]]],[[[93.073,12.319],[93.073,12.318],[93.073,12.318],[93.073,12.318],[93.073,12.318],[93.074,12.317],[93.074,12.317],[93.074,12.317],[93.074,12.316],[93.073,12.316],[93.074,12.316],[93.073,12.315],[93.073,12.315],[93.072,12.316],[93.072,12.316],[93.072,12.316],[93.071,12.316],[93.071,12.316],[93.07,12.316],[93.07,12.316],[93.07,12.316],[93.07,12.316],[93.069,12.316],[93.068,12.316],[93.068,12.316],[93.068,12.316],[93.067,12.316],[93.067,12.316],[93.066,12.316],[93.066,12.316],[93.066,12.316],[93.066,12.316],[93.065,12.316],[93.065,12.316],[93.065,12.316],[93.065,12.316],[93.064,12.316],[93.064,12.316],[93.063,12.316],[93.063,12.316],[93.063,12.316],[93.063,12.316],[93.063,12.317],[93.064,12.317],[93.064,12.317],[93.064,12.317],[93.064,12.317],[93.065,12.317],[93.065,12.317],[93.065,12.317],[93.066,12.317],[93.066,12.318],[93.067,12.318],[93.067,12.318],[93.067,12.319],[93.068,12.319],[93.068,12.319],[93.069,12.319],[93.069,12.319],[93.069,12.319],[93.069,12.319],[93.07,12.319],[93.071,12.319],[93.071,12.318],[93.071,12.319],[93.071,12.319],[93.072,12.319],[93.072,12.319],[93.072,12.319],[93.073,12.319]]],[[[93.84,12.321],[93.858,12.293],[93.86,12.295],[93.862,12.296],[93.862,12.296],[93.862,12.296],[93.863,12.296],[93.863,12.295],[93.866,12.295],[93.866,12.296],[93.867,12.296],[93.869,12.294],[93.869,12.294],[93.869,12.294],[93.87,12.294],[93.87,12.293],[93.871,12.293],[93.871,12.293],[93.874,12.29],[93.874,12.289],[93.874,12.289],[93.874,12.289],[93.875,12.288],[93.875,12.287],[93.876,12.287],[93.876,12.286],[93.875,12.286],[93.875,12.286],[93.875,12.285],[93.875,12.285],[93.875,12.285],[93.875,12.284],[93.876,12.283],[93.877,12.283],[93.877,12.283],[93.878,12.283],[93.878,12.282],[93.878,12.282],[93.878,12.282],[93.878,12.279],[93.878,12.279],[93.878,12.278],[93.878,12.278],[93.878,12.278],[93.877,12.277],[93.877,12.277],[93.877,12.277],[93.877,12.274],[93.877,12.274],[93.877,12.273],[93.876,12.273],[93.876,12.271],[93.874,12.269],[93.874,12.268],[93.872,12.268],[93.873,12.266],[93.876,12.255],[93.881,12.237],[93.87,12.233],[93.868,12.234],[93.868,12.234],[93.863,12.266],[93.863,12.266],[93.862,12.266],[93.862,12.266],[93.862,12.266],[93.861,12.266],[93.861,12.265],[93.861,12.265],[93.86,12.265],[93.86,12.265],[93.86,12.265],[93.859,12.265],[93.859,12.265],[93.859,12.265],[93.862,12.234],[93.851,12.234],[93.841,12.237],[93.832,12.241],[93.833,12.242],[93.852,12.267],[93.852,12.268],[93.851,12.269],[93.851,12.269],[93.85,12.269],[93.85,12.269],[93.827,12.245],[93.815,12.271],[93.815,12.278],[93.815,12.285],[93.819,12.3],[93.821,12.305],[93.824,12.307],[93.848,12.286],[93.848,12.286],[93.849,12.286],[93.849,12.286],[93.849,12.286],[93.85,12.287],[93.85,12.287],[93.85,12.287],[93.851,12.287],[93.851,12.287],[93.829,12.312],[93.831,12.314],[93.84,12.321]]],[[[92.913,12.332],[92.912,12.332],[92.912,12.332],[92.912,12.332],[92.911,12.333],[92.911,12.333],[92.911,12.333],[92.911,12.335],[92.911,12.335],[92.911,12.335],[92.912,12.335],[92.912,12.335],[92.913,12.334],[92.913,12.334],[92.913,12.334],[92.913,12.334],[92.914,12.333],[92.914,12.333],[92.913,12.332],[92.913,12.332],[92.913,12.332]]],[[[92.906,12.339],[92.906,12.338],[92.905,12.338],[92.905,12.339],[92.905,12.339],[92.905,12.34],[92.905,12.341],[92.905,12.341],[92.906,12.341],[92.906,12.341],[92.906,12.34],[92.907,12.34],[92.907,12.339],[92.906,12.339],[92.906,12.339]]],[[[92.912,12.338],[92.911,12.338],[92.911,12.338],[92.91,12.338],[92.91,12.338],[92.91,12.339],[92.91,12.339],[92.91,12.339],[92.909,12.34],[92.909,12.34],[92.909,12.341],[92.909,12.341],[92.908,12.341],[92.908,12.341],[92.909,12.342],[92.909,12.342],[92.909,12.343],[92.91,12.343],[92.91,12.343],[92.91,12.344],[92.91,12.344],[92.91,12.345],[92.91,12.345],[92.91,12.345],[92.91,12.346],[92.91,12.346],[92.91,12.346],[92.91,12.347],[92.909,12.347],[92.909,12.348],[92.909,12.348],[92.91,12.349],[92.91,12.349],[92.91,12.35],[92.91,12.35],[92.91,12.35],[92.91,12.351],[92.911,12.351],[92.911,12.351],[92.911,12.352],[92.911,12.352],[92.911,12.352],[92.912,12.353],[92.912,12.353],[92.912,12.354],[92.913,12.354],[92.913,12.354],[92.913,12.355],[92.914,12.355],[92.914,12.355],[92.915,12.355],[92.916,12.355],[92.916,12.355],[92.917,12.355],[92.917,12.355],[92.917,12.354],[92.918,12.354],[92.918,12.354],[92.918,12.353],[92.919,12.353],[92.919,12.352],[92.919,12.352],[92.919,12.351],[92.919,12.351],[92.919,12.35],[92.919,12.35],[92.918,12.349],[92.918,12.349],[92.918,12.349],[92.918,12.348],[92.917,12.348],[92.917,12.347],[92.917,12.347],[92.916,12.346],[92.916,12.346],[92.916,12.345],[92.916,12.345],[92.915,12.344],[92.915,12.344],[92.915,12.344],[92.914,12.343],[92.914,12.343],[92.914,12.342],[92.914,12.342],[92.913,12.342],[92.913,12.341],[92.913,12.341],[92.912,12.341],[92.912,12.341],[92.912,12.34],[92.912,12.34],[92.912,12.339],[92.912,12.338],[92.912,12.338]]],[[[92.897,12.392],[92.897,12.392],[92.896,12.392],[92.896,12.392],[92.895,12.393],[92.896,12.393],[92.896,12.394],[92.896,12.394],[92.896,12.395],[92.896,12.395],[92.897,12.395],[92.897,12.395],[92.898,12.394],[92.898,12.394],[92.898,12.393],[92.897,12.392],[92.897,12.392]]],[[[92.853,12.409],[92.853,12.409],[92.854,12.409],[92.855,12.409],[92.855,12.409],[92.856,12.408],[92.856,12.408],[92.857,12.408],[92.857,12.408],[92.858,12.408],[92.858,12.408],[92.859,12.408],[92.859,12.407],[92.859,12.407],[92.86,12.407],[92.86,12.407],[92.861,12.406],[92.861,12.406],[92.862,12.406],[92.862,12.406],[92.863,12.405],[92.863,12.405],[92.864,12.405],[92.864,12.404],[92.865,12.404],[92.865,12.404],[92.865,12.404],[92.866,12.404],[92.866,12.404],[92.866,12.404],[92.867,12.404],[92.867,12.404],[92.868,12.404],[92.868,12.404],[92.868,12.404],[92.869,12.404],[92.869,12.404],[92.87,12.404],[92.87,12.404],[92.87,12.404],[92.871,12.404],[92.871,12.405],[92.872,12.405],[92.872,12.405],[92.873,12.406],[92.874,12.405],[92.874,12.405],[92.874,12.404],[92.874,12.404],[92.874,12.404],[92.875,12.403],[92.875,12.403],[92.875,12.402],[92.875,12.402],[92.876,12.402],[92.876,12.402],[92.876,12.401],[92.876,12.401],[92.877,12.401],[92.877,12.4],[92.877,12.4],[92.878,12.4],[92.879,12.399],[92.879,12.399],[92.88,12.399],[92.88,12.399],[92.881,12.398],[92.881,12.398],[92.882,12.398],[92.882,12.399],[92.883,12.399],[92.883,12.399],[92.884,12.399],[92.884,12.4],[92.884,12.4],[92.884,12.401],[92.884,12.401],[92.884,12.402],[92.884,12.402],[92.884,12.402],[92.884,12.403],[92.884,12.403],[92.885,12.404],[92.885,12.404],[92.885,12.404],[92.885,12.405],[92.886,12.405],[92.886,12.406],[92.886,12.406],[92.886,12.406],[92.886,12.407],[92.887,12.407],[92.887,12.408],[92.888,12.408],[92.889,12.408],[92.889,12.407],[92.889,12.406],[92.889,12.406],[92.889,12.405],[92.889,12.405],[92.889,12.404],[92.889,12.404],[92.889,12.403],[92.889,12.403],[92.889,12.402],[92.889,12.402],[92.89,12.401],[92.89,12.401],[92.89,12.401],[92.891,12.4],[92.891,12.4],[92.892,12.4],[92.893,12.401],[92.893,12.401],[92.894,12.4],[92.894,12.4],[92.894,12.399],[92.894,12.398],[92.894,12.398],[92.894,12.397],[92.894,12.397],[92.893,12.396],[92.893,12.396],[92.893,12.395],[92.892,12.395],[92.892,12.394],[92.892,12.394],[92.891,12.393],[92.891,12.393],[92.891,12.393],[92.891,12.392],[92.891,12.392],[92.89,12.392],[92.89,12.391],[92.889,12.391],[92.889,12.391],[92.888,12.391],[92.888,12.391],[92.888,12.391],[92.887,12.39],[92.887,12.39],[92.886,12.39],[92.886,12.39],[92.886,12.389],[92.885,12.389],[92.885,12.389],[92.885,12.389],[92.884,12.388],[92.884,12.388],[92.884,12.388],[92.884,12.387],[92.884,12.387],[92.884,12.387],[92.884,12.387],[92.884,12.386],[92.884,12.386],[92.884,12.386],[92.884,12.385],[92.884,12.385],[92.884,12.385],[92.884,12.384],[92.884,12.384],[92.885,12.383],[92.885,12.383],[92.885,12.383],[92.885,12.382],[92.886,12.381],[92.886,12.381],[92.886,12.38],[92.886,12.38],[92.886,12.38],[92.886,12.379],[92.886,12.379],[92.886,12.378],[92.886,12.378],[92.886,12.378],[92.885,12.377],[92.885,12.377],[92.885,12.377],[92.885,12.376],[92.885,12.376],[92.885,12.375],[92.885,12.375],[92.884,12.374],[92.884,12.374],[92.884,12.374],[92.883,12.374],[92.883,12.374],[92.882,12.374],[92.882,12.374],[92.881,12.375],[92.881,12.375],[92.882,12.376],[92.882,12.376],[92.882,12.377],[92.882,12.377],[92.882,12.378],[92.882,12.378],[92.882,12.379],[92.882,12.38],[92.882,12.38],[92.882,12.381],[92.882,12.381],[92.882,12.382],[92.881,12.382],[92.881,12.382],[92.881,12.383],[92.88,12.383],[92.88,12.383],[92.88,12.384],[92.879,12.384],[92.879,12.383],[92.878,12.383],[92.878,12.383],[92.878,12.382],[92.877,12.382],[92.877,12.383],[92.876,12.383],[92.876,12.383],[92.875,12.383],[92.875,12.383],[92.875,12.384],[92.874,12.384],[92.874,12.384],[92.874,12.384],[92.873,12.384],[92.873,12.384],[92.873,12.384],[92.872,12.383],[92.872,12.383],[92.872,12.383],[92.871,12.382],[92.871,12.382],[92.87,12.381],[92.87,12.381],[92.87,12.38],[92.87,12.38],[92.869,12.38],[92.869,12.38],[92.869,12.379],[92.869,12.379],[92.869,12.379],[92.868,12.379],[92.868,12.378],[92.868,12.378],[92.868,12.378],[92.867,12.378],[92.867,12.378],[92.866,12.378],[92.866,12.378],[92.866,12.378],[92.865,12.379],[92.865,12.379],[92.864,12.379],[92.864,12.379],[92.863,12.379],[92.863,12.38],[92.862,12.38],[92.862,12.381],[92.861,12.381],[92.861,12.381],[92.861,12.382],[92.861,12.382],[92.86,12.383],[92.86,12.383],[92.86,12.384],[92.86,12.384],[92.86,12.385],[92.86,12.385],[92.861,12.385],[92.861,12.386],[92.861,12.387],[92.861,12.387],[92.861,12.388],[92.861,12.388],[92.86,12.388],[92.86,12.388],[92.86,12.389],[92.859,12.389],[92.859,12.389],[92.858,12.389],[92.858,12.389],[92.857,12.389],[92.857,12.389],[92.857,12.389],[92.856,12.389],[92.856,12.389],[92.855,12.388],[92.855,12.389],[92.854,12.389],[92.854,12.39],[92.853,12.39],[92.853,12.391],[92.852,12.391],[92.852,12.392],[92.852,12.392],[92.851,12.392],[92.851,12.393],[92.85,12.393],[92.85,12.393],[92.85,12.394],[92.849,12.394],[92.849,12.394],[92.848,12.394],[92.848,12.394],[92.848,12.394],[92.847,12.394],[92.847,12.394],[92.846,12.394],[92.846,12.394],[92.846,12.394],[92.845,12.394],[92.845,12.395],[92.845,12.395],[92.844,12.395],[92.844,12.396],[92.844,12.397],[92.844,12.397],[92.844,12.397],[92.844,12.398],[92.844,12.398],[92.844,12.399],[92.844,12.399],[92.844,12.4],[92.844,12.401],[92.844,12.401],[92.844,12.402],[92.844,12.402],[92.844,12.402],[92.844,12.403],[92.844,12.403],[92.844,12.403],[92.844,12.404],[92.844,12.404],[92.845,12.404],[92.845,12.405],[92.845,12.405],[92.846,12.405],[92.846,12.405],[92.846,12.406],[92.847,12.406],[92.847,12.406],[92.847,12.406],[92.848,12.407],[92.848,12.407],[92.849,12.407],[92.849,12.407],[92.85,12.408],[92.85,12.408],[92.851,12.408],[92.851,12.409],[92.852,12.409],[92.853,12.409],[92.853,12.409]]],[[[92.899,12.408],[92.899,12.408],[92.899,12.408],[92.897,12.409],[92.897,12.411],[92.898,12.411],[92.899,12.411],[92.899,12.408],[92.899,12.408]]],[[[92.889,12.413],[92.889,12.413],[92.889,12.413],[92.889,12.413],[92.888,12.413],[92.888,12.413],[92.888,12.414],[92.889,12.414],[92.889,12.414],[92.889,12.414],[92.889,12.414],[92.889,12.414],[92.889,12.413]]],[[[92.866,12.421],[92.866,12.421],[92.868,12.421],[92.868,12.42],[92.868,12.42],[92.869,12.42],[92.869,12.416],[92.869,12.416],[92.869,12.414],[92.868,12.414],[92.868,12.413],[92.868,12.413],[92.868,12.413],[92.867,12.413],[92.866,12.413],[92.866,12.412],[92.865,12.412],[92.865,12.413],[92.862,12.413],[92.862,12.413],[92.862,12.413],[92.862,12.413],[92.861,12.413],[92.861,12.414],[92.86,12.414],[92.859,12.415],[92.859,12.417],[92.86,12.417],[92.86,12.417],[92.86,12.418],[92.861,12.418],[92.861,12.418],[92.861,12.418],[92.861,12.419],[92.862,12.419],[92.862,12.419],[92.863,12.419],[92.864,12.42],[92.864,12.42],[92.864,12.42],[92.865,12.42],[92.865,12.421],[92.865,12.421],[92.865,12.421],[92.866,12.421]]],[[[92.903,12.42],[92.903,12.42],[92.902,12.42],[92.902,12.42],[92.902,12.421],[92.901,12.421],[92.9,12.421],[92.9,12.421],[92.9,12.421],[92.899,12.422],[92.899,12.423],[92.9,12.423],[92.9,12.424],[92.9,12.424],[92.9,12.425],[92.9,12.425],[92.9,12.426],[92.9,12.426],[92.901,12.426],[92.902,12.426],[92.902,12.426],[92.903,12.425],[92.903,12.425],[92.903,12.425],[92.904,12.424],[92.904,12.424],[92.905,12.423],[92.905,12.423],[92.905,12.422],[92.904,12.422],[92.904,12.422],[92.904,12.421],[92.904,12.421],[92.903,12.42],[92.903,12.42]]],[[[92.832,12.427],[92.833,12.427],[92.834,12.427],[92.834,12.426],[92.835,12.426],[92.835,12.426],[92.835,12.426],[92.836,12.426],[92.836,12.426],[92.837,12.426],[92.837,12.426],[92.838,12.425],[92.838,12.425],[92.841,12.423],[92.841,12.422],[92.841,12.422],[92.842,12.421],[92.842,12.421],[92.842,12.421],[92.843,12.421],[92.843,12.42],[92.843,12.42],[92.844,12.42],[92.844,12.419],[92.844,12.419],[92.846,12.418],[92.846,12.417],[92.847,12.417],[92.847,12.416],[92.847,12.416],[92.847,12.416],[92.846,12.415],[92.846,12.415],[92.846,12.415],[92.846,12.415],[92.846,12.414],[92.845,12.414],[92.844,12.415],[92.844,12.415],[92.844,12.415],[92.844,12.415],[92.843,12.415],[92.841,12.415],[92.841,12.415],[92.839,12.415],[92.839,12.415],[92.838,12.415],[92.838,12.416],[92.838,12.416],[92.837,12.416],[92.837,12.416],[92.836,12.416],[92.836,12.416],[92.835,12.417],[92.835,12.417],[92.835,12.417],[92.834,12.417],[92.834,12.417],[92.834,12.417],[92.833,12.418],[92.831,12.42],[92.831,12.42],[92.83,12.421],[92.83,12.421],[92.83,12.422],[92.83,12.422],[92.829,12.422],[92.829,12.423],[92.829,12.423],[92.829,12.424],[92.829,12.424],[92.829,12.425],[92.83,12.425],[92.83,12.426],[92.831,12.426],[92.831,12.427],[92.831,12.427],[92.832,12.427]]],[[[92.955,12.415],[92.955,12.414],[92.955,12.414],[92.954,12.413],[92.954,12.413],[92.954,12.412],[92.954,12.412],[92.954,12.412],[92.954,12.411],[92.953,12.411],[92.953,12.41],[92.953,12.41],[92.953,12.409],[92.953,12.409],[92.953,12.409],[92.953,12.408],[92.952,12.408],[92.952,12.408],[92.952,12.408],[92.951,12.408],[92.951,12.407],[92.95,12.407],[92.95,12.407],[92.949,12.407],[92.949,12.407],[92.948,12.407],[92.948,12.407],[92.948,12.407],[92.947,12.407],[92.947,12.407],[92.946,12.407],[92.946,12.406],[92.945,12.406],[92.945,12.405],[92.945,12.405],[92.945,12.405],[92.944,12.404],[92.944,12.404],[92.945,12.404],[92.944,12.403],[92.944,12.403],[92.944,12.403],[92.944,12.403],[92.944,12.402],[92.943,12.402],[92.943,12.401],[92.943,12.4],[92.943,12.4],[92.943,12.399],[92.943,12.399],[92.943,12.398],[92.943,12.398],[92.943,12.397],[92.943,12.397],[92.943,12.396],[92.943,12.396],[92.943,12.395],[92.943,12.395],[92.943,12.394],[92.943,12.394],[92.943,12.394],[92.943,12.393],[92.943,12.393],[92.943,12.392],[92.943,12.391],[92.943,12.391],[92.943,12.39],[92.943,12.389],[92.943,12.389],[92.943,12.388],[92.943,12.388],[92.943,12.388],[92.943,12.387],[92.943,12.387],[92.943,12.386],[92.943,12.385],[92.943,12.385],[92.943,12.384],[92.943,12.383],[92.942,12.383],[92.942,12.382],[92.942,12.382],[92.942,12.381],[92.941,12.381],[92.941,12.381],[92.941,12.38],[92.94,12.38],[92.94,12.38],[92.939,12.379],[92.939,12.379],[92.939,12.379],[92.939,12.379],[92.938,12.378],[92.938,12.378],[92.938,12.378],[92.937,12.377],[92.937,12.377],[92.937,12.376],[92.937,12.376],[92.937,12.376],[92.937,12.375],[92.937,12.375],[92.936,12.374],[92.936,12.374],[92.936,12.373],[92.936,12.372],[92.936,12.372],[92.936,12.371],[92.936,12.371],[92.936,12.37],[92.935,12.37],[92.935,12.369],[92.935,12.369],[92.935,12.368],[92.935,12.368],[92.935,12.367],[92.935,12.367],[92.935,12.366],[92.935,12.366],[92.935,12.365],[92.935,12.365],[92.935,12.364],[92.934,12.364],[92.934,12.363],[92.934,12.363],[92.934,12.362],[92.933,12.362],[92.933,12.362],[92.933,12.361],[92.933,12.361],[92.933,12.361],[92.933,12.36],[92.933,12.36],[92.932,12.359],[92.932,12.359],[92.931,12.359],[92.931,12.359],[92.931,12.359],[92.931,12.359],[92.93,12.36],[92.93,12.36],[92.93,12.361],[92.929,12.361],[92.929,12.362],[92.929,12.362],[92.928,12.362],[92.928,12.363],[92.927,12.363],[92.927,12.363],[92.927,12.363],[92.926,12.363],[92.926,12.363],[92.925,12.363],[92.925,12.363],[92.925,12.363],[92.924,12.363],[92.924,12.363],[92.923,12.364],[92.922,12.364],[92.922,12.364],[92.921,12.364],[92.921,12.364],[92.92,12.364],[92.92,12.364],[92.919,12.365],[92.919,12.365],[92.919,12.366],[92.918,12.366],[92.918,12.367],[92.918,12.367],[92.918,12.368],[92.918,12.368],[92.918,12.369],[92.918,12.369],[92.918,12.37],[92.918,12.37],[92.918,12.371],[92.918,12.371],[92.919,12.372],[92.918,12.372],[92.918,12.373],[92.918,12.373],[92.919,12.374],[92.919,12.375],[92.919,12.375],[92.919,12.375],[92.919,12.376],[92.919,12.376],[92.92,12.377],[92.92,12.377],[92.92,12.378],[92.921,12.378],[92.921,12.379],[92.921,12.379],[92.922,12.379],[92.922,12.38],[92.922,12.38],[92.922,12.38],[92.923,12.381],[92.923,12.381],[92.923,12.381],[92.924,12.382],[92.924,12.382],[92.924,12.382],[92.924,12.382],[92.924,12.383],[92.924,12.383],[92.925,12.383],[92.925,12.384],[92.925,12.384],[92.925,12.384],[92.925,12.385],[92.926,12.385],[92.926,12.386],[92.927,12.386],[92.927,12.386],[92.927,12.387],[92.928,12.387],[92.928,12.387],[92.928,12.387],[92.928,12.388],[92.928,12.388],[92.928,12.388],[92.927,12.389],[92.927,12.389],[92.927,12.389],[92.927,12.389],[92.927,12.389],[92.926,12.39],[92.926,12.39],[92.926,12.39],[92.925,12.39],[92.925,12.39],[92.925,12.391],[92.925,12.392],[92.925,12.392],[92.925,12.393],[92.925,12.393],[92.925,12.394],[92.925,12.394],[92.925,12.394],[92.925,12.395],[92.925,12.395],[92.925,12.396],[92.925,12.396],[92.925,12.397],[92.926,12.398],[92.926,12.398],[92.926,12.399],[92.926,12.399],[92.926,12.4],[92.926,12.4],[92.926,12.401],[92.926,12.401],[92.926,12.402],[92.926,12.402],[92.926,12.403],[92.926,12.403],[92.926,12.404],[92.926,12.404],[92.926,12.405],[92.927,12.405],[92.927,12.406],[92.927,12.406],[92.927,12.407],[92.927,12.407],[92.928,12.408],[92.928,12.408],[92.928,12.408],[92.928,12.409],[92.928,12.41],[92.928,12.41],[92.929,12.411],[92.929,12.411],[92.929,12.412],[92.929,12.412],[92.929,12.413],[92.93,12.413],[92.93,12.414],[92.93,12.414],[92.93,12.415],[92.931,12.415],[92.931,12.416],[92.931,12.416],[92.931,12.417],[92.932,12.417],[92.932,12.418],[92.932,12.418],[92.933,12.419],[92.933,12.419],[92.933,12.419],[92.934,12.42],[92.934,12.42],[92.935,12.42],[92.935,12.42],[92.936,12.42],[92.936,12.421],[92.936,12.421],[92.937,12.421],[92.937,12.422],[92.938,12.422],[92.939,12.422],[92.939,12.422],[92.94,12.422],[92.941,12.422],[92.941,12.422],[92.942,12.421],[92.942,12.421],[92.942,12.421],[92.943,12.421],[92.943,12.42],[92.944,12.42],[92.944,12.42],[92.945,12.42],[92.945,12.419],[92.945,12.419],[92.946,12.419],[92.946,12.418],[92.947,12.418],[92.947,12.418],[92.947,12.417],[92.947,12.417],[92.947,12.417],[92.948,12.416],[92.948,12.416],[92.948,12.416],[92.948,12.415],[92.948,12.415],[92.948,12.414],[92.949,12.414],[92.949,12.415],[92.949,12.415],[92.95,12.415],[92.95,12.416],[92.949,12.416],[92.949,12.417],[92.948,12.417],[92.948,12.418],[92.948,12.418],[92.948,12.419],[92.948,12.419],[92.948,12.42],[92.948,12.42],[92.948,12.421],[92.949,12.421],[92.949,12.422],[92.948,12.423],[92.949,12.423],[92.949,12.424],[92.949,12.425],[92.949,12.425],[92.949,12.426],[92.949,12.426],[92.95,12.427],[92.95,12.427],[92.949,12.428],[92.949,12.428],[92.949,12.429],[92.949,12.429],[92.95,12.43],[92.95,12.43],[92.951,12.43],[92.951,12.43],[92.952,12.43],[92.952,12.43],[92.952,12.43],[92.953,12.43],[92.953,12.431],[92.953,12.431],[92.953,12.431],[92.953,12.432],[92.953,12.432],[92.953,12.433],[92.954,12.434],[92.954,12.434],[92.955,12.435],[92.955,12.435],[92.956,12.435],[92.956,12.435],[92.956,12.435],[92.956,12.435],[92.956,12.435],[92.957,12.434],[92.957,12.434],[92.957,12.433],[92.957,12.433],[92.957,12.432],[92.956,12.432],[92.956,12.431],[92.956,12.431],[92.956,12.43],[92.956,12.43],[92.956,12.429],[92.956,12.429],[92.956,12.428],[92.956,12.428],[92.956,12.428],[92.956,12.427],[92.957,12.427],[92.957,12.427],[92.957,12.426],[92.957,12.426],[92.957,12.425],[92.958,12.425],[92.958,12.424],[92.958,12.424],[92.959,12.424],[92.959,12.423],[92.959,12.423],[92.96,12.423],[92.96,12.423],[92.961,12.422],[92.961,12.422],[92.961,12.421],[92.96,12.421],[92.961,12.42],[92.961,12.42],[92.961,12.419],[92.96,12.419],[92.96,12.418],[92.96,12.418],[92.959,12.417],[92.959,12.417],[92.959,12.417],[92.958,12.416],[92.958,12.416],[92.957,12.416],[92.957,12.416],[92.957,12.416],[92.956,12.416],[92.956,12.415],[92.955,12.415]]],[[[92.875,12.445],[92.875,12.445],[92.876,12.445],[92.876,12.445],[92.876,12.444],[92.875,12.444],[92.875,12.444],[92.874,12.445],[92.874,12.445],[92.875,12.445],[92.875,12.445],[92.875,12.445]]],[[[92.679,12.541],[92.68,12.541],[92.68,12.541],[92.681,12.541],[92.681,12.541],[92.682,12.541],[92.682,12.541],[92.682,12.541],[92.683,12.541],[92.683,12.541],[92.683,12.54],[92.684,12.54],[92.684,12.54],[92.685,12.539],[92.685,12.539],[92.684,12.538],[92.684,12.538],[92.684,12.537],[92.684,12.537],[92.684,12.537],[92.683,12.536],[92.683,12.536],[92.683,12.535],[92.683,12.535],[92.683,12.535],[92.683,12.534],[92.683,12.534],[92.682,12.534],[92.682,12.533],[92.682,12.533],[92.682,12.533],[92.682,12.532],[92.681,12.532],[92.681,12.531],[92.681,12.531],[92.681,12.53],[92.681,12.53],[92.681,12.529],[92.68,12.529],[92.68,12.528],[92.68,12.528],[92.68,12.527],[92.68,12.527],[92.68,12.527],[92.68,12.527],[92.679,12.526],[92.679,12.526],[92.679,12.525],[92.679,12.525],[92.679,12.524],[92.679,12.524],[92.679,12.524],[92.679,12.523],[92.679,12.523],[92.679,12.523],[92.679,12.522],[92.678,12.522],[92.678,12.522],[92.678,12.522],[92.677,12.523],[92.677,12.523],[92.676,12.523],[92.676,12.524],[92.675,12.524],[92.675,12.524],[92.674,12.525],[92.674,12.525],[92.674,12.525],[92.674,12.525],[92.673,12.526],[92.673,12.526],[92.673,12.526],[92.672,12.527],[92.672,12.527],[92.672,12.528],[92.671,12.528],[92.671,12.528],[92.671,12.529],[92.67,12.529],[92.67,12.529],[92.67,12.53],[92.67,12.53],[92.669,12.531],[92.669,12.531],[92.669,12.532],[92.669,12.532],[92.669,12.533],[92.669,12.533],[92.669,12.534],[92.669,12.534],[92.669,12.535],[92.669,12.535],[92.669,12.536],[92.669,12.536],[92.669,12.537],[92.67,12.537],[92.67,12.538],[92.67,12.538],[92.671,12.539],[92.671,12.539],[92.671,12.539],[92.671,12.54],[92.671,12.54],[92.671,12.54],[92.672,12.541],[92.672,12.541],[92.672,12.541],[92.673,12.542],[92.673,12.542],[92.674,12.542],[92.675,12.542],[92.675,12.542],[92.676,12.542],[92.677,12.542],[92.677,12.542],[92.677,12.542],[92.678,12.541],[92.678,12.541],[92.679,12.541],[92.679,12.541],[92.679,12.541]]],[[[92.702,12.638],[92.702,12.638],[92.702,12.638],[92.701,12.639],[92.701,12.639],[92.701,12.64],[92.701,12.64],[92.702,12.641],[92.702,12.641],[92.703,12.641],[92.703,12.64],[92.703,12.639],[92.703,12.639],[92.703,12.638],[92.703,12.638],[92.702,12.638]]],[[[92.731,12.703],[92.731,12.703],[92.731,12.703],[92.731,12.703],[92.731,12.703],[92.731,12.705],[92.731,12.705],[92.732,12.704],[92.732,12.704],[92.732,12.704],[92.732,12.703],[92.733,12.703],[92.733,12.703],[92.731,12.703]]],[[[92.724,12.737],[92.724,12.736],[92.726,12.736],[92.726,12.736],[92.727,12.736],[92.727,12.735],[92.728,12.735],[92.728,12.734],[92.728,12.733],[92.728,12.733],[92.729,12.733],[92.729,12.732],[92.729,12.731],[92.729,12.731],[92.73,12.731],[92.73,12.729],[92.729,12.729],[92.729,12.728],[92.729,12.728],[92.728,12.728],[92.728,12.727],[92.728,12.727],[92.727,12.727],[92.727,12.727],[92.727,12.727],[92.727,12.728],[92.726,12.728],[92.726,12.73],[92.726,12.73],[92.726,12.731],[92.726,12.731],[92.726,12.732],[92.725,12.732],[92.725,12.733],[92.725,12.733],[92.726,12.733],[92.726,12.733],[92.725,12.733],[92.725,12.733],[92.725,12.733],[92.725,12.734],[92.725,12.734],[92.725,12.734],[92.724,12.734],[92.724,12.735],[92.723,12.735],[92.723,12.736],[92.723,12.736],[92.724,12.737],[92.724,12.737]]],[[[92.727,12.751],[92.727,12.751],[92.726,12.751],[92.726,12.752],[92.726,12.752],[92.726,12.752],[92.725,12.752],[92.725,12.753],[92.725,12.753],[92.725,12.754],[92.725,12.754],[92.726,12.754],[92.726,12.754],[92.726,12.754],[92.727,12.753],[92.727,12.753],[92.727,12.753],[92.727,12.752],[92.727,12.752],[92.727,12.751],[92.727,12.751]]],[[[92.656,12.769],[92.656,12.769],[92.655,12.769],[92.655,12.769],[92.655,12.77],[92.654,12.771],[92.654,12.771],[92.655,12.772],[92.655,12.773],[92.655,12.773],[92.656,12.774],[92.656,12.774],[92.657,12.774],[92.657,12.774],[92.658,12.773],[92.657,12.773],[92.657,12.772],[92.657,12.772],[92.656,12.771],[92.656,12.771],[92.657,12.77],[92.656,12.769],[92.656,12.769]]],[[[92.717,12.775],[92.716,12.775],[92.716,12.775],[92.716,12.776],[92.716,12.777],[92.716,12.777],[92.716,12.777],[92.717,12.777],[92.718,12.776],[92.718,12.776],[92.717,12.775],[92.717,12.775]]],[[[92.725,12.762],[92.724,12.762],[92.724,12.762],[92.723,12.764],[92.723,12.764],[92.721,12.766],[92.721,12.767],[92.721,12.767],[92.721,12.767],[92.72,12.768],[92.72,12.768],[92.719,12.769],[92.719,12.77],[92.718,12.771],[92.718,12.772],[92.718,12.773],[92.719,12.774],[92.719,12.774],[92.719,12.775],[92.719,12.775],[92.719,12.776],[92.719,12.776],[92.719,12.776],[92.72,12.777],[92.72,12.777],[92.72,12.778],[92.719,12.778],[92.715,12.778],[92.715,12.779],[92.716,12.78],[92.716,12.781],[92.717,12.782],[92.718,12.782],[92.718,12.784],[92.717,12.784],[92.717,12.785],[92.717,12.785],[92.717,12.785],[92.717,12.786],[92.717,12.786],[92.717,12.786],[92.717,12.787],[92.717,12.788],[92.717,12.788],[92.718,12.788],[92.718,12.787],[92.719,12.787],[92.719,12.786],[92.719,12.786],[92.72,12.786],[92.72,12.786],[92.72,12.785],[92.72,12.785],[92.72,12.785],[92.72,12.784],[92.721,12.784],[92.721,12.782],[92.721,12.782],[92.721,12.782],[92.721,12.782],[92.721,12.781],[92.721,12.781],[92.721,12.78],[92.722,12.779],[92.722,12.779],[92.722,12.779],[92.722,12.777],[92.722,12.776],[92.722,12.774],[92.723,12.774],[92.723,12.774],[92.723,12.774],[92.723,12.773],[92.723,12.773],[92.723,12.772],[92.723,12.772],[92.724,12.772],[92.724,12.771],[92.723,12.771],[92.724,12.771],[92.724,12.77],[92.724,12.77],[92.724,12.769],[92.724,12.769],[92.724,12.769],[92.724,12.768],[92.724,12.768],[92.724,12.767],[92.724,12.767],[92.724,12.767],[92.725,12.767],[92.725,12.764],[92.725,12.763],[92.725,12.763],[92.725,12.763],[92.725,12.762],[92.725,12.762],[92.725,12.762]]],[[[92.716,12.797],[92.716,12.797],[92.717,12.797],[92.717,12.796],[92.716,12.796],[92.716,12.795],[92.716,12.795],[92.715,12.795],[92.715,12.796],[92.715,12.796],[92.715,12.797],[92.716,12.797],[92.716,12.797]]],[[[92.717,12.801],[92.717,12.8],[92.717,12.8],[92.717,12.799],[92.717,12.798],[92.716,12.798],[92.716,12.799],[92.716,12.799],[92.716,12.801],[92.716,12.801],[92.716,12.801],[92.717,12.801],[92.717,12.801]]],[[[92.718,12.803],[92.717,12.803],[92.716,12.803],[92.716,12.803],[92.716,12.803],[92.716,12.804],[92.716,12.804],[92.717,12.804],[92.718,12.804],[92.718,12.803]]],[[[92.711,12.829],[92.711,12.829],[92.712,12.829],[92.712,12.829],[92.712,12.829],[92.713,12.83],[92.713,12.83],[92.713,12.829],[92.714,12.829],[92.714,12.829],[92.714,12.829],[92.715,12.829],[92.715,12.828],[92.715,12.828],[92.715,12.827],[92.715,12.827],[92.715,12.826],[92.715,12.826],[92.715,12.825],[92.715,12.825],[92.714,12.824],[92.714,12.824],[92.714,12.823],[92.714,12.823],[92.714,12.822],[92.714,12.822],[92.714,12.822],[92.714,12.821],[92.713,12.82],[92.713,12.82],[92.713,12.819],[92.713,12.818],[92.713,12.818],[92.713,12.817],[92.713,12.816],[92.713,12.816],[92.713,12.815],[92.713,12.815],[92.713,12.814],[92.713,12.814],[92.713,12.813],[92.713,12.813],[92.713,12.812],[92.713,12.812],[92.713,12.811],[92.713,12.811],[92.713,12.81],[92.713,12.809],[92.713,12.809],[92.713,12.808],[92.713,12.807],[92.713,12.806],[92.713,12.806],[92.713,12.805],[92.713,12.804],[92.713,12.804],[92.713,12.803],[92.713,12.802],[92.713,12.802],[92.713,12.801],[92.713,12.801],[92.713,12.796],[92.713,12.796],[92.713,12.795],[92.713,12.795],[92.713,12.794],[92.713,12.794],[92.713,12.793],[92.713,12.792],[92.713,12.792],[92.714,12.791],[92.714,12.791],[92.714,12.79],[92.714,12.79],[92.714,12.79],[92.714,12.789],[92.714,12.789],[92.714,12.788],[92.714,12.788],[92.714,12.787],[92.714,12.787],[92.714,12.786],[92.714,12.786],[92.714,12.785],[92.714,12.785],[92.714,12.785],[92.714,12.784],[92.713,12.784],[92.713,12.784],[92.713,12.784],[92.713,12.783],[92.713,12.783],[92.713,12.782],[92.713,12.782],[92.713,12.781],[92.713,12.781],[92.713,12.78],[92.713,12.78],[92.713,12.779],[92.712,12.779],[92.712,12.778],[92.712,12.778],[92.712,12.777],[92.712,12.777],[92.713,12.776],[92.713,12.776],[92.713,12.775],[92.713,12.775],[92.713,12.775],[92.713,12.774],[92.713,12.774],[92.713,12.773],[92.714,12.773],[92.714,12.773],[92.714,12.772],[92.715,12.772],[92.715,12.772],[92.715,12.772],[92.715,12.771],[92.716,12.771],[92.716,12.771],[92.716,12.77],[92.716,12.77],[92.717,12.77],[92.717,12.769],[92.717,12.769],[92.717,12.769],[92.718,12.768],[92.718,12.768],[92.718,12.768],[92.718,12.768],[92.719,12.767],[92.719,12.767],[92.719,12.767],[92.719,12.766],[92.719,12.766],[92.72,12.765],[92.72,12.765],[92.72,12.765],[92.72,12.764],[92.721,12.764],[92.721,12.763],[92.721,12.763],[92.721,12.763],[92.721,12.762],[92.722,12.762],[92.722,12.762],[92.722,12.761],[92.722,12.761],[92.722,12.76],[92.722,12.76],[92.723,12.759],[92.723,12.759],[92.723,12.759],[92.723,12.758],[92.723,12.758],[92.724,12.757],[92.724,12.757],[92.724,12.756],[92.724,12.756],[92.724,12.756],[92.724,12.755],[92.725,12.754],[92.725,12.754],[92.725,12.753],[92.725,12.753],[92.725,12.753],[92.725,12.752],[92.725,12.751],[92.725,12.751],[92.725,12.751],[92.725,12.75],[92.725,12.75],[92.725,12.749],[92.726,12.749],[92.726,12.748],[92.725,12.747],[92.725,12.747],[92.725,12.746],[92.725,12.746],[92.725,12.745],[92.724,12.745],[92.724,12.744],[92.724,12.744],[92.724,12.744],[92.724,12.743],[92.724,12.743],[92.724,12.743],[92.724,12.743],[92.723,12.743],[92.723,12.743],[92.723,12.743],[92.722,12.744],[92.722,12.744],[92.722,12.744],[92.722,12.745],[92.722,12.745],[92.722,12.746],[92.721,12.746],[92.721,12.746],[92.721,12.747],[92.721,12.747],[92.721,12.748],[92.721,12.748],[92.721,12.749],[92.721,12.749],[92.721,12.749],[92.721,12.75],[92.721,12.75],[92.721,12.75],[92.721,12.751],[92.72,12.751],[92.72,12.751],[92.72,12.751],[92.72,12.751],[92.72,12.751],[92.719,12.751],[92.719,12.751],[92.719,12.75],[92.719,12.75],[92.719,12.749],[92.719,12.749],[92.719,12.748],[92.719,12.748],[92.719,12.747],[92.719,12.747],[92.719,12.747],[92.719,12.746],[92.719,12.746],[92.719,12.745],[92.719,12.745],[92.719,12.744],[92.718,12.744],[92.718,12.743],[92.718,12.743],[92.718,12.743],[92.718,12.743],[92.718,12.742],[92.718,12.742],[92.718,12.742],[92.719,12.741],[92.719,12.741],[92.719,12.74],[92.719,12.74],[92.718,12.739],[92.718,12.739],[92.718,12.739],[92.718,12.738],[92.718,12.738],[92.718,12.737],[92.718,12.737],[92.718,12.736],[92.718,12.736],[92.718,12.736],[92.718,12.735],[92.718,12.735],[92.718,12.734],[92.718,12.734],[92.718,12.733],[92.718,12.733],[92.719,12.733],[92.719,12.732],[92.719,12.732],[92.719,12.732],[92.719,12.731],[92.719,12.731],[92.719,12.731],[92.719,12.731],[92.719,12.73],[92.719,12.73],[92.719,12.73],[92.719,12.73],[92.72,12.729],[92.72,12.729],[92.72,12.728],[92.719,12.728],[92.719,12.728],[92.719,12.727],[92.719,12.727],[92.719,12.726],[92.719,12.726],[92.72,12.725],[92.72,12.725],[92.72,12.724],[92.72,12.724],[92.72,12.723],[92.72,12.723],[92.72,12.722],[92.719,12.722],[92.719,12.721],[92.719,12.721],[92.719,12.72],[92.719,12.72],[92.718,12.719],[92.718,12.719],[92.718,12.719],[92.717,12.719],[92.717,12.719],[92.717,12.719],[92.716,12.72],[92.716,12.72],[92.716,12.72],[92.715,12.72],[92.715,12.72],[92.715,12.72],[92.714,12.72],[92.714,12.72],[92.713,12.719],[92.713,12.72],[92.712,12.72],[92.712,12.72],[92.712,12.72],[92.711,12.72],[92.711,12.72],[92.71,12.72],[92.71,12.72],[92.71,12.72],[92.709,12.72],[92.709,12.72],[92.708,12.72],[92.708,12.72],[92.708,12.72],[92.708,12.72],[92.708,12.721],[92.708,12.721],[92.709,12.721],[92.709,12.722],[92.709,12.722],[92.71,12.723],[92.71,12.723],[92.71,12.723],[92.71,12.724],[92.71,12.724],[92.711,12.725],[92.711,12.725],[92.711,12.725],[92.711,12.726],[92.71,12.726],[92.71,12.726],[92.71,12.727],[92.711,12.727],[92.711,12.728],[92.711,12.728],[92.711,12.728],[92.711,12.728],[92.711,12.729],[92.711,12.729],[92.71,12.728],[92.71,12.728],[92.71,12.728],[92.71,12.727],[92.71,12.727],[92.709,12.728],[92.709,12.728],[92.709,12.729],[92.709,12.73],[92.709,12.73],[92.709,12.73],[92.709,12.731],[92.709,12.731],[92.709,12.731],[92.709,12.732],[92.709,12.732],[92.71,12.733],[92.71,12.733],[92.711,12.734],[92.711,12.734],[92.711,12.735],[92.711,12.735],[92.711,12.736],[92.712,12.736],[92.712,12.736],[92.712,12.737],[92.712,12.737],[92.712,12.737],[92.713,12.738],[92.713,12.738],[92.713,12.739],[92.713,12.739],[92.713,12.74],[92.713,12.741],[92.713,12.741],[92.713,12.742],[92.713,12.742],[92.712,12.742],[92.712,12.743],[92.712,12.743],[92.712,12.743],[92.712,12.744],[92.712,12.744],[92.712,12.745],[92.712,12.745],[92.712,12.746],[92.711,12.746],[92.711,12.746],[92.711,12.747],[92.711,12.747],[92.711,12.747],[92.711,12.748],[92.711,12.748],[92.711,12.749],[92.711,12.749],[92.711,12.749],[92.711,12.75],[92.711,12.75],[92.711,12.751],[92.711,12.752],[92.711,12.752],[92.712,12.753],[92.712,12.753],[92.712,12.754],[92.712,12.754],[92.711,12.755],[92.711,12.755],[92.711,12.756],[92.711,12.756],[92.711,12.757],[92.711,12.757],[92.711,12.758],[92.711,12.759],[92.711,12.76],[92.711,12.76],[92.711,12.761],[92.711,12.761],[92.711,12.762],[92.711,12.763],[92.71,12.763],[92.71,12.764],[92.71,12.764],[92.71,12.765],[92.71,12.765],[92.71,12.766],[92.709,12.766],[92.709,12.766],[92.709,12.767],[92.709,12.767],[92.709,12.768],[92.709,12.768],[92.709,12.769],[92.709,12.769],[92.709,12.77],[92.709,12.771],[92.709,12.771],[92.709,12.772],[92.71,12.772],[92.709,12.773],[92.709,12.773],[92.709,12.774],[92.709,12.774],[92.709,12.774],[92.709,12.774],[92.709,12.775],[92.709,12.775],[92.709,12.775],[92.709,12.776],[92.709,12.776],[92.709,12.776],[92.709,12.777],[92.708,12.777],[92.708,12.777],[92.708,12.778],[92.707,12.778],[92.707,12.779],[92.707,12.779],[92.707,12.78],[92.707,12.78],[92.706,12.78],[92.706,12.781],[92.706,12.781],[92.705,12.781],[92.705,12.782],[92.705,12.782],[92.704,12.782],[92.704,12.782],[92.703,12.783],[92.703,12.783],[92.703,12.783],[92.703,12.784],[92.703,12.784],[92.702,12.784],[92.702,12.784],[92.702,12.785],[92.701,12.785],[92.701,12.785],[92.701,12.786],[92.7,12.786],[92.7,12.786],[92.699,12.787],[92.699,12.787],[92.699,12.788],[92.699,12.788],[92.699,12.789],[92.699,12.789],[92.699,12.789],[92.699,12.79],[92.698,12.79],[92.698,12.79],[92.698,12.79],[92.698,12.791],[92.697,12.791],[92.697,12.791],[92.697,12.792],[92.697,12.792],[92.696,12.793],[92.696,12.793],[92.696,12.793],[92.696,12.794],[92.696,12.794],[92.695,12.794],[92.695,12.794],[92.695,12.795],[92.695,12.795],[92.695,12.795],[92.695,12.796],[92.695,12.796],[92.695,12.797],[92.695,12.797],[92.695,12.798],[92.695,12.798],[92.695,12.798],[92.695,12.799],[92.695,12.799],[92.695,12.8],[92.696,12.801],[92.696,12.801],[92.697,12.801],[92.697,12.802],[92.697,12.802],[92.698,12.801],[92.698,12.801],[92.699,12.801],[92.699,12.801],[92.699,12.801],[92.699,12.801],[92.7,12.8],[92.7,12.8],[92.7,12.8],[92.701,12.801],[92.701,12.801],[92.7,12.801],[92.7,12.801],[92.7,12.802],[92.7,12.802],[92.7,12.802],[92.699,12.803],[92.699,12.803],[92.699,12.803],[92.699,12.804],[92.699,12.804],[92.699,12.804],[92.699,12.805],[92.699,12.805],[92.699,12.805],[92.699,12.806],[92.699,12.806],[92.699,12.806],[92.7,12.806],[92.7,12.807],[92.7,12.807],[92.7,12.807],[92.7,12.807],[92.7,12.808],[92.7,12.808],[92.7,12.809],[92.7,12.809],[92.701,12.81],[92.701,12.81],[92.701,12.811],[92.701,12.811],[92.701,12.811],[92.701,12.811],[92.702,12.812],[92.702,12.812],[92.702,12.813],[92.702,12.813],[92.702,12.813],[92.702,12.814],[92.702,12.814],[92.702,12.815],[92.702,12.815],[92.703,12.815],[92.703,12.816],[92.703,12.816],[92.704,12.816],[92.704,12.816],[92.705,12.816],[92.705,12.816],[92.705,12.816],[92.705,12.817],[92.706,12.817],[92.706,12.817],[92.706,12.818],[92.706,12.818],[92.706,12.819],[92.706,12.819],[92.707,12.82],[92.707,12.82],[92.707,12.821],[92.707,12.821],[92.707,12.822],[92.707,12.822],[92.707,12.823],[92.707,12.823],[92.707,12.823],[92.707,12.824],[92.707,12.824],[92.707,12.824],[92.707,12.825],[92.707,12.825],[92.707,12.825],[92.707,12.826],[92.707,12.826],[92.707,12.826],[92.707,12.827],[92.707,12.827],[92.707,12.827],[92.707,12.828],[92.707,12.828],[92.708,12.829],[92.708,12.829],[92.708,12.83],[92.708,12.83],[92.709,12.83],[92.709,12.83],[92.709,12.83],[92.71,12.83],[92.71,12.829],[92.71,12.829],[92.711,12.829],[92.711,12.829]]],[[[92.728,12.836],[92.728,12.836],[92.728,12.836],[92.728,12.835],[92.727,12.835],[92.727,12.834],[92.727,12.834],[92.727,12.833],[92.726,12.832],[92.725,12.832],[92.725,12.833],[92.725,12.833],[92.725,12.833],[92.725,12.834],[92.725,12.834],[92.725,12.834],[92.725,12.835],[92.725,12.836],[92.726,12.836],[92.726,12.837],[92.726,12.838],[92.727,12.838],[92.728,12.838],[92.728,12.836],[92.728,12.836]]],[[[92.732,12.856],[92.732,12.856],[92.731,12.856],[92.731,12.855],[92.731,12.855],[92.731,12.855],[92.731,12.855],[92.73,12.855],[92.73,12.855],[92.73,12.855],[92.729,12.855],[92.729,12.856],[92.73,12.856],[92.732,12.856]]],[[[92.729,12.864],[92.729,12.863],[92.729,12.863],[92.729,12.863],[92.729,12.863],[92.73,12.863],[92.73,12.863],[92.73,12.862],[92.73,12.861],[92.729,12.86],[92.729,12.86],[92.729,12.859],[92.727,12.858],[92.727,12.857],[92.726,12.856],[92.726,12.856],[92.726,12.855],[92.725,12.855],[92.725,12.854],[92.725,12.854],[92.725,12.853],[92.725,12.853],[92.726,12.852],[92.726,12.851],[92.725,12.851],[92.724,12.85],[92.725,12.85],[92.724,12.849],[92.724,12.848],[92.724,12.848],[92.724,12.848],[92.724,12.847],[92.724,12.847],[92.723,12.847],[92.723,12.847],[92.723,12.846],[92.723,12.846],[92.723,12.846],[92.722,12.845],[92.722,12.845],[92.722,12.843],[92.722,12.843],[92.721,12.842],[92.721,12.842],[92.721,12.841],[92.721,12.84],[92.72,12.839],[92.72,12.838],[92.72,12.838],[92.72,12.837],[92.719,12.837],[92.719,12.837],[92.719,12.837],[92.719,12.836],[92.719,12.836],[92.719,12.836],[92.719,12.836],[92.719,12.835],[92.718,12.835],[92.717,12.834],[92.717,12.834],[92.716,12.833],[92.716,12.833],[92.715,12.833],[92.715,12.833],[92.713,12.833],[92.713,12.834],[92.713,12.834],[92.711,12.834],[92.711,12.834],[92.71,12.834],[92.71,12.834],[92.71,12.835],[92.709,12.835],[92.709,12.835],[92.708,12.836],[92.709,12.837],[92.708,12.837],[92.708,12.837],[92.708,12.838],[92.709,12.839],[92.709,12.839],[92.709,12.839],[92.709,12.84],[92.709,12.84],[92.71,12.84],[92.71,12.841],[92.71,12.841],[92.71,12.841],[92.71,12.841],[92.71,12.842],[92.711,12.842],[92.711,12.842],[92.711,12.842],[92.711,12.843],[92.711,12.843],[92.711,12.843],[92.711,12.844],[92.711,12.844],[92.713,12.844],[92.713,12.844],[92.713,12.843],[92.713,12.843],[92.713,12.844],[92.713,12.844],[92.713,12.845],[92.713,12.845],[92.713,12.846],[92.713,12.847],[92.713,12.847],[92.713,12.848],[92.714,12.849],[92.714,12.85],[92.715,12.851],[92.715,12.852],[92.715,12.853],[92.716,12.853],[92.716,12.853],[92.716,12.854],[92.717,12.854],[92.717,12.856],[92.717,12.856],[92.717,12.856],[92.717,12.858],[92.718,12.858],[92.718,12.857],[92.718,12.857],[92.719,12.857],[92.719,12.858],[92.718,12.858],[92.718,12.858],[92.718,12.859],[92.717,12.859],[92.718,12.859],[92.719,12.859],[92.719,12.859],[92.719,12.859],[92.72,12.859],[92.72,12.859],[92.721,12.86],[92.721,12.86],[92.721,12.861],[92.72,12.861],[92.72,12.861],[92.72,12.862],[92.72,12.862],[92.72,12.863],[92.72,12.863],[92.72,12.864],[92.72,12.864],[92.723,12.864],[92.723,12.864],[92.724,12.864],[92.724,12.864],[92.724,12.864],[92.724,12.864],[92.726,12.865],[92.728,12.865],[92.727,12.865],[92.728,12.865],[92.729,12.864]]],[[[92.779,12.865],[92.778,12.865],[92.778,12.865],[92.778,12.865],[92.778,12.865],[92.777,12.865],[92.777,12.865],[92.777,12.865],[92.776,12.865],[92.776,12.865],[92.776,12.865],[92.776,12.866],[92.776,12.866],[92.776,12.866],[92.776,12.866],[92.777,12.866],[92.777,12.866],[92.777,12.867],[92.777,12.867],[92.777,12.867],[92.778,12.867],[92.778,12.867],[92.778,12.866],[92.778,12.866],[92.779,12.866],[92.779,12.866],[92.779,12.865],[92.779,12.865],[92.779,12.865]]],[[[92.765,12.855],[92.765,12.855],[92.765,12.855],[92.764,12.855],[92.764,12.855],[92.763,12.856],[92.763,12.856],[92.763,12.857],[92.763,12.857],[92.763,12.858],[92.763,12.858],[92.763,12.859],[92.762,12.86],[92.762,12.86],[92.763,12.86],[92.763,12.861],[92.763,12.861],[92.763,12.862],[92.763,12.862],[92.763,12.863],[92.763,12.863],[92.763,12.864],[92.763,12.864],[92.763,12.865],[92.762,12.865],[92.762,12.866],[92.762,12.866],[92.762,12.867],[92.761,12.867],[92.761,12.868],[92.761,12.868],[92.761,12.869],[92.762,12.869],[92.762,12.869],[92.762,12.87],[92.762,12.87],[92.763,12.87],[92.763,12.87],[92.764,12.87],[92.764,12.871],[92.764,12.871],[92.764,12.871],[92.765,12.871],[92.765,12.872],[92.765,12.872],[92.765,12.872],[92.766,12.873],[92.766,12.872],[92.767,12.872],[92.767,12.872],[92.767,12.871],[92.767,12.871],[92.767,12.87],[92.766,12.87],[92.766,12.87],[92.766,12.869],[92.766,12.869],[92.766,12.868],[92.766,12.868],[92.766,12.867],[92.766,12.867],[92.766,12.867],[92.766,12.865],[92.766,12.865],[92.766,12.864],[92.766,12.864],[92.766,12.864],[92.766,12.863],[92.766,12.863],[92.766,12.863],[92.766,12.862],[92.766,12.862],[92.767,12.861],[92.767,12.861],[92.767,12.86],[92.767,12.86],[92.767,12.859],[92.767,12.859],[92.767,12.858],[92.767,12.858],[92.767,12.857],[92.767,12.857],[92.767,12.856],[92.767,12.856],[92.766,12.855],[92.766,12.855],[92.765,12.855]]],[[[92.76,12.878],[92.76,12.878],[92.76,12.878],[92.76,12.878],[92.76,12.877],[92.76,12.877],[92.759,12.877],[92.759,12.876],[92.759,12.876],[92.757,12.876],[92.757,12.878],[92.757,12.878],[92.758,12.878],[92.758,12.878],[92.758,12.878],[92.758,12.878],[92.76,12.878],[92.76,12.878]]],[[[92.786,12.893],[92.786,12.893],[92.786,12.893],[92.787,12.893],[92.787,12.893],[92.787,12.893],[92.788,12.893],[92.788,12.893],[92.788,12.893],[92.789,12.893],[92.789,12.893],[92.79,12.893],[92.79,12.892],[92.791,12.892],[92.791,12.892],[92.792,12.891],[92.792,12.891],[92.792,12.891],[92.791,12.89],[92.791,12.89],[92.791,12.89],[92.791,12.89],[92.791,12.889],[92.791,12.888],[92.791,12.888],[92.791,12.888],[92.79,12.888],[92.79,12.887],[92.79,12.887],[92.79,12.886],[92.791,12.885],[92.791,12.885],[92.79,12.884],[92.79,12.884],[92.789,12.883],[92.789,12.883],[92.788,12.883],[92.787,12.883],[92.787,12.883],[92.787,12.883],[92.786,12.882],[92.786,12.882],[92.786,12.882],[92.786,12.882],[92.785,12.882],[92.785,12.882],[92.785,12.883],[92.784,12.883],[92.784,12.883],[92.784,12.883],[92.784,12.883],[92.783,12.883],[92.782,12.884],[92.782,12.885],[92.782,12.885],[92.782,12.886],[92.782,12.886],[92.782,12.886],[92.783,12.887],[92.783,12.889],[92.782,12.889],[92.782,12.889],[92.782,12.89],[92.782,12.891],[92.782,12.891],[92.782,12.891],[92.782,12.892],[92.782,12.892],[92.783,12.893],[92.783,12.893],[92.783,12.893],[92.784,12.893],[92.784,12.893],[92.784,12.893],[92.784,12.893],[92.786,12.893]]],[[[92.894,12.899],[92.894,12.899],[92.894,12.899],[92.894,12.898],[92.894,12.898],[92.894,12.898],[92.894,12.898],[92.894,12.897],[92.893,12.897],[92.893,12.897],[92.893,12.897],[92.892,12.897],[92.892,12.897],[92.892,12.897],[92.892,12.897],[92.892,12.898],[92.892,12.898],[92.892,12.898],[92.892,12.898],[92.892,12.899],[92.892,12.899],[92.892,12.899],[92.892,12.899],[92.892,12.899],[92.892,12.9],[92.892,12.9],[92.893,12.9],[92.893,12.9],[92.893,12.9],[92.893,12.9],[92.893,12.899],[92.893,12.899],[92.893,12.899],[92.893,12.899],[92.893,12.899],[92.894,12.899],[92.894,12.899],[92.894,12.899],[92.894,12.899]]],[[[92.755,12.913],[92.755,12.912],[92.755,12.912],[92.755,12.911],[92.756,12.911],[92.756,12.911],[92.756,12.911],[92.756,12.91],[92.756,12.91],[92.756,12.909],[92.756,12.909],[92.756,12.909],[92.757,12.909],[92.757,12.908],[92.758,12.908],[92.758,12.905],[92.757,12.905],[92.757,12.903],[92.757,12.903],[92.757,12.9],[92.757,12.898],[92.757,12.898],[92.757,12.894],[92.756,12.894],[92.756,12.893],[92.756,12.893],[92.756,12.891],[92.755,12.891],[92.755,12.891],[92.755,12.89],[92.755,12.89],[92.754,12.89],[92.754,12.889],[92.753,12.889],[92.753,12.889],[92.753,12.889],[92.753,12.89],[92.753,12.89],[92.753,12.891],[92.752,12.891],[92.752,12.891],[92.751,12.891],[92.751,12.89],[92.75,12.89],[92.75,12.891],[92.75,12.891],[92.75,12.891],[92.749,12.891],[92.749,12.892],[92.749,12.892],[92.749,12.893],[92.748,12.893],[92.748,12.893],[92.749,12.893],[92.749,12.895],[92.749,12.895],[92.749,12.896],[92.749,12.896],[92.749,12.897],[92.75,12.897],[92.75,12.897],[92.75,12.897],[92.75,12.897],[92.752,12.897],[92.752,12.895],[92.752,12.895],[92.752,12.894],[92.752,12.894],[92.753,12.894],[92.753,12.893],[92.753,12.893],[92.753,12.893],[92.754,12.893],[92.754,12.893],[92.754,12.893],[92.754,12.894],[92.754,12.894],[92.754,12.895],[92.753,12.895],[92.753,12.896],[92.753,12.896],[92.753,12.896],[92.754,12.896],[92.754,12.896],[92.754,12.897],[92.755,12.897],[92.755,12.898],[92.755,12.898],[92.755,12.898],[92.755,12.898],[92.755,12.901],[92.755,12.901],[92.755,12.901],[92.755,12.901],[92.755,12.901],[92.754,12.901],[92.754,12.9],[92.754,12.9],[92.754,12.901],[92.753,12.901],[92.753,12.902],[92.754,12.902],[92.754,12.903],[92.754,12.903],[92.754,12.905],[92.753,12.905],[92.753,12.905],[92.754,12.905],[92.754,12.908],[92.754,12.909],[92.754,12.909],[92.754,12.909],[92.754,12.911],[92.755,12.911],[92.755,12.912],[92.754,12.912],[92.754,12.913],[92.755,12.913],[92.755,12.913]]],[[[92.865,12.912],[92.864,12.912],[92.864,12.913],[92.863,12.914],[92.863,12.914],[92.864,12.914],[92.865,12.914],[92.865,12.914],[92.865,12.913],[92.865,12.913],[92.865,12.912]]],[[[92.795,12.911],[92.795,12.911],[92.796,12.91],[92.796,12.91],[92.796,12.91],[92.797,12.909],[92.797,12.908],[92.797,12.908],[92.797,12.907],[92.797,12.907],[92.797,12.906],[92.797,12.906],[92.797,12.905],[92.797,12.905],[92.797,12.905],[92.797,12.905],[92.797,12.904],[92.797,12.904],[92.797,12.904],[92.798,12.903],[92.798,12.903],[92.798,12.902],[92.798,12.902],[92.798,12.901],[92.798,12.901],[92.799,12.9],[92.799,12.9],[92.799,12.899],[92.8,12.899],[92.8,12.899],[92.8,12.898],[92.8,12.898],[92.8,12.897],[92.8,12.897],[92.8,12.896],[92.799,12.896],[92.799,12.895],[92.799,12.895],[92.799,12.895],[92.798,12.894],[92.798,12.894],[92.797,12.894],[92.797,12.893],[92.796,12.893],[92.795,12.893],[92.795,12.893],[92.794,12.893],[92.794,12.892],[92.794,12.892],[92.793,12.892],[92.793,12.892],[92.793,12.892],[92.792,12.892],[92.792,12.893],[92.791,12.893],[92.791,12.893],[92.79,12.893],[92.789,12.893],[92.789,12.894],[92.789,12.894],[92.788,12.894],[92.788,12.894],[92.787,12.894],[92.787,12.894],[92.787,12.894],[92.787,12.894],[92.786,12.894],[92.786,12.894],[92.784,12.894],[92.784,12.895],[92.783,12.895],[92.783,12.896],[92.783,12.896],[92.783,12.897],[92.783,12.897],[92.784,12.897],[92.785,12.898],[92.785,12.898],[92.786,12.898],[92.786,12.898],[92.787,12.899],[92.787,12.899],[92.788,12.899],[92.788,12.9],[92.788,12.9],[92.788,12.9],[92.789,12.901],[92.789,12.901],[92.789,12.901],[92.789,12.902],[92.789,12.902],[92.79,12.902],[92.79,12.903],[92.789,12.903],[92.789,12.903],[92.789,12.904],[92.789,12.904],[92.789,12.904],[92.789,12.905],[92.788,12.905],[92.788,12.905],[92.787,12.905],[92.787,12.905],[92.787,12.905],[92.786,12.905],[92.786,12.904],[92.785,12.904],[92.785,12.904],[92.784,12.904],[92.784,12.903],[92.784,12.903],[92.783,12.902],[92.783,12.902],[92.782,12.902],[92.782,12.902],[92.782,12.902],[92.781,12.902],[92.781,12.902],[92.78,12.902],[92.78,12.902],[92.779,12.902],[92.779,12.902],[92.778,12.902],[92.778,12.903],[92.777,12.903],[92.777,12.903],[92.776,12.903],[92.776,12.904],[92.775,12.904],[92.775,12.905],[92.774,12.905],[92.774,12.906],[92.774,12.907],[92.774,12.907],[92.775,12.907],[92.775,12.907],[92.775,12.908],[92.775,12.908],[92.775,12.908],[92.775,12.908],[92.775,12.909],[92.775,12.909],[92.774,12.909],[92.774,12.91],[92.774,12.91],[92.774,12.911],[92.774,12.911],[92.775,12.912],[92.775,12.912],[92.775,12.912],[92.776,12.912],[92.776,12.912],[92.777,12.912],[92.778,12.912],[92.778,12.912],[92.779,12.912],[92.779,12.912],[92.779,12.911],[92.78,12.911],[92.78,12.911],[92.78,12.911],[92.781,12.911],[92.781,12.911],[92.781,12.911],[92.782,12.911],[92.782,12.911],[92.783,12.912],[92.783,12.912],[92.784,12.912],[92.784,12.912],[92.785,12.912],[92.785,12.912],[92.786,12.912],[92.786,12.912],[92.787,12.912],[92.787,12.912],[92.787,12.913],[92.788,12.913],[92.788,12.913],[92.789,12.913],[92.789,12.913],[92.789,12.913],[92.789,12.913],[92.789,12.914],[92.79,12.914],[92.79,12.914],[92.79,12.915],[92.79,12.915],[92.79,12.916],[92.791,12.916],[92.791,12.916],[92.792,12.917],[92.792,12.916],[92.792,12.916],[92.793,12.915],[92.793,12.915],[92.793,12.914],[92.793,12.914],[92.794,12.914],[92.794,12.913],[92.794,12.913],[92.794,12.912],[92.794,12.912],[92.795,12.912],[92.795,12.911]]],[[[92.913,12.917],[92.912,12.916],[92.912,12.914],[92.912,12.914],[92.912,12.914],[92.911,12.914],[92.911,12.913],[92.911,12.913],[92.911,12.913],[92.91,12.913],[92.91,12.913],[92.909,12.913],[92.909,12.914],[92.909,12.914],[92.909,12.914],[92.909,12.914],[92.909,12.915],[92.909,12.915],[92.909,12.915],[92.91,12.915],[92.911,12.915],[92.911,12.916],[92.911,12.916],[92.911,12.916],[92.911,12.916],[92.911,12.917],[92.911,12.917],[92.911,12.917],[92.912,12.918],[92.913,12.918],[92.913,12.917]]],[[[92.768,12.918],[92.768,12.916],[92.768,12.916],[92.768,12.917],[92.767,12.917],[92.767,12.917],[92.767,12.917],[92.767,12.918],[92.768,12.918],[92.768,12.918]]],[[[92.935,12.918],[92.935,12.918],[92.936,12.918],[92.936,12.917],[92.936,12.917],[92.937,12.917],[92.937,12.915],[92.936,12.914],[92.936,12.914],[92.936,12.914],[92.936,12.913],[92.935,12.913],[92.935,12.913],[92.934,12.913],[92.934,12.913],[92.934,12.913],[92.934,12.916],[92.933,12.916],[92.933,12.916],[92.932,12.916],[92.932,12.916],[92.932,12.917],[92.931,12.917],[92.931,12.919],[92.933,12.919],[92.933,12.919],[92.933,12.919],[92.933,12.919],[92.934,12.919],[92.934,12.918],[92.935,12.918]]],[[[92.767,12.925],[92.767,12.924],[92.767,12.924],[92.767,12.923],[92.767,12.923],[92.767,12.923],[92.767,12.923],[92.767,12.922],[92.767,12.922],[92.767,12.921],[92.767,12.921],[92.767,12.92],[92.767,12.92],[92.767,12.919],[92.766,12.919],[92.766,12.919],[92.766,12.919],[92.765,12.918],[92.765,12.918],[92.765,12.917],[92.764,12.917],[92.764,12.918],[92.764,12.918],[92.764,12.919],[92.763,12.919],[92.763,12.919],[92.763,12.92],[92.763,12.921],[92.762,12.921],[92.762,12.922],[92.763,12.922],[92.764,12.923],[92.764,12.923],[92.764,12.923],[92.765,12.924],[92.766,12.924],[92.766,12.924],[92.766,12.925],[92.767,12.925]]],[[[92.899,12.916],[92.899,12.916],[92.899,12.916],[92.9,12.915],[92.9,12.915],[92.901,12.915],[92.901,12.915],[92.901,12.916],[92.902,12.916],[92.902,12.916],[92.903,12.916],[92.903,12.916],[92.904,12.916],[92.904,12.916],[92.905,12.915],[92.905,12.915],[92.906,12.915],[92.906,12.915],[92.907,12.914],[92.907,12.914],[92.908,12.913],[92.908,12.913],[92.908,12.912],[92.908,12.912],[92.908,12.912],[92.908,12.912],[92.908,12.911],[92.908,12.911],[92.908,12.91],[92.908,12.91],[92.909,12.91],[92.909,12.91],[92.909,12.91],[92.909,12.909],[92.91,12.909],[92.91,12.909],[92.91,12.909],[92.91,12.909],[92.911,12.909],[92.911,12.909],[92.911,12.909],[92.912,12.909],[92.912,12.909],[92.913,12.909],[92.913,12.909],[92.913,12.909],[92.914,12.909],[92.914,12.909],[92.914,12.909],[92.915,12.91],[92.915,12.91],[92.916,12.91],[92.916,12.91],[92.917,12.91],[92.917,12.91],[92.918,12.911],[92.918,12.911],[92.918,12.911],[92.919,12.912],[92.92,12.912],[92.92,12.913],[92.921,12.913],[92.921,12.913],[92.921,12.913],[92.922,12.912],[92.922,12.912],[92.922,12.912],[92.922,12.911],[92.922,12.911],[92.921,12.911],[92.921,12.911],[92.921,12.91],[92.92,12.91],[92.92,12.91],[92.92,12.909],[92.919,12.909],[92.919,12.909],[92.919,12.908],[92.918,12.908],[92.918,12.908],[92.918,12.907],[92.917,12.907],[92.917,12.907],[92.916,12.907],[92.916,12.906],[92.915,12.906],[92.915,12.906],[92.914,12.906],[92.914,12.906],[92.913,12.905],[92.913,12.905],[92.912,12.905],[92.912,12.905],[92.911,12.905],[92.911,12.904],[92.91,12.904],[92.91,12.903],[92.91,12.903],[92.909,12.902],[92.909,12.902],[92.909,12.901],[92.91,12.901],[92.91,12.901],[92.91,12.9],[92.91,12.9],[92.91,12.899],[92.91,12.899],[92.91,12.898],[92.91,12.898],[92.91,12.897],[92.91,12.897],[92.91,12.896],[92.91,12.896],[92.91,12.895],[92.909,12.895],[92.909,12.895],[92.909,12.894],[92.909,12.894],[92.908,12.893],[92.908,12.893],[92.908,12.893],[92.908,12.892],[92.907,12.892],[92.907,12.891],[92.907,12.891],[92.907,12.891],[92.907,12.89],[92.906,12.89],[92.906,12.889],[92.906,12.889],[92.906,12.888],[92.906,12.888],[92.906,12.888],[92.905,12.887],[92.905,12.887],[92.905,12.887],[92.905,12.886],[92.905,12.886],[92.905,12.886],[92.905,12.885],[92.905,12.885],[92.905,12.884],[92.906,12.884],[92.906,12.884],[92.906,12.883],[92.907,12.883],[92.907,12.883],[92.908,12.883],[92.908,12.883],[92.908,12.883],[92.909,12.883],[92.909,12.883],[92.909,12.883],[92.91,12.883],[92.91,12.883],[92.91,12.883],[92.911,12.884],[92.911,12.884],[92.911,12.884],[92.912,12.884],[92.912,12.884],[92.913,12.885],[92.913,12.885],[92.914,12.885],[92.914,12.885],[92.915,12.885],[92.915,12.885],[92.916,12.886],[92.918,12.886],[92.918,12.886],[92.918,12.887],[92.919,12.887],[92.919,12.888],[92.92,12.888],[92.92,12.888],[92.921,12.887],[92.921,12.887],[92.921,12.887],[92.922,12.887],[92.922,12.886],[92.922,12.886],[92.923,12.886],[92.923,12.886],[92.923,12.886],[92.923,12.886],[92.924,12.886],[92.924,12.886],[92.924,12.886],[92.924,12.886],[92.925,12.886],[92.925,12.886],[92.926,12.886],[92.927,12.885],[92.927,12.885],[92.927,12.885],[92.928,12.884],[92.928,12.884],[92.928,12.883],[92.928,12.883],[92.928,12.882],[92.928,12.882],[92.928,12.881],[92.928,12.881],[92.929,12.881],[92.929,12.88],[92.929,12.88],[92.928,12.879],[92.928,12.879],[92.928,12.878],[92.928,12.878],[92.928,12.878],[92.928,12.877],[92.928,12.877],[92.928,12.876],[92.928,12.876],[92.928,12.876],[92.928,12.875],[92.928,12.875],[92.927,12.874],[92.927,12.874],[92.927,12.873],[92.928,12.872],[92.928,12.872],[92.928,12.871],[92.928,12.871],[92.928,12.87],[92.928,12.87],[92.928,12.87],[92.928,12.869],[92.928,12.869],[92.929,12.869],[92.929,12.868],[92.929,12.868],[92.929,12.868],[92.929,12.867],[92.929,12.867],[92.929,12.866],[92.929,12.865],[92.929,12.865],[92.929,12.864],[92.929,12.863],[92.929,12.862],[92.929,12.862],[92.929,12.862],[92.929,12.861],[92.929,12.861],[92.929,12.86],[92.929,12.86],[92.929,12.86],[92.93,12.859],[92.93,12.859],[92.93,12.858],[92.93,12.858],[92.931,12.858],[92.931,12.857],[92.932,12.857],[92.932,12.857],[92.933,12.857],[92.933,12.857],[92.934,12.856],[92.934,12.856],[92.935,12.856],[92.935,12.855],[92.935,12.855],[92.935,12.855],[92.936,12.855],[92.936,12.854],[92.936,12.854],[92.937,12.854],[92.937,12.854],[92.937,12.855],[92.938,12.855],[92.938,12.855],[92.938,12.855],[92.939,12.855],[92.939,12.855],[92.94,12.856],[92.94,12.856],[92.94,12.856],[92.941,12.856],[92.941,12.855],[92.941,12.855],[92.941,12.854],[92.941,12.854],[92.941,12.853],[92.94,12.853],[92.94,12.852],[92.94,12.851],[92.94,12.851],[92.94,12.85],[92.939,12.85],[92.939,12.85],[92.939,12.849],[92.939,12.848],[92.939,12.848],[92.939,12.847],[92.939,12.846],[92.939,12.846],[92.939,12.845],[92.939,12.844],[92.939,12.844],[92.939,12.843],[92.939,12.843],[92.939,12.842],[92.939,12.842],[92.94,12.842],[92.94,12.841],[92.94,12.841],[92.94,12.841],[92.94,12.841],[92.94,12.84],[92.94,12.84],[92.94,12.84],[92.94,12.839],[92.941,12.839],[92.941,12.838],[92.941,12.837],[92.941,12.837],[92.941,12.836],[92.942,12.836],[92.942,12.836],[92.942,12.836],[92.943,12.836],[92.943,12.836],[92.943,12.837],[92.943,12.837],[92.944,12.837],[92.944,12.838],[92.944,12.838],[92.945,12.838],[92.946,12.838],[92.946,12.838],[92.947,12.837],[92.947,12.837],[92.948,12.837],[92.948,12.837],[92.948,12.836],[92.948,12.836],[92.948,12.835],[92.947,12.835],[92.947,12.834],[92.947,12.834],[92.946,12.833],[92.946,12.833],[92.946,12.833],[92.946,12.832],[92.945,12.832],[92.945,12.831],[92.945,12.831],[92.945,12.83],[92.945,12.83],[92.945,12.829],[92.945,12.829],[92.945,12.828],[92.944,12.828],[92.944,12.827],[92.944,12.827],[92.944,12.826],[92.944,12.826],[92.944,12.826],[92.945,12.825],[92.945,12.825],[92.945,12.825],[92.945,12.824],[92.946,12.824],[92.946,12.824],[92.946,12.823],[92.947,12.823],[92.947,12.823],[92.947,12.822],[92.946,12.822],[92.946,12.821],[92.946,12.821],[92.946,12.82],[92.946,12.82],[92.946,12.819],[92.947,12.819],[92.947,12.819],[92.947,12.818],[92.947,12.818],[92.947,12.817],[92.948,12.817],[92.948,12.817],[92.948,12.816],[92.949,12.816],[92.949,12.816],[92.95,12.815],[92.95,12.815],[92.951,12.814],[92.951,12.814],[92.951,12.813],[92.952,12.813],[92.952,12.812],[92.952,12.812],[92.952,12.811],[92.953,12.811],[92.953,12.81],[92.953,12.81],[92.953,12.81],[92.953,12.809],[92.953,12.809],[92.954,12.809],[92.954,12.808],[92.954,12.808],[92.954,12.807],[92.954,12.807],[92.954,12.807],[92.954,12.806],[92.954,12.806],[92.954,12.805],[92.954,12.805],[92.954,12.804],[92.954,12.804],[92.954,12.803],[92.954,12.803],[92.953,12.803],[92.953,12.802],[92.952,12.802],[92.952,12.802],[92.952,12.801],[92.951,12.801],[92.95,12.801],[92.95,12.8],[92.95,12.8],[92.949,12.799],[92.949,12.799],[92.949,12.798],[92.949,12.798],[92.95,12.797],[92.95,12.797],[92.95,12.796],[92.95,12.796],[92.95,12.796],[92.95,12.795],[92.95,12.795],[92.95,12.794],[92.949,12.794],[92.949,12.793],[92.949,12.793],[92.949,12.793],[92.948,12.792],[92.948,12.792],[92.948,12.792],[92.947,12.792],[92.947,12.792],[92.947,12.792],[92.946,12.791],[92.946,12.791],[92.945,12.791],[92.945,12.791],[92.944,12.79],[92.944,12.79],[92.943,12.79],[92.943,12.79],[92.943,12.789],[92.942,12.789],[92.942,12.789],[92.942,12.788],[92.942,12.788],[92.941,12.788],[92.941,12.787],[92.941,12.787],[92.94,12.787],[92.94,12.786],[92.94,12.786],[92.939,12.785],[92.939,12.785],[92.939,12.784],[92.939,12.784],[92.938,12.783],[92.938,12.783],[92.938,12.783],[92.938,12.783],[92.937,12.782],[92.937,12.782],[92.936,12.782],[92.936,12.782],[92.935,12.782],[92.935,12.782],[92.935,12.782],[92.935,12.782],[92.934,12.781],[92.934,12.781],[92.934,12.781],[92.934,12.78],[92.934,12.78],[92.934,12.78],[92.934,12.779],[92.934,12.779],[92.934,12.778],[92.934,12.778],[92.934,12.778],[92.934,12.777],[92.934,12.777],[92.934,12.776],[92.934,12.776],[92.934,12.775],[92.934,12.774],[92.934,12.774],[92.934,12.773],[92.935,12.773],[92.935,12.772],[92.935,12.772],[92.936,12.772],[92.936,12.771],[92.936,12.771],[92.937,12.771],[92.937,12.771],[92.938,12.77],[92.938,12.769],[92.938,12.769],[92.938,12.769],[92.938,12.768],[92.939,12.768],[92.939,12.768],[92.939,12.768],[92.939,12.768],[92.94,12.768],[92.94,12.768],[92.94,12.768],[92.94,12.768],[92.941,12.769],[92.941,12.769],[92.942,12.769],[92.942,12.769],[92.943,12.769],[92.943,12.769],[92.944,12.769],[92.944,12.77],[92.945,12.77],[92.945,12.77],[92.946,12.77],[92.946,12.77],[92.947,12.77],[92.948,12.77],[92.948,12.77],[92.949,12.77],[92.949,12.77],[92.95,12.77],[92.95,12.769],[92.95,12.769],[92.95,12.768],[92.95,12.768],[92.95,12.768],[92.95,12.767],[92.949,12.767],[92.949,12.767],[92.949,12.766],[92.949,12.766],[92.949,12.765],[92.949,12.765],[92.949,12.764],[92.949,12.764],[92.949,12.763],[92.949,12.763],[92.949,12.763],[92.949,12.762],[92.949,12.762],[92.95,12.761],[92.95,12.761],[92.95,12.76],[92.951,12.76],[92.951,12.76],[92.951,12.759],[92.952,12.759],[92.952,12.759],[92.952,12.758],[92.952,12.758],[92.952,12.758],[92.953,12.757],[92.953,12.757],[92.953,12.757],[92.954,12.757],[92.954,12.757],[92.955,12.757],[92.956,12.757],[92.956,12.756],[92.957,12.756],[92.957,12.756],[92.958,12.756],[92.958,12.756],[92.959,12.755],[92.959,12.755],[92.96,12.755],[92.96,12.755],[92.961,12.755],[92.961,12.754],[92.961,12.754],[92.962,12.754],[92.962,12.753],[92.962,12.753],[92.962,12.753],[92.963,12.753],[92.963,12.752],[92.963,12.752],[92.963,12.751],[92.963,12.751],[92.963,12.75],[92.963,12.75],[92.962,12.749],[92.962,12.749],[92.962,12.748],[92.962,12.748],[92.962,12.747],[92.963,12.747],[92.963,12.746],[92.964,12.746],[92.964,12.746],[92.964,12.745],[92.965,12.745],[92.965,12.744],[92.966,12.744],[92.966,12.743],[92.966,12.743],[92.967,12.743],[92.967,12.742],[92.968,12.742],[92.968,12.741],[92.968,12.741],[92.969,12.74],[92.969,12.739],[92.968,12.739],[92.968,12.738],[92.968,12.738],[92.968,12.737],[92.967,12.737],[92.967,12.737],[92.967,12.736],[92.967,12.736],[92.967,12.736],[92.967,12.736],[92.967,12.735],[92.967,12.735],[92.967,12.734],[92.967,12.734],[92.966,12.734],[92.966,12.733],[92.966,12.733],[92.966,12.733],[92.966,12.732],[92.965,12.732],[92.965,12.731],[92.965,12.731],[92.965,12.731],[92.965,12.73],[92.964,12.73],[92.964,12.729],[92.964,12.729],[92.964,12.728],[92.964,12.728],[92.964,12.728],[92.964,12.727],[92.965,12.727],[92.965,12.727],[92.965,12.726],[92.965,12.726],[92.965,12.726],[92.965,12.725],[92.965,12.725],[92.965,12.725],[92.965,12.724],[92.965,12.724],[92.966,12.723],[92.966,12.723],[92.966,12.722],[92.966,12.722],[92.967,12.721],[92.967,12.721],[92.967,12.72],[92.967,12.72],[92.968,12.72],[92.968,12.72],[92.969,12.72],[92.969,12.719],[92.97,12.719],[92.97,12.719],[92.971,12.72],[92.971,12.72],[92.972,12.72],[92.972,12.72],[92.973,12.72],[92.973,12.72],[92.973,12.72],[92.974,12.72],[92.974,12.719],[92.975,12.719],[92.975,12.719],[92.976,12.719],[92.976,12.718],[92.977,12.718],[92.977,12.718],[92.978,12.717],[92.978,12.717],[92.978,12.716],[92.978,12.715],[92.979,12.715],[92.979,12.714],[92.979,12.714],[92.979,12.713],[92.979,12.713],[92.979,12.712],[92.98,12.712],[92.98,12.711],[92.98,12.711],[92.98,12.71],[92.981,12.71],[92.981,12.709],[92.98,12.709],[92.98,12.708],[92.98,12.708],[92.979,12.708],[92.979,12.708],[92.978,12.708],[92.978,12.708],[92.978,12.708],[92.976,12.709],[92.975,12.711],[92.974,12.711],[92.974,12.711],[92.974,12.711],[92.973,12.712],[92.973,12.712],[92.972,12.712],[92.972,12.712],[92.972,12.711],[92.972,12.711],[92.971,12.711],[92.971,12.711],[92.971,12.711],[92.97,12.71],[92.97,12.71],[92.969,12.709],[92.969,12.709],[92.968,12.709],[92.968,12.708],[92.968,12.708],[92.967,12.708],[92.967,12.707],[92.967,12.707],[92.966,12.707],[92.966,12.707],[92.966,12.706],[92.966,12.706],[92.966,12.706],[92.966,12.705],[92.965,12.705],[92.965,12.705],[92.965,12.705],[92.965,12.704],[92.965,12.704],[92.965,12.704],[92.965,12.703],[92.965,12.703],[92.965,12.703],[92.965,12.702],[92.965,12.702],[92.965,12.701],[92.964,12.701],[92.964,12.701],[92.964,12.7],[92.964,12.7],[92.963,12.699],[92.963,12.698],[92.963,12.698],[92.963,12.697],[92.963,12.697],[92.963,12.696],[92.963,12.695],[92.963,12.695],[92.964,12.694],[92.965,12.694],[92.965,12.694],[92.966,12.693],[92.966,12.693],[92.965,12.693],[92.965,12.692],[92.965,12.69],[92.964,12.69],[92.964,12.689],[92.964,12.688],[92.964,12.688],[92.964,12.687],[92.964,12.687],[92.964,12.686],[92.964,12.685],[92.963,12.685],[92.963,12.684],[92.964,12.684],[92.964,12.683],[92.964,12.683],[92.964,12.682],[92.965,12.682],[92.965,12.681],[92.965,12.681],[92.965,12.68],[92.965,12.68],[92.965,12.679],[92.965,12.679],[92.965,12.678],[92.965,12.677],[92.965,12.677],[92.965,12.676],[92.965,12.676],[92.964,12.675],[92.964,12.675],[92.964,12.674],[92.964,12.674],[92.964,12.674],[92.963,12.673],[92.963,12.673],[92.963,12.672],[92.963,12.672],[92.963,12.671],[92.962,12.67],[92.962,12.67],[92.962,12.669],[92.962,12.669],[92.962,12.668],[92.962,12.668],[92.962,12.667],[92.962,12.667],[92.962,12.666],[92.962,12.665],[92.963,12.665],[92.963,12.664],[92.963,12.663],[92.963,12.663],[92.963,12.662],[92.963,12.661],[92.963,12.66],[92.963,12.66],[92.963,12.659],[92.963,12.658],[92.962,12.658],[92.962,12.657],[92.962,12.657],[92.962,12.656],[92.961,12.656],[92.961,12.655],[92.961,12.655],[92.961,12.654],[92.961,12.654],[92.961,12.653],[92.96,12.653],[92.96,12.652],[92.96,12.651],[92.96,12.651],[92.96,12.65],[92.96,12.65],[92.96,12.649],[92.96,12.649],[92.959,12.649],[92.959,12.648],[92.959,12.648],[92.959,12.648],[92.959,12.647],[92.959,12.647],[92.959,12.646],[92.959,12.646],[92.959,12.645],[92.959,12.645],[92.959,12.645],[92.959,12.644],[92.958,12.644],[92.958,12.643],[92.958,12.643],[92.958,12.643],[92.958,12.643],[92.958,12.642],[92.958,12.642],[92.958,12.641],[92.958,12.64],[92.958,12.64],[92.958,12.639],[92.958,12.639],[92.958,12.638],[92.958,12.637],[92.958,12.637],[92.958,12.636],[92.958,12.636],[92.958,12.635],[92.958,12.635],[92.958,12.634],[92.958,12.633],[92.958,12.633],[92.958,12.633],[92.958,12.632],[92.958,12.632],[92.958,12.631],[92.958,12.631],[92.958,12.63],[92.958,12.63],[92.958,12.629],[92.958,12.629],[92.958,12.628],[92.958,12.628],[92.958,12.627],[92.958,12.627],[92.958,12.624],[92.957,12.624],[92.957,12.623],[92.957,12.623],[92.957,12.623],[92.957,12.622],[92.958,12.621],[92.958,12.621],[92.958,12.621],[92.958,12.62],[92.958,12.619],[92.959,12.619],[92.959,12.619],[92.959,12.618],[92.958,12.618],[92.958,12.618],[92.958,12.617],[92.958,12.617],[92.958,12.616],[92.958,12.616],[92.958,12.616],[92.958,12.615],[92.957,12.615],[92.957,12.615],[92.957,12.614],[92.957,12.614],[92.957,12.613],[92.957,12.612],[92.957,12.612],[92.957,12.611],[92.957,12.611],[92.957,12.611],[92.957,12.61],[92.956,12.61],[92.956,12.61],[92.956,12.609],[92.956,12.609],[92.956,12.608],[92.956,12.608],[92.956,12.607],[92.956,12.606],[92.956,12.606],[92.957,12.605],[92.956,12.604],[92.956,12.604],[92.956,12.603],[92.956,12.602],[92.956,12.602],[92.956,12.601],[92.957,12.601],[92.957,12.6],[92.957,12.6],[92.957,12.599],[92.957,12.599],[92.958,12.599],[92.958,12.598],[92.958,12.598],[92.958,12.597],[92.958,12.596],[92.958,12.596],[92.958,12.595],[92.958,12.595],[92.957,12.594],[92.957,12.594],[92.957,12.593],[92.958,12.593],[92.958,12.593],[92.958,12.592],[92.958,12.592],[92.958,12.591],[92.958,12.591],[92.959,12.59],[92.959,12.59],[92.959,12.59],[92.959,12.589],[92.959,12.589],[92.959,12.588],[92.96,12.588],[92.96,12.588],[92.96,12.588],[92.96,12.587],[92.96,12.587],[92.96,12.587],[92.96,12.587],[92.961,12.586],[92.961,12.586],[92.961,12.586],[92.961,12.585],[92.962,12.585],[92.962,12.585],[92.962,12.584],[92.962,12.583],[92.962,12.583],[92.962,12.582],[92.962,12.582],[92.962,12.581],[92.962,12.581],[92.962,12.58],[92.962,12.58],[92.962,12.579],[92.962,12.578],[92.962,12.578],[92.962,12.577],[92.962,12.577],[92.962,12.576],[92.962,12.576],[92.962,12.575],[92.963,12.575],[92.963,12.575],[92.963,12.574],[92.964,12.574],[92.964,12.574],[92.965,12.573],[92.964,12.572],[92.964,12.572],[92.964,12.572],[92.964,12.571],[92.964,12.571],[92.965,12.57],[92.965,12.57],[92.965,12.57],[92.965,12.569],[92.966,12.569],[92.966,12.569],[92.966,12.568],[92.966,12.568],[92.966,12.567],[92.966,12.567],[92.966,12.566],[92.966,12.566],[92.967,12.566],[92.967,12.565],[92.967,12.565],[92.967,12.565],[92.967,12.564],[92.968,12.564],[92.968,12.563],[92.968,12.563],[92.969,12.562],[92.969,12.562],[92.969,12.561],[92.97,12.561],[92.97,12.56],[92.97,12.56],[92.97,12.56],[92.971,12.559],[92.971,12.559],[92.971,12.559],[92.971,12.558],[92.971,12.558],[92.971,12.557],[92.971,12.557],[92.971,12.556],[92.971,12.556],[92.971,12.556],[92.972,12.555],[92.972,12.555],[92.972,12.555],[92.972,12.554],[92.972,12.554],[92.972,12.554],[92.972,12.553],[92.972,12.553],[92.972,12.553],[92.973,12.552],[92.973,12.552],[92.973,12.551],[92.973,12.551],[92.973,12.551],[92.974,12.551],[92.974,12.55],[92.974,12.55],[92.974,12.55],[92.974,12.549],[92.974,12.547],[92.974,12.546],[92.974,12.546],[92.975,12.545],[92.975,12.545],[92.975,12.544],[92.975,12.544],[92.975,12.544],[92.975,12.543],[92.975,12.542],[92.976,12.542],[92.975,12.541],[92.975,12.541],[92.975,12.54],[92.975,12.54],[92.975,12.539],[92.975,12.539],[92.975,12.538],[92.975,12.538],[92.975,12.538],[92.975,12.537],[92.974,12.537],[92.974,12.537],[92.974,12.536],[92.974,12.536],[92.974,12.535],[92.974,12.535],[92.974,12.534],[92.975,12.534],[92.975,12.533],[92.975,12.533],[92.975,12.532],[92.975,12.532],[92.974,12.531],[92.974,12.531],[92.974,12.531],[92.974,12.531],[92.974,12.53],[92.974,12.53],[92.974,12.53],[92.974,12.529],[92.974,12.529],[92.974,12.529],[92.973,12.528],[92.973,12.528],[92.973,12.528],[92.973,12.527],[92.973,12.527],[92.973,12.526],[92.973,12.526],[92.972,12.525],[92.972,12.525],[92.972,12.524],[92.972,12.523],[92.972,12.523],[92.971,12.522],[92.971,12.522],[92.971,12.521],[92.971,12.521],[92.97,12.521],[92.97,12.52],[92.97,12.52],[92.97,12.519],[92.97,12.519],[92.97,12.518],[92.97,12.518],[92.97,12.518],[92.97,12.517],[92.969,12.517],[92.969,12.517],[92.968,12.516],[92.968,12.515],[92.967,12.515],[92.967,12.515],[92.966,12.514],[92.966,12.514],[92.966,12.512],[92.966,12.511],[92.965,12.509],[92.966,12.509],[92.966,12.505],[92.966,12.504],[92.966,12.504],[92.966,12.504],[92.966,12.503],[92.966,12.503],[92.966,12.502],[92.967,12.502],[92.967,12.501],[92.967,12.501],[92.967,12.501],[92.967,12.501],[92.967,12.5],[92.967,12.5],[92.967,12.5],[92.967,12.499],[92.968,12.498],[92.968,12.497],[92.968,12.497],[92.968,12.497],[92.968,12.496],[92.967,12.496],[92.967,12.495],[92.967,12.495],[92.965,12.494],[92.965,12.494],[92.964,12.493],[92.964,12.493],[92.964,12.492],[92.964,12.491],[92.964,12.49],[92.964,12.489],[92.964,12.489],[92.964,12.488],[92.963,12.488],[92.962,12.487],[92.962,12.487],[92.961,12.487],[92.96,12.487],[92.959,12.487],[92.959,12.487],[92.958,12.487],[92.958,12.488],[92.957,12.488],[92.957,12.489],[92.957,12.489],[92.957,12.49],[92.957,12.49],[92.957,12.491],[92.956,12.491],[92.956,12.492],[92.956,12.492],[92.955,12.492],[92.955,12.492],[92.955,12.492],[92.954,12.492],[92.954,12.493],[92.953,12.493],[92.953,12.493],[92.953,12.494],[92.952,12.494],[92.952,12.494],[92.951,12.495],[92.951,12.495],[92.951,12.496],[92.95,12.496],[92.95,12.496],[92.95,12.497],[92.95,12.497],[92.95,12.498],[92.949,12.498],[92.949,12.499],[92.949,12.499],[92.948,12.499],[92.948,12.499],[92.947,12.499],[92.947,12.499],[92.947,12.499],[92.946,12.499],[92.946,12.498],[92.946,12.498],[92.946,12.498],[92.945,12.498],[92.945,12.497],[92.945,12.497],[92.945,12.497],[92.945,12.496],[92.946,12.496],[92.946,12.495],[92.946,12.495],[92.945,12.494],[92.945,12.494],[92.945,12.494],[92.944,12.493],[92.944,12.493],[92.944,12.493],[92.944,12.493],[92.944,12.492],[92.943,12.492],[92.943,12.491],[92.943,12.491],[92.943,12.49],[92.943,12.49],[92.943,12.489],[92.942,12.489],[92.942,12.489],[92.942,12.488],[92.942,12.488],[92.942,12.487],[92.941,12.487],[92.941,12.487],[92.941,12.487],[92.941,12.486],[92.941,12.486],[92.941,12.486],[92.941,12.485],[92.941,12.485],[92.941,12.484],[92.94,12.484],[92.94,12.484],[92.94,12.483],[92.94,12.483],[92.939,12.483],[92.939,12.482],[92.939,12.482],[92.938,12.482],[92.938,12.482],[92.938,12.481],[92.937,12.481],[92.936,12.481],[92.936,12.481],[92.935,12.482],[92.935,12.482],[92.934,12.482],[92.934,12.482],[92.934,12.482],[92.933,12.482],[92.933,12.481],[92.932,12.481],[92.932,12.481],[92.932,12.48],[92.932,12.48],[92.932,12.48],[92.932,12.479],[92.932,12.479],[92.932,12.479],[92.932,12.479],[92.932,12.478],[92.932,12.478],[92.932,12.478],[92.932,12.477],[92.932,12.477],[92.931,12.476],[92.931,12.476],[92.932,12.476],[92.932,12.475],[92.932,12.475],[92.932,12.475],[92.933,12.474],[92.933,12.474],[92.934,12.474],[92.934,12.474],[92.934,12.473],[92.935,12.472],[92.935,12.472],[92.935,12.472],[92.935,12.471],[92.935,12.471],[92.935,12.47],[92.935,12.47],[92.935,12.468],[92.934,12.467],[92.933,12.467],[92.933,12.467],[92.932,12.467],[92.931,12.467],[92.931,12.467],[92.931,12.466],[92.931,12.466],[92.931,12.466],[92.934,12.466],[92.934,12.466],[92.934,12.466],[92.934,12.466],[92.934,12.466],[92.935,12.466],[92.935,12.467],[92.935,12.467],[92.936,12.467],[92.936,12.467],[92.937,12.467],[92.937,12.468],[92.938,12.468],[92.938,12.468],[92.939,12.468],[92.939,12.469],[92.94,12.469],[92.94,12.469],[92.941,12.468],[92.941,12.468],[92.942,12.468],[92.942,12.468],[92.943,12.468],[92.943,12.468],[92.943,12.469],[92.944,12.469],[92.944,12.469],[92.944,12.469],[92.944,12.47],[92.944,12.47],[92.945,12.471],[92.945,12.471],[92.945,12.472],[92.945,12.472],[92.945,12.472],[92.945,12.473],[92.945,12.473],[92.946,12.473],[92.946,12.474],[92.947,12.474],[92.947,12.474],[92.947,12.474],[92.948,12.475],[92.948,12.475],[92.949,12.475],[92.949,12.476],[92.95,12.476],[92.951,12.476],[92.951,12.476],[92.952,12.476],[92.952,12.476],[92.953,12.476],[92.953,12.476],[92.954,12.476],[92.954,12.476],[92.955,12.476],[92.955,12.476],[92.956,12.476],[92.956,12.475],[92.957,12.475],[92.957,12.475],[92.958,12.474],[92.958,12.474],[92.958,12.474],[92.959,12.473],[92.959,12.473],[92.959,12.473],[92.959,12.472],[92.958,12.472],[92.958,12.471],[92.958,12.471],[92.958,12.47],[92.958,12.47],[92.958,12.469],[92.958,12.468],[92.958,12.468],[92.958,12.467],[92.957,12.467],[92.957,12.466],[92.956,12.466],[92.956,12.466],[92.955,12.466],[92.955,12.466],[92.955,12.465],[92.954,12.465],[92.954,12.465],[92.954,12.465],[92.953,12.465],[92.953,12.465],[92.953,12.465],[92.952,12.465],[92.952,12.465],[92.951,12.465],[92.951,12.465],[92.951,12.465],[92.95,12.465],[92.95,12.464],[92.949,12.464],[92.949,12.464],[92.949,12.463],[92.948,12.463],[92.948,12.462],[92.948,12.462],[92.948,12.462],[92.948,12.462],[92.947,12.461],[92.947,12.461],[92.947,12.461],[92.946,12.461],[92.946,12.461],[92.945,12.461],[92.945,12.461],[92.945,12.461],[92.944,12.461],[92.944,12.461],[92.944,12.46],[92.944,12.46],[92.945,12.46],[92.945,12.46],[92.946,12.459],[92.946,12.459],[92.946,12.459],[92.946,12.458],[92.946,12.458],[92.946,12.458],[92.946,12.457],[92.946,12.456],[92.946,12.456],[92.945,12.455],[92.945,12.455],[92.945,12.454],[92.944,12.454],[92.944,12.454],[92.944,12.453],[92.943,12.453],[92.943,12.453],[92.943,12.452],[92.943,12.452],[92.943,12.452],[92.943,12.451],[92.942,12.451],[92.942,12.45],[92.942,12.45],[92.941,12.449],[92.941,12.449],[92.94,12.449],[92.94,12.448],[92.939,12.448],[92.939,12.448],[92.938,12.448],[92.938,12.447],[92.937,12.447],[92.937,12.447],[92.936,12.447],[92.936,12.447],[92.935,12.447],[92.935,12.447],[92.934,12.447],[92.933,12.448],[92.933,12.448],[92.932,12.448],[92.932,12.448],[92.932,12.449],[92.932,12.449],[92.932,12.448],[92.931,12.448],[92.931,12.448],[92.931,12.448],[92.93,12.447],[92.93,12.447],[92.929,12.447],[92.929,12.446],[92.929,12.446],[92.929,12.446],[92.928,12.445],[92.928,12.445],[92.928,12.445],[92.927,12.444],[92.927,12.444],[92.926,12.444],[92.926,12.444],[92.925,12.443],[92.925,12.443],[92.924,12.443],[92.924,12.443],[92.924,12.443],[92.923,12.443],[92.923,12.443],[92.922,12.443],[92.922,12.443],[92.921,12.443],[92.921,12.444],[92.92,12.444],[92.92,12.444],[92.92,12.443],[92.919,12.443],[92.919,12.443],[92.919,12.443],[92.919,12.442],[92.918,12.443],[92.918,12.443],[92.917,12.443],[92.917,12.444],[92.916,12.444],[92.916,12.444],[92.916,12.444],[92.916,12.444],[92.915,12.444],[92.915,12.443],[92.915,12.443],[92.915,12.443],[92.915,12.442],[92.915,12.442],[92.915,12.441],[92.915,12.441],[92.916,12.441],[92.916,12.441],[92.917,12.441],[92.917,12.441],[92.918,12.441],[92.919,12.441],[92.919,12.441],[92.92,12.441],[92.92,12.44],[92.92,12.44],[92.92,12.439],[92.92,12.439],[92.919,12.438],[92.92,12.438],[92.92,12.437],[92.92,12.437],[92.92,12.437],[92.921,12.437],[92.921,12.437],[92.921,12.437],[92.922,12.437],[92.922,12.437],[92.923,12.437],[92.923,12.437],[92.923,12.436],[92.924,12.436],[92.924,12.435],[92.924,12.435],[92.923,12.435],[92.923,12.434],[92.923,12.434],[92.922,12.434],[92.922,12.434],[92.922,12.433],[92.922,12.433],[92.921,12.433],[92.921,12.432],[92.921,12.432],[92.921,12.431],[92.921,12.431],[92.92,12.431],[92.92,12.43],[92.92,12.43],[92.919,12.429],[92.919,12.429],[92.919,12.428],[92.92,12.428],[92.92,12.428],[92.92,12.427],[92.92,12.427],[92.92,12.426],[92.921,12.426],[92.92,12.426],[92.92,12.425],[92.92,12.425],[92.92,12.425],[92.92,12.424],[92.92,12.424],[92.92,12.423],[92.92,12.423],[92.919,12.422],[92.919,12.422],[92.919,12.421],[92.918,12.421],[92.918,12.42],[92.918,12.42],[92.918,12.419],[92.918,12.418],[92.918,12.418],[92.918,12.417],[92.917,12.417],[92.917,12.416],[92.917,12.416],[92.917,12.415],[92.917,12.415],[92.916,12.414],[92.916,12.414],[92.916,12.414],[92.916,12.413],[92.916,12.413],[92.916,12.413],[92.915,12.412],[92.915,12.412],[92.915,12.411],[92.915,12.41],[92.915,12.41],[92.915,12.409],[92.915,12.409],[92.915,12.409],[92.915,12.408],[92.916,12.408],[92.916,12.407],[92.916,12.407],[92.915,12.407],[92.915,12.406],[92.915,12.406],[92.915,12.406],[92.914,12.406],[92.914,12.406],[92.913,12.406],[92.913,12.406],[92.912,12.406],[92.912,12.406],[92.912,12.406],[92.911,12.406],[92.911,12.406],[92.91,12.406],[92.91,12.406],[92.909,12.406],[92.909,12.406],[92.908,12.406],[92.908,12.407],[92.907,12.407],[92.907,12.407],[92.907,12.408],[92.906,12.408],[92.906,12.409],[92.907,12.409],[92.907,12.41],[92.907,12.411],[92.907,12.411],[92.907,12.412],[92.908,12.412],[92.908,12.412],[92.908,12.413],[92.908,12.413],[92.908,12.414],[92.909,12.414],[92.909,12.415],[92.909,12.415],[92.909,12.416],[92.909,12.416],[92.909,12.416],[92.909,12.417],[92.909,12.417],[92.909,12.418],[92.909,12.418],[92.91,12.419],[92.91,12.419],[92.91,12.42],[92.909,12.42],[92.909,12.421],[92.909,12.421],[92.909,12.421],[92.908,12.422],[92.908,12.422],[92.907,12.423],[92.907,12.423],[92.906,12.423],[92.906,12.423],[92.906,12.423],[92.905,12.424],[92.905,12.424],[92.905,12.424],[92.905,12.425],[92.904,12.425],[92.904,12.426],[92.903,12.426],[92.903,12.427],[92.902,12.427],[92.901,12.427],[92.901,12.427],[92.9,12.427],[92.9,12.428],[92.9,12.428],[92.899,12.428],[92.899,12.428],[92.899,12.429],[92.898,12.429],[92.898,12.429],[92.897,12.429],[92.897,12.43],[92.897,12.43],[92.896,12.43],[92.896,12.431],[92.896,12.431],[92.895,12.432],[92.895,12.432],[92.895,12.433],[92.895,12.433],[92.894,12.434],[92.894,12.434],[92.894,12.434],[92.894,12.435],[92.893,12.435],[92.893,12.435],[92.893,12.436],[92.892,12.436],[92.892,12.437],[92.892,12.437],[92.891,12.437],[92.891,12.437],[92.89,12.438],[92.89,12.438],[92.889,12.438],[92.889,12.439],[92.888,12.439],[92.888,12.439],[92.887,12.44],[92.887,12.44],[92.886,12.441],[92.886,12.441],[92.885,12.442],[92.885,12.442],[92.884,12.442],[92.884,12.443],[92.884,12.443],[92.883,12.443],[92.883,12.443],[92.882,12.444],[92.882,12.444],[92.881,12.444],[92.881,12.444],[92.881,12.444],[92.88,12.444],[92.88,12.444],[92.879,12.444],[92.879,12.444],[92.878,12.445],[92.878,12.445],[92.878,12.445],[92.879,12.446],[92.879,12.446],[92.88,12.447],[92.88,12.447],[92.881,12.447],[92.881,12.447],[92.882,12.448],[92.882,12.448],[92.882,12.448],[92.883,12.449],[92.883,12.449],[92.883,12.449],[92.883,12.45],[92.883,12.45],[92.884,12.45],[92.884,12.45],[92.884,12.45],[92.884,12.451],[92.885,12.451],[92.885,12.452],[92.885,12.452],[92.886,12.452],[92.886,12.453],[92.886,12.453],[92.886,12.454],[92.886,12.454],[92.886,12.454],[92.885,12.454],[92.885,12.453],[92.885,12.453],[92.884,12.453],[92.884,12.452],[92.883,12.452],[92.883,12.452],[92.883,12.452],[92.882,12.451],[92.882,12.451],[92.882,12.45],[92.882,12.45],[92.882,12.45],[92.882,12.449],[92.881,12.449],[92.881,12.449],[92.88,12.448],[92.88,12.448],[92.879,12.448],[92.879,12.448],[92.878,12.447],[92.878,12.447],[92.878,12.447],[92.878,12.447],[92.877,12.447],[92.877,12.447],[92.877,12.447],[92.876,12.447],[92.876,12.447],[92.875,12.447],[92.875,12.447],[92.874,12.447],[92.873,12.447],[92.873,12.447],[92.872,12.447],[92.871,12.447],[92.871,12.447],[92.871,12.446],[92.87,12.446],[92.87,12.446],[92.87,12.446],[92.869,12.446],[92.869,12.447],[92.868,12.447],[92.868,12.447],[92.867,12.448],[92.867,12.448],[92.866,12.449],[92.866,12.449],[92.865,12.45],[92.865,12.45],[92.864,12.451],[92.864,12.451],[92.863,12.451],[92.863,12.452],[92.863,12.452],[92.862,12.453],[92.862,12.453],[92.862,12.454],[92.861,12.454],[92.861,12.454],[92.86,12.454],[92.86,12.455],[92.86,12.455],[92.859,12.455],[92.859,12.456],[92.858,12.456],[92.858,12.456],[92.857,12.456],[92.857,12.457],[92.857,12.457],[92.856,12.457],[92.856,12.457],[92.856,12.457],[92.855,12.458],[92.855,12.458],[92.854,12.458],[92.854,12.458],[92.854,12.458],[92.853,12.459],[92.853,12.459],[92.852,12.459],[92.852,12.46],[92.852,12.46],[92.851,12.461],[92.851,12.461],[92.85,12.462],[92.85,12.462],[92.85,12.463],[92.849,12.463],[92.849,12.463],[92.847,12.465],[92.848,12.465],[92.847,12.466],[92.847,12.466],[92.846,12.467],[92.846,12.467],[92.846,12.467],[92.846,12.467],[92.846,12.468],[92.846,12.468],[92.844,12.469],[92.844,12.47],[92.844,12.47],[92.844,12.471],[92.844,12.471],[92.844,12.472],[92.844,12.473],[92.844,12.473],[92.844,12.475],[92.844,12.476],[92.844,12.477],[92.844,12.479],[92.844,12.479],[92.844,12.48],[92.844,12.48],[92.844,12.48],[92.844,12.481],[92.844,12.481],[92.844,12.481],[92.844,12.482],[92.844,12.482],[92.843,12.483],[92.843,12.483],[92.842,12.483],[92.841,12.483],[92.841,12.484],[92.84,12.484],[92.84,12.484],[92.84,12.484],[92.839,12.484],[92.839,12.484],[92.838,12.485],[92.838,12.485],[92.838,12.486],[92.838,12.486],[92.838,12.486],[92.838,12.487],[92.838,12.487],[92.838,12.487],[92.838,12.488],[92.838,12.489],[92.839,12.49],[92.839,12.49],[92.839,12.491],[92.839,12.491],[92.839,12.492],[92.839,12.492],[92.839,12.492],[92.838,12.492],[92.838,12.492],[92.838,12.492],[92.838,12.492],[92.838,12.492],[92.837,12.493],[92.836,12.493],[92.836,12.493],[92.836,12.494],[92.836,12.494],[92.835,12.495],[92.835,12.495],[92.834,12.495],[92.834,12.495],[92.833,12.495],[92.832,12.496],[92.832,12.496],[92.831,12.496],[92.83,12.496],[92.83,12.496],[92.829,12.496],[92.829,12.496],[92.83,12.496],[92.831,12.495],[92.832,12.495],[92.833,12.494],[92.834,12.493],[92.834,12.493],[92.834,12.493],[92.835,12.493],[92.835,12.493],[92.836,12.493],[92.836,12.492],[92.837,12.492],[92.837,12.492],[92.837,12.491],[92.838,12.491],[92.838,12.49],[92.837,12.489],[92.837,12.489],[92.837,12.489],[92.837,12.488],[92.837,12.488],[92.836,12.487],[92.836,12.487],[92.836,12.486],[92.836,12.486],[92.836,12.486],[92.836,12.485],[92.837,12.485],[92.839,12.483],[92.839,12.483],[92.839,12.483],[92.839,12.483],[92.84,12.483],[92.84,12.483],[92.84,12.482],[92.84,12.482],[92.84,12.482],[92.84,12.481],[92.841,12.481],[92.841,12.481],[92.841,12.481],[92.841,12.481],[92.842,12.481],[92.842,12.481],[92.842,12.481],[92.842,12.481],[92.842,12.48],[92.842,12.48],[92.843,12.48],[92.843,12.479],[92.843,12.478],[92.843,12.478],[92.843,12.476],[92.842,12.476],[92.842,12.476],[92.842,12.475],[92.842,12.474],[92.842,12.474],[92.842,12.473],[92.842,12.473],[92.842,12.471],[92.844,12.469],[92.844,12.468],[92.844,12.468],[92.844,12.467],[92.844,12.467],[92.844,12.467],[92.844,12.466],[92.844,12.466],[92.845,12.466],[92.845,12.465],[92.846,12.464],[92.846,12.464],[92.846,12.464],[92.846,12.463],[92.847,12.463],[92.847,12.463],[92.847,12.462],[92.847,12.462],[92.847,12.462],[92.847,12.461],[92.847,12.461],[92.848,12.461],[92.848,12.46],[92.848,12.46],[92.848,12.46],[92.848,12.46],[92.849,12.459],[92.849,12.459],[92.849,12.459],[92.849,12.458],[92.85,12.458],[92.85,12.458],[92.85,12.457],[92.851,12.457],[92.851,12.456],[92.851,12.456],[92.852,12.456],[92.852,12.455],[92.853,12.455],[92.853,12.455],[92.853,12.455],[92.854,12.454],[92.854,12.454],[92.855,12.454],[92.855,12.454],[92.856,12.453],[92.856,12.453],[92.856,12.453],[92.857,12.453],[92.857,12.453],[92.857,12.452],[92.858,12.452],[92.858,12.452],[92.859,12.452],[92.859,12.451],[92.86,12.451],[92.86,12.45],[92.861,12.45],[92.861,12.45],[92.862,12.449],[92.862,12.449],[92.862,12.449],[92.863,12.448],[92.863,12.448],[92.863,12.448],[92.863,12.448],[92.864,12.447],[92.864,12.447],[92.864,12.446],[92.865,12.446],[92.865,12.446],[92.865,12.445],[92.866,12.445],[92.866,12.445],[92.867,12.444],[92.867,12.444],[92.868,12.444],[92.868,12.443],[92.869,12.443],[92.87,12.442],[92.87,12.442],[92.871,12.442],[92.871,12.442],[92.872,12.441],[92.872,12.441],[92.873,12.441],[92.873,12.441],[92.873,12.441],[92.874,12.441],[92.874,12.441],[92.874,12.441],[92.875,12.441],[92.875,12.441],[92.875,12.441],[92.876,12.442],[92.876,12.442],[92.876,12.442],[92.877,12.443],[92.877,12.442],[92.878,12.442],[92.878,12.441],[92.878,12.441],[92.879,12.441],[92.879,12.44],[92.88,12.44],[92.88,12.439],[92.881,12.439],[92.882,12.439],[92.882,12.439],[92.883,12.438],[92.883,12.438],[92.884,12.437],[92.884,12.437],[92.885,12.437],[92.885,12.437],[92.885,12.436],[92.885,12.436],[92.886,12.436],[92.886,12.436],[92.886,12.436],[92.887,12.435],[92.887,12.435],[92.888,12.435],[92.888,12.435],[92.888,12.434],[92.889,12.434],[92.889,12.434],[92.889,12.433],[92.889,12.433],[92.89,12.433],[92.89,12.433],[92.89,12.432],[92.89,12.432],[92.891,12.432],[92.891,12.431],[92.891,12.431],[92.892,12.431],[92.892,12.43],[92.892,12.43],[92.892,12.43],[92.893,12.429],[92.893,12.429],[92.893,12.428],[92.893,12.428],[92.893,12.428],[92.894,12.428],[92.894,12.427],[92.894,12.427],[92.894,12.427],[92.895,12.426],[92.895,12.426],[92.895,12.425],[92.896,12.425],[92.896,12.425],[92.896,12.424],[92.896,12.424],[92.896,12.423],[92.896,12.423],[92.897,12.422],[92.897,12.422],[92.897,12.421],[92.897,12.421],[92.898,12.42],[92.898,12.42],[92.898,12.419],[92.899,12.419],[92.899,12.418],[92.899,12.418],[92.899,12.417],[92.899,12.417],[92.899,12.416],[92.899,12.416],[92.899,12.416],[92.899,12.415],[92.898,12.415],[92.897,12.415],[92.897,12.415],[92.896,12.415],[92.896,12.416],[92.895,12.416],[92.895,12.417],[92.894,12.417],[92.894,12.417],[92.894,12.418],[92.893,12.418],[92.893,12.419],[92.892,12.419],[92.892,12.419],[92.891,12.42],[92.891,12.42],[92.89,12.42],[92.89,12.42],[92.889,12.42],[92.888,12.421],[92.888,12.421],[92.888,12.421],[92.887,12.422],[92.887,12.422],[92.887,12.423],[92.886,12.423],[92.886,12.423],[92.886,12.423],[92.886,12.423],[92.885,12.423],[92.885,12.423],[92.885,12.422],[92.884,12.422],[92.884,12.422],[92.884,12.421],[92.883,12.421],[92.883,12.421],[92.883,12.42],[92.882,12.42],[92.882,12.42],[92.882,12.42],[92.882,12.42],[92.881,12.419],[92.881,12.419],[92.88,12.419],[92.88,12.419],[92.879,12.419],[92.879,12.419],[92.879,12.418],[92.878,12.418],[92.878,12.418],[92.878,12.417],[92.878,12.417],[92.877,12.416],[92.877,12.416],[92.877,12.415],[92.876,12.415],[92.876,12.414],[92.876,12.414],[92.875,12.414],[92.875,12.414],[92.875,12.414],[92.875,12.415],[92.874,12.415],[92.874,12.416],[92.874,12.416],[92.874,12.417],[92.874,12.417],[92.874,12.418],[92.874,12.418],[92.873,12.419],[92.873,12.419],[92.873,12.42],[92.872,12.42],[92.872,12.42],[92.872,12.421],[92.871,12.421],[92.871,12.421],[92.871,12.421],[92.87,12.421],[92.87,12.422],[92.869,12.422],[92.869,12.422],[92.868,12.423],[92.868,12.423],[92.868,12.423],[92.867,12.424],[92.867,12.424],[92.867,12.424],[92.867,12.425],[92.866,12.425],[92.866,12.425],[92.866,12.425],[92.866,12.425],[92.865,12.426],[92.865,12.426],[92.863,12.426],[92.863,12.426],[92.862,12.426],[92.861,12.425],[92.861,12.425],[92.86,12.425],[92.86,12.424],[92.86,12.424],[92.86,12.424],[92.859,12.423],[92.859,12.423],[92.859,12.423],[92.858,12.423],[92.858,12.422],[92.857,12.422],[92.857,12.422],[92.856,12.423],[92.856,12.423],[92.855,12.423],[92.855,12.423],[92.854,12.423],[92.854,12.424],[92.853,12.424],[92.852,12.424],[92.852,12.424],[92.852,12.424],[92.851,12.424],[92.851,12.424],[92.85,12.424],[92.85,12.424],[92.849,12.424],[92.849,12.424],[92.849,12.424],[92.848,12.424],[92.848,12.424],[92.847,12.424],[92.847,12.423],[92.846,12.423],[92.846,12.424],[92.846,12.424],[92.845,12.424],[92.845,12.425],[92.845,12.425],[92.845,12.425],[92.844,12.425],[92.844,12.426],[92.844,12.426],[92.843,12.426],[92.843,12.426],[92.843,12.426],[92.842,12.426],[92.842,12.427],[92.842,12.427],[92.841,12.427],[92.841,12.427],[92.84,12.428],[92.84,12.428],[92.839,12.428],[92.839,12.428],[92.839,12.429],[92.839,12.429],[92.838,12.429],[92.838,12.43],[92.838,12.43],[92.838,12.431],[92.838,12.431],[92.837,12.431],[92.836,12.43],[92.834,12.43],[92.834,12.431],[92.834,12.431],[92.833,12.431],[92.833,12.431],[92.833,12.431],[92.832,12.431],[92.832,12.431],[92.831,12.431],[92.831,12.431],[92.83,12.432],[92.83,12.432],[92.829,12.432],[92.829,12.432],[92.828,12.432],[92.828,12.432],[92.828,12.432],[92.827,12.432],[92.827,12.432],[92.826,12.432],[92.826,12.432],[92.825,12.433],[92.825,12.433],[92.825,12.433],[92.824,12.433],[92.824,12.433],[92.824,12.433],[92.823,12.433],[92.822,12.435],[92.822,12.435],[92.822,12.436],[92.822,12.436],[92.821,12.436],[92.821,12.437],[92.82,12.437],[92.82,12.438],[92.819,12.437],[92.818,12.437],[92.818,12.437],[92.818,12.436],[92.819,12.436],[92.819,12.437],[92.82,12.436],[92.821,12.436],[92.821,12.436],[92.821,12.435],[92.82,12.434],[92.819,12.434],[92.819,12.434],[92.819,12.434],[92.819,12.434],[92.819,12.434],[92.819,12.434],[92.818,12.434],[92.818,12.434],[92.818,12.434],[92.817,12.434],[92.817,12.434],[92.816,12.434],[92.816,12.434],[92.815,12.434],[92.815,12.434],[92.814,12.435],[92.814,12.435],[92.813,12.435],[92.813,12.435],[92.812,12.435],[92.812,12.435],[92.811,12.436],[92.811,12.436],[92.81,12.436],[92.81,12.436],[92.81,12.436],[92.809,12.437],[92.809,12.437],[92.808,12.438],[92.808,12.438],[92.808,12.439],[92.807,12.439],[92.807,12.439],[92.807,12.439],[92.806,12.44],[92.806,12.44],[92.806,12.44],[92.805,12.44],[92.805,12.44],[92.804,12.44],[92.804,12.44],[92.804,12.44],[92.803,12.44],[92.803,12.44],[92.802,12.44],[92.802,12.439],[92.801,12.439],[92.801,12.439],[92.8,12.439],[92.8,12.438],[92.799,12.438],[92.799,12.438],[92.798,12.438],[92.798,12.438],[92.797,12.438],[92.797,12.438],[92.797,12.438],[92.796,12.438],[92.796,12.439],[92.796,12.439],[92.796,12.44],[92.796,12.441],[92.796,12.441],[92.796,12.442],[92.796,12.442],[92.796,12.443],[92.796,12.443],[92.796,12.444],[92.796,12.444],[92.796,12.445],[92.796,12.445],[92.796,12.446],[92.796,12.447],[92.797,12.448],[92.797,12.448],[92.797,12.449],[92.797,12.449],[92.797,12.449],[92.797,12.449],[92.798,12.45],[92.798,12.45],[92.798,12.45],[92.798,12.451],[92.798,12.451],[92.798,12.451],[92.798,12.451],[92.798,12.452],[92.799,12.452],[92.799,12.452],[92.799,12.453],[92.799,12.454],[92.799,12.454],[92.799,12.454],[92.8,12.455],[92.8,12.455],[92.799,12.456],[92.799,12.456],[92.799,12.456],[92.799,12.457],[92.799,12.457],[92.799,12.458],[92.798,12.459],[92.798,12.459],[92.798,12.46],[92.798,12.46],[92.798,12.46],[92.798,12.461],[92.798,12.461],[92.798,12.461],[92.798,12.462],[92.799,12.462],[92.799,12.463],[92.8,12.463],[92.8,12.464],[92.8,12.464],[92.8,12.464],[92.799,12.466],[92.798,12.466],[92.798,12.466],[92.798,12.466],[92.797,12.466],[92.797,12.466],[92.796,12.467],[92.796,12.467],[92.794,12.468],[92.794,12.468],[92.794,12.469],[92.793,12.469],[92.793,12.469],[92.792,12.47],[92.792,12.47],[92.791,12.47],[92.791,12.469],[92.791,12.469],[92.791,12.469],[92.792,12.468],[92.793,12.468],[92.793,12.468],[92.793,12.468],[92.794,12.467],[92.794,12.467],[92.794,12.467],[92.795,12.467],[92.795,12.466],[92.796,12.466],[92.796,12.466],[92.796,12.466],[92.797,12.465],[92.797,12.465],[92.798,12.465],[92.798,12.465],[92.798,12.464],[92.798,12.464],[92.798,12.463],[92.798,12.463],[92.798,12.462],[92.797,12.462],[92.797,12.461],[92.797,12.461],[92.797,12.46],[92.797,12.46],[92.797,12.459],[92.797,12.458],[92.797,12.458],[92.797,12.458],[92.798,12.457],[92.798,12.457],[92.798,12.456],[92.798,12.456],[92.798,12.455],[92.798,12.455],[92.798,12.454],[92.798,12.454],[92.798,12.454],[92.798,12.453],[92.798,12.453],[92.797,12.452],[92.797,12.452],[92.797,12.451],[92.797,12.451],[92.796,12.451],[92.796,12.45],[92.796,12.45],[92.796,12.45],[92.796,12.449],[92.796,12.449],[92.796,12.449],[92.796,12.448],[92.794,12.447],[92.794,12.447],[92.794,12.446],[92.794,12.446],[92.794,12.446],[92.794,12.445],[92.794,12.444],[92.794,12.444],[92.794,12.443],[92.794,12.443],[92.794,12.442],[92.794,12.442],[92.794,12.441],[92.794,12.441],[92.794,12.44],[92.794,12.44],[92.794,12.439],[92.794,12.439],[92.794,12.439],[92.794,12.438],[92.794,12.438],[92.795,12.438],[92.795,12.437],[92.795,12.437],[92.796,12.437],[92.796,12.437],[92.797,12.436],[92.797,12.436],[92.798,12.436],[92.798,12.437],[92.799,12.437],[92.799,12.437],[92.799,12.437],[92.8,12.437],[92.8,12.437],[92.801,12.437],[92.801,12.437],[92.802,12.438],[92.802,12.438],[92.803,12.438],[92.803,12.438],[92.804,12.438],[92.804,12.439],[92.805,12.439],[92.806,12.438],[92.806,12.438],[92.807,12.438],[92.807,12.437],[92.807,12.437],[92.808,12.436],[92.808,12.436],[92.809,12.435],[92.809,12.435],[92.81,12.435],[92.81,12.434],[92.81,12.434],[92.811,12.434],[92.811,12.433],[92.812,12.433],[92.812,12.433],[92.813,12.433],[92.813,12.433],[92.814,12.433],[92.814,12.433],[92.815,12.433],[92.815,12.433],[92.816,12.433],[92.816,12.433],[92.817,12.433],[92.817,12.432],[92.818,12.432],[92.818,12.432],[92.819,12.432],[92.819,12.432],[92.82,12.432],[92.821,12.432],[92.821,12.432],[92.822,12.432],[92.822,12.431],[92.823,12.431],[92.823,12.431],[92.824,12.431],[92.824,12.431],[92.825,12.431],[92.825,12.43],[92.826,12.43],[92.826,12.43],[92.826,12.43],[92.827,12.43],[92.827,12.429],[92.828,12.429],[92.828,12.429],[92.828,12.429],[92.829,12.429],[92.829,12.429],[92.829,12.429],[92.83,12.428],[92.83,12.428],[92.829,12.426],[92.829,12.426],[92.829,12.425],[92.829,12.423],[92.829,12.423],[92.829,12.422],[92.829,12.421],[92.829,12.421],[92.829,12.421],[92.829,12.42],[92.83,12.42],[92.831,12.419],[92.831,12.419],[92.831,12.419],[92.832,12.418],[92.832,12.418],[92.833,12.417],[92.833,12.417],[92.833,12.416],[92.833,12.416],[92.833,12.416],[92.834,12.415],[92.834,12.415],[92.834,12.414],[92.834,12.413],[92.834,12.413],[92.834,12.412],[92.834,12.412],[92.834,12.411],[92.835,12.411],[92.835,12.411],[92.834,12.41],[92.834,12.409],[92.834,12.409],[92.835,12.409],[92.836,12.409],[92.836,12.409],[92.836,12.409],[92.837,12.409],[92.838,12.409],[92.838,12.409],[92.839,12.408],[92.839,12.408],[92.84,12.408],[92.84,12.408],[92.841,12.407],[92.841,12.407],[92.841,12.406],[92.842,12.406],[92.842,12.405],[92.842,12.405],[92.842,12.404],[92.842,12.404],[92.841,12.403],[92.841,12.403],[92.841,12.402],[92.841,12.402],[92.841,12.402],[92.84,12.401],[92.84,12.401],[92.84,12.401],[92.84,12.401],[92.839,12.4],[92.839,12.4],[92.839,12.399],[92.839,12.399],[92.838,12.399],[92.838,12.398],[92.838,12.398],[92.838,12.398],[92.838,12.397],[92.839,12.397],[92.839,12.396],[92.838,12.396],[92.838,12.396],[92.839,12.396],[92.839,12.395],[92.839,12.395],[92.839,12.394],[92.84,12.394],[92.84,12.393],[92.84,12.393],[92.841,12.393],[92.841,12.392],[92.842,12.392],[92.842,12.392],[92.842,12.392],[92.843,12.391],[92.843,12.391],[92.843,12.391],[92.844,12.391],[92.844,12.391],[92.845,12.391],[92.845,12.39],[92.845,12.39],[92.846,12.39],[92.846,12.389],[92.846,12.389],[92.847,12.388],[92.847,12.388],[92.847,12.388],[92.847,12.387],[92.847,12.387],[92.848,12.386],[92.848,12.386],[92.848,12.386],[92.848,12.386],[92.849,12.385],[92.849,12.385],[92.849,12.385],[92.849,12.385],[92.85,12.384],[92.85,12.384],[92.85,12.383],[92.85,12.383],[92.85,12.382],[92.85,12.382],[92.85,12.381],[92.851,12.381],[92.851,12.38],[92.851,12.38],[92.851,12.38],[92.851,12.379],[92.852,12.379],[92.852,12.378],[92.852,12.378],[92.853,12.377],[92.853,12.377],[92.853,12.377],[92.854,12.376],[92.854,12.376],[92.855,12.376],[92.855,12.375],[92.855,12.375],[92.856,12.374],[92.856,12.374],[92.856,12.374],[92.857,12.374],[92.857,12.373],[92.857,12.373],[92.857,12.373],[92.858,12.373],[92.858,12.373],[92.858,12.373],[92.859,12.372],[92.859,12.372],[92.86,12.372],[92.86,12.371],[92.86,12.37],[92.86,12.37],[92.86,12.369],[92.86,12.368],[92.859,12.368],[92.859,12.368],[92.858,12.367],[92.858,12.367],[92.858,12.367],[92.858,12.366],[92.858,12.366],[92.858,12.366],[92.859,12.366],[92.859,12.365],[92.859,12.365],[92.859,12.364],[92.859,12.364],[92.859,12.363],[92.86,12.363],[92.86,12.363],[92.86,12.362],[92.86,12.362],[92.861,12.362],[92.861,12.362],[92.861,12.361],[92.862,12.361],[92.862,12.361],[92.863,12.361],[92.863,12.361],[92.864,12.362],[92.864,12.362],[92.865,12.362],[92.865,12.362],[92.866,12.362],[92.866,12.362],[92.866,12.362],[92.867,12.362],[92.867,12.362],[92.868,12.362],[92.868,12.362],[92.868,12.362],[92.868,12.362],[92.869,12.362],[92.869,12.362],[92.87,12.361],[92.87,12.361],[92.87,12.361],[92.87,12.359],[92.87,12.359],[92.87,12.358],[92.87,12.357],[92.87,12.357],[92.87,12.357],[92.871,12.356],[92.871,12.356],[92.871,12.356],[92.871,12.355],[92.872,12.355],[92.872,12.354],[92.872,12.354],[92.873,12.354],[92.873,12.354],[92.873,12.353],[92.873,12.353],[92.874,12.353],[92.874,12.353],[92.874,12.353],[92.875,12.354],[92.875,12.354],[92.876,12.354],[92.876,12.354],[92.877,12.355],[92.877,12.355],[92.877,12.355],[92.878,12.356],[92.878,12.356],[92.878,12.357],[92.878,12.357],[92.879,12.358],[92.879,12.358],[92.88,12.358],[92.88,12.358],[92.88,12.357],[92.881,12.357],[92.881,12.357],[92.881,12.356],[92.882,12.356],[92.882,12.356],[92.882,12.356],[92.883,12.356],[92.883,12.356],[92.883,12.356],[92.884,12.356],[92.884,12.356],[92.885,12.355],[92.885,12.355],[92.885,12.355],[92.886,12.354],[92.886,12.354],[92.886,12.353],[92.886,12.353],[92.886,12.353],[92.886,12.352],[92.886,12.352],[92.886,12.352],[92.886,12.351],[92.887,12.351],[92.887,12.351],[92.887,12.351],[92.887,12.351],[92.888,12.351],[92.888,12.351],[92.889,12.351],[92.889,12.351],[92.89,12.351],[92.89,12.35],[92.89,12.35],[92.89,12.349],[92.89,12.349],[92.89,12.349],[92.89,12.348],[92.89,12.348],[92.89,12.348],[92.89,12.347],[92.89,12.347],[92.89,12.347],[92.891,12.346],[92.891,12.346],[92.891,12.346],[92.891,12.345],[92.891,12.345],[92.891,12.344],[92.891,12.344],[92.892,12.343],[92.892,12.342],[92.892,12.342],[92.893,12.341],[92.895,12.339],[92.895,12.338],[92.895,12.338],[92.895,12.338],[92.896,12.337],[92.896,12.337],[92.896,12.337],[92.896,12.336],[92.896,12.336],[92.896,12.335],[92.895,12.335],[92.894,12.336],[92.894,12.336],[92.893,12.338],[92.893,12.338],[92.893,12.339],[92.893,12.339],[92.893,12.339],[92.892,12.34],[92.891,12.34],[92.891,12.341],[92.891,12.341],[92.89,12.341],[92.89,12.341],[92.889,12.341],[92.889,12.342],[92.889,12.342],[92.888,12.343],[92.888,12.343],[92.888,12.343],[92.888,12.344],[92.887,12.344],[92.886,12.344],[92.886,12.344],[92.885,12.344],[92.885,12.343],[92.885,12.343],[92.884,12.343],[92.884,12.343],[92.883,12.344],[92.883,12.344],[92.883,12.344],[92.882,12.344],[92.882,12.344],[92.882,12.344],[92.881,12.344],[92.881,12.344],[92.881,12.344],[92.881,12.343],[92.881,12.343],[92.881,12.343],[92.881,12.342],[92.881,12.342],[92.881,12.341],[92.881,12.341],[92.88,12.341],[92.88,12.34],[92.88,12.34],[92.88,12.34],[92.88,12.339],[92.88,12.339],[92.881,12.338],[92.881,12.338],[92.881,12.337],[92.881,12.337],[92.881,12.336],[92.881,12.335],[92.88,12.335],[92.88,12.334],[92.88,12.334],[92.88,12.334],[92.88,12.333],[92.88,12.333],[92.881,12.334],[92.881,12.334],[92.882,12.334],[92.882,12.334],[92.883,12.334],[92.883,12.334],[92.883,12.333],[92.883,12.333],[92.883,12.333],[92.882,12.332],[92.881,12.332],[92.881,12.332],[92.881,12.332],[92.882,12.331],[92.882,12.331],[92.883,12.332],[92.883,12.332],[92.884,12.332],[92.884,12.332],[92.884,12.332],[92.885,12.332],[92.886,12.332],[92.886,12.332],[92.887,12.332],[92.887,12.332],[92.888,12.332],[92.888,12.331],[92.889,12.331],[92.889,12.331],[92.889,12.33],[92.889,12.329],[92.889,12.329],[92.888,12.329],[92.888,12.329],[92.888,12.328],[92.887,12.328],[92.887,12.328],[92.887,12.327],[92.888,12.327],[92.888,12.327],[92.888,12.326],[92.889,12.326],[92.889,12.325],[92.89,12.325],[92.89,12.325],[92.89,12.325],[92.891,12.325],[92.891,12.325],[92.892,12.325],[92.892,12.325],[92.892,12.325],[92.893,12.326],[92.894,12.326],[92.894,12.326],[92.895,12.326],[92.895,12.326],[92.896,12.326],[92.896,12.327],[92.897,12.326],[92.897,12.326],[92.897,12.325],[92.897,12.325],[92.897,12.325],[92.896,12.324],[92.896,12.324],[92.896,12.324],[92.896,12.323],[92.896,12.323],[92.896,12.323],[92.896,12.322],[92.896,12.322],[92.896,12.321],[92.895,12.321],[92.895,12.32],[92.895,12.32],[92.894,12.32],[92.894,12.32],[92.893,12.32],[92.893,12.32],[92.892,12.32],[92.892,12.321],[92.892,12.321],[92.891,12.321],[92.891,12.321],[92.891,12.321],[92.891,12.321],[92.89,12.321],[92.89,12.321],[92.889,12.321],[92.889,12.321],[92.889,12.322],[92.888,12.322],[92.888,12.322],[92.887,12.323],[92.887,12.323],[92.887,12.323],[92.886,12.323],[92.886,12.323],[92.885,12.323],[92.885,12.323],[92.885,12.323],[92.885,12.322],[92.884,12.322],[92.884,12.321],[92.884,12.321],[92.884,12.32],[92.883,12.32],[92.882,12.32],[92.882,12.319],[92.882,12.319],[92.881,12.318],[92.881,12.318],[92.881,12.318],[92.881,12.317],[92.881,12.317],[92.88,12.316],[92.88,12.316],[92.88,12.315],[92.879,12.315],[92.879,12.314],[92.878,12.314],[92.878,12.313],[92.878,12.313],[92.878,12.313],[92.877,12.314],[92.877,12.314],[92.876,12.314],[92.876,12.315],[92.875,12.315],[92.875,12.315],[92.874,12.316],[92.874,12.316],[92.874,12.316],[92.874,12.317],[92.873,12.317],[92.873,12.317],[92.873,12.318],[92.873,12.318],[92.872,12.318],[92.872,12.318],[92.872,12.317],[92.871,12.317],[92.871,12.317],[92.871,12.316],[92.871,12.316],[92.87,12.316],[92.87,12.315],[92.87,12.315],[92.87,12.314],[92.869,12.314],[92.869,12.314],[92.869,12.314],[92.868,12.314],[92.868,12.314],[92.868,12.314],[92.867,12.314],[92.867,12.314],[92.866,12.315],[92.866,12.315],[92.865,12.314],[92.865,12.314],[92.865,12.314],[92.865,12.314],[92.865,12.314],[92.864,12.314],[92.864,12.313],[92.864,12.313],[92.863,12.313],[92.863,12.313],[92.863,12.313],[92.862,12.314],[92.862,12.314],[92.861,12.314],[92.861,12.314],[92.861,12.314],[92.86,12.314],[92.86,12.314],[92.859,12.314],[92.859,12.314],[92.858,12.314],[92.858,12.314],[92.857,12.314],[92.857,12.314],[92.857,12.314],[92.856,12.314],[92.856,12.313],[92.855,12.313],[92.855,12.313],[92.854,12.313],[92.854,12.313],[92.853,12.313],[92.853,12.313],[92.853,12.313],[92.853,12.313],[92.852,12.312],[92.852,12.312],[92.852,12.312],[92.851,12.311],[92.851,12.311],[92.85,12.311],[92.85,12.311],[92.85,12.31],[92.85,12.31],[92.85,12.31],[92.849,12.309],[92.849,12.309],[92.849,12.309],[92.849,12.308],[92.848,12.308],[92.848,12.308],[92.847,12.308],[92.847,12.308],[92.846,12.308],[92.845,12.308],[92.845,12.308],[92.844,12.307],[92.843,12.307],[92.842,12.307],[92.842,12.307],[92.841,12.307],[92.841,12.307],[92.84,12.307],[92.84,12.307],[92.839,12.307],[92.839,12.306],[92.839,12.306],[92.838,12.306],[92.838,12.306],[92.837,12.305],[92.837,12.305],[92.836,12.305],[92.836,12.304],[92.835,12.304],[92.835,12.304],[92.834,12.304],[92.834,12.304],[92.834,12.303],[92.833,12.303],[92.833,12.303],[92.833,12.303],[92.832,12.303],[92.832,12.303],[92.832,12.303],[92.831,12.303],[92.831,12.304],[92.831,12.304],[92.83,12.304],[92.83,12.305],[92.829,12.305],[92.829,12.305],[92.828,12.306],[92.828,12.306],[92.828,12.306],[92.827,12.306],[92.827,12.307],[92.826,12.307],[92.826,12.307],[92.825,12.307],[92.825,12.308],[92.824,12.308],[92.824,12.308],[92.824,12.308],[92.823,12.308],[92.823,12.309],[92.823,12.309],[92.822,12.309],[92.822,12.309],[92.821,12.309],[92.821,12.31],[92.82,12.31],[92.82,12.31],[92.82,12.31],[92.819,12.31],[92.819,12.311],[92.818,12.311],[92.818,12.311],[92.817,12.311],[92.817,12.312],[92.816,12.312],[92.816,12.312],[92.816,12.312],[92.815,12.313],[92.815,12.313],[92.815,12.313],[92.814,12.313],[92.814,12.313],[92.813,12.314],[92.813,12.314],[92.812,12.314],[92.812,12.314],[92.811,12.314],[92.811,12.315],[92.81,12.315],[92.81,12.315],[92.809,12.315],[92.809,12.315],[92.808,12.315],[92.808,12.315],[92.807,12.314],[92.807,12.314],[92.806,12.314],[92.806,12.314],[92.805,12.314],[92.805,12.314],[92.804,12.313],[92.804,12.313],[92.803,12.313],[92.803,12.313],[92.802,12.312],[92.802,12.312],[92.801,12.312],[92.801,12.311],[92.801,12.311],[92.8,12.311],[92.8,12.31],[92.8,12.31],[92.799,12.309],[92.799,12.309],[92.799,12.309],[92.799,12.308],[92.798,12.308],[92.798,12.308],[92.797,12.307],[92.797,12.307],[92.797,12.307],[92.796,12.307],[92.796,12.306],[92.795,12.306],[92.795,12.306],[92.795,12.306],[92.794,12.307],[92.794,12.307],[92.794,12.307],[92.794,12.308],[92.794,12.308],[92.794,12.308],[92.793,12.309],[92.793,12.309],[92.793,12.309],[92.793,12.31],[92.793,12.31],[92.792,12.311],[92.792,12.311],[92.792,12.311],[92.791,12.311],[92.791,12.312],[92.79,12.312],[92.79,12.312],[92.79,12.312],[92.789,12.312],[92.789,12.312],[92.788,12.312],[92.788,12.312],[92.787,12.313],[92.787,12.313],[92.787,12.313],[92.786,12.313],[92.786,12.313],[92.785,12.314],[92.785,12.314],[92.784,12.314],[92.783,12.314],[92.783,12.314],[92.782,12.313],[92.782,12.313],[92.781,12.313],[92.781,12.313],[92.781,12.313],[92.78,12.313],[92.78,12.313],[92.779,12.313],[92.779,12.314],[92.778,12.314],[92.778,12.315],[92.777,12.315],[92.777,12.315],[92.776,12.315],[92.776,12.315],[92.775,12.316],[92.775,12.316],[92.774,12.316],[92.774,12.316],[92.773,12.317],[92.773,12.317],[92.773,12.317],[92.773,12.318],[92.773,12.318],[92.773,12.318],[92.773,12.318],[92.773,12.318],[92.772,12.319],[92.772,12.319],[92.772,12.32],[92.772,12.32],[92.771,12.32],[92.771,12.319],[92.771,12.319],[92.771,12.319],[92.772,12.318],[92.772,12.318],[92.772,12.318],[92.772,12.317],[92.772,12.317],[92.771,12.317],[92.771,12.316],[92.771,12.316],[92.77,12.315],[92.77,12.315],[92.769,12.315],[92.769,12.314],[92.769,12.314],[92.769,12.314],[92.769,12.313],[92.769,12.313],[92.768,12.312],[92.768,12.312],[92.768,12.311],[92.768,12.311],[92.768,12.31],[92.767,12.31],[92.767,12.309],[92.767,12.309],[92.767,12.308],[92.767,12.308],[92.767,12.307],[92.766,12.307],[92.766,12.306],[92.766,12.306],[92.766,12.305],[92.766,12.304],[92.766,12.304],[92.766,12.304],[92.766,12.303],[92.765,12.303],[92.765,12.303],[92.765,12.302],[92.765,12.302],[92.765,12.302],[92.764,12.302],[92.764,12.302],[92.764,12.302],[92.764,12.303],[92.764,12.304],[92.763,12.304],[92.763,12.304],[92.763,12.305],[92.763,12.305],[92.763,12.305],[92.763,12.306],[92.763,12.306],[92.763,12.307],[92.763,12.307],[92.764,12.308],[92.764,12.308],[92.764,12.309],[92.764,12.31],[92.764,12.31],[92.764,12.311],[92.764,12.311],[92.765,12.312],[92.765,12.312],[92.764,12.312],[92.764,12.312],[92.764,12.312],[92.764,12.312],[92.763,12.312],[92.763,12.311],[92.763,12.311],[92.763,12.311],[92.763,12.31],[92.762,12.31],[92.762,12.31],[92.762,12.309],[92.762,12.309],[92.761,12.308],[92.761,12.308],[92.761,12.307],[92.761,12.307],[92.761,12.306],[92.76,12.306],[92.76,12.306],[92.759,12.306],[92.759,12.305],[92.759,12.305],[92.758,12.304],[92.758,12.304],[92.758,12.303],[92.758,12.303],[92.757,12.302],[92.757,12.302],[92.757,12.301],[92.758,12.301],[92.758,12.3],[92.758,12.3],[92.758,12.299],[92.758,12.299],[92.758,12.298],[92.758,12.298],[92.757,12.298],[92.757,12.297],[92.757,12.297],[92.756,12.297],[92.756,12.296],[92.755,12.296],[92.755,12.296],[92.754,12.296],[92.754,12.296],[92.753,12.296],[92.753,12.296],[92.753,12.297],[92.752,12.297],[92.752,12.297],[92.752,12.298],[92.751,12.298],[92.751,12.298],[92.751,12.299],[92.751,12.299],[92.75,12.299],[92.75,12.299],[92.75,12.299],[92.75,12.299],[92.749,12.299],[92.749,12.299],[92.749,12.3],[92.748,12.3],[92.748,12.3],[92.748,12.3],[92.747,12.3],[92.747,12.3],[92.746,12.299],[92.746,12.299],[92.745,12.299],[92.745,12.3],[92.745,12.3],[92.744,12.3],[92.744,12.301],[92.743,12.301],[92.743,12.301],[92.743,12.301],[92.742,12.301],[92.742,12.302],[92.742,12.302],[92.741,12.301],[92.741,12.301],[92.741,12.301],[92.74,12.301],[92.74,12.301],[92.739,12.301],[92.739,12.301],[92.738,12.301],[92.738,12.301],[92.737,12.301],[92.737,12.301],[92.737,12.301],[92.736,12.301],[92.736,12.301],[92.735,12.302],[92.735,12.302],[92.735,12.303],[92.735,12.303],[92.736,12.305],[92.736,12.307],[92.736,12.308],[92.736,12.309],[92.736,12.309],[92.735,12.307],[92.735,12.306],[92.734,12.306],[92.734,12.304],[92.734,12.304],[92.734,12.304],[92.732,12.302],[92.732,12.302],[92.732,12.302],[92.731,12.302],[92.731,12.303],[92.731,12.303],[92.731,12.303],[92.729,12.303],[92.729,12.303],[92.729,12.303],[92.728,12.303],[92.728,12.302],[92.726,12.302],[92.726,12.302],[92.725,12.302],[92.724,12.302],[92.723,12.301],[92.723,12.301],[92.723,12.301],[92.723,12.301],[92.722,12.301],[92.722,12.301],[92.722,12.3],[92.721,12.3],[92.72,12.3],[92.72,12.301],[92.719,12.301],[92.719,12.301],[92.719,12.302],[92.719,12.303],[92.719,12.303],[92.719,12.304],[92.719,12.304],[92.719,12.304],[92.719,12.305],[92.719,12.305],[92.718,12.305],[92.718,12.306],[92.718,12.306],[92.718,12.306],[92.718,12.307],[92.718,12.307],[92.717,12.307],[92.717,12.308],[92.717,12.308],[92.717,12.308],[92.717,12.309],[92.716,12.309],[92.716,12.309],[92.716,12.31],[92.716,12.31],[92.716,12.31],[92.716,12.311],[92.716,12.311],[92.716,12.311],[92.715,12.312],[92.715,12.312],[92.715,12.312],[92.715,12.312],[92.715,12.312],[92.714,12.312],[92.714,12.312],[92.713,12.312],[92.713,12.312],[92.713,12.312],[92.713,12.311],[92.712,12.311],[92.712,12.31],[92.712,12.31],[92.712,12.31],[92.711,12.31],[92.711,12.31],[92.71,12.311],[92.71,12.311],[92.71,12.312],[92.71,12.312],[92.71,12.312],[92.71,12.312],[92.71,12.313],[92.709,12.313],[92.709,12.313],[92.709,12.314],[92.709,12.314],[92.709,12.314],[92.709,12.315],[92.709,12.315],[92.708,12.315],[92.708,12.316],[92.708,12.316],[92.707,12.317],[92.707,12.317],[92.707,12.318],[92.707,12.319],[92.707,12.319],[92.707,12.32],[92.707,12.32],[92.707,12.321],[92.707,12.322],[92.707,12.322],[92.707,12.323],[92.707,12.323],[92.708,12.324],[92.708,12.325],[92.708,12.325],[92.708,12.326],[92.709,12.326],[92.709,12.327],[92.709,12.327],[92.709,12.327],[92.709,12.328],[92.709,12.328],[92.709,12.328],[92.709,12.329],[92.708,12.329],[92.708,12.329],[92.708,12.329],[92.707,12.33],[92.706,12.33],[92.706,12.33],[92.705,12.33],[92.705,12.33],[92.705,12.33],[92.704,12.33],[92.704,12.33],[92.703,12.329],[92.703,12.329],[92.703,12.328],[92.703,12.328],[92.702,12.327],[92.702,12.327],[92.702,12.327],[92.701,12.326],[92.701,12.326],[92.7,12.327],[92.7,12.327],[92.7,12.328],[92.699,12.328],[92.699,12.329],[92.699,12.33],[92.699,12.33],[92.7,12.331],[92.7,12.331],[92.7,12.332],[92.7,12.332],[92.7,12.332],[92.7,12.333],[92.701,12.333],[92.701,12.334],[92.701,12.334],[92.701,12.335],[92.701,12.336],[92.701,12.336],[92.701,12.337],[92.701,12.337],[92.701,12.338],[92.701,12.34],[92.701,12.34],[92.701,12.341],[92.701,12.342],[92.701,12.342],[92.701,12.343],[92.701,12.343],[92.701,12.344],[92.701,12.345],[92.701,12.345],[92.701,12.346],[92.701,12.347],[92.701,12.347],[92.701,12.348],[92.701,12.348],[92.701,12.349],[92.701,12.349],[92.701,12.35],[92.701,12.351],[92.701,12.351],[92.701,12.352],[92.701,12.352],[92.7,12.353],[92.7,12.353],[92.7,12.354],[92.7,12.354],[92.701,12.355],[92.701,12.355],[92.701,12.356],[92.701,12.356],[92.701,12.357],[92.702,12.357],[92.702,12.358],[92.702,12.358],[92.701,12.359],[92.701,12.359],[92.702,12.36],[92.702,12.36],[92.701,12.361],[92.701,12.361],[92.701,12.362],[92.701,12.363],[92.7,12.363],[92.7,12.364],[92.7,12.364],[92.7,12.365],[92.7,12.366],[92.7,12.366],[92.7,12.367],[92.7,12.367],[92.701,12.368],[92.701,12.368],[92.701,12.368],[92.702,12.369],[92.702,12.369],[92.703,12.369],[92.703,12.369],[92.704,12.369],[92.704,12.369],[92.704,12.369],[92.705,12.369],[92.705,12.369],[92.705,12.369],[92.705,12.37],[92.705,12.37],[92.706,12.37],[92.706,12.37],[92.706,12.371],[92.706,12.371],[92.705,12.371],[92.705,12.371],[92.705,12.372],[92.704,12.372],[92.704,12.372],[92.704,12.373],[92.703,12.373],[92.703,12.374],[92.703,12.374],[92.703,12.375],[92.703,12.376],[92.703,12.376],[92.704,12.377],[92.704,12.377],[92.704,12.378],[92.703,12.378],[92.703,12.378],[92.703,12.379],[92.703,12.379],[92.702,12.379],[92.702,12.379],[92.701,12.379],[92.701,12.379],[92.701,12.379],[92.7,12.379],[92.7,12.379],[92.699,12.379],[92.699,12.38],[92.699,12.381],[92.699,12.381],[92.699,12.382],[92.699,12.382],[92.699,12.383],[92.699,12.383],[92.699,12.383],[92.699,12.384],[92.699,12.384],[92.699,12.385],[92.699,12.385],[92.699,12.386],[92.699,12.386],[92.699,12.387],[92.699,12.387],[92.699,12.388],[92.698,12.388],[92.698,12.389],[92.698,12.389],[92.698,12.389],[92.698,12.389],[92.698,12.39],[92.698,12.39],[92.698,12.391],[92.698,12.392],[92.698,12.392],[92.698,12.392],[92.698,12.393],[92.698,12.394],[92.698,12.394],[92.698,12.395],[92.698,12.4],[92.698,12.4],[92.698,12.401],[92.698,12.401],[92.698,12.401],[92.698,12.402],[92.699,12.402],[92.699,12.402],[92.699,12.403],[92.699,12.403],[92.699,12.404],[92.699,12.404],[92.699,12.404],[92.699,12.405],[92.699,12.405],[92.7,12.406],[92.7,12.407],[92.7,12.407],[92.7,12.407],[92.701,12.408],[92.701,12.408],[92.701,12.409],[92.701,12.409],[92.7,12.41],[92.7,12.41],[92.7,12.41],[92.7,12.41],[92.7,12.411],[92.7,12.411],[92.699,12.412],[92.699,12.412],[92.699,12.413],[92.699,12.413],[92.699,12.414],[92.699,12.414],[92.699,12.415],[92.699,12.415],[92.699,12.415],[92.699,12.416],[92.699,12.416],[92.699,12.417],[92.699,12.417],[92.699,12.417],[92.699,12.418],[92.699,12.418],[92.699,12.419],[92.698,12.419],[92.698,12.419],[92.698,12.42],[92.698,12.42],[92.698,12.42],[92.698,12.421],[92.698,12.421],[92.698,12.421],[92.698,12.422],[92.698,12.422],[92.699,12.423],[92.699,12.424],[92.699,12.424],[92.699,12.425],[92.699,12.425],[92.699,12.425],[92.699,12.426],[92.699,12.426],[92.699,12.426],[92.699,12.427],[92.699,12.427],[92.7,12.427],[92.7,12.428],[92.7,12.428],[92.7,12.428],[92.7,12.428],[92.701,12.429],[92.701,12.429],[92.701,12.43],[92.701,12.43],[92.701,12.431],[92.701,12.431],[92.701,12.432],[92.702,12.432],[92.702,12.433],[92.702,12.433],[92.702,12.434],[92.702,12.434],[92.702,12.434],[92.703,12.435],[92.703,12.435],[92.703,12.435],[92.703,12.436],[92.703,12.436],[92.703,12.436],[92.703,12.437],[92.703,12.437],[92.703,12.437],[92.703,12.438],[92.703,12.438],[92.703,12.439],[92.703,12.439],[92.703,12.44],[92.703,12.44],[92.703,12.44],[92.703,12.44],[92.703,12.441],[92.703,12.441],[92.703,12.441],[92.703,12.442],[92.702,12.442],[92.702,12.442],[92.702,12.443],[92.702,12.443],[92.702,12.444],[92.702,12.444],[92.702,12.444],[92.702,12.445],[92.702,12.445],[92.702,12.446],[92.702,12.447],[92.703,12.447],[92.703,12.448],[92.704,12.447],[92.704,12.448],[92.705,12.448],[92.705,12.448],[92.705,12.449],[92.705,12.449],[92.706,12.449],[92.706,12.45],[92.706,12.45],[92.706,12.45],[92.706,12.451],[92.707,12.451],[92.707,12.451],[92.707,12.452],[92.707,12.452],[92.706,12.452],[92.706,12.453],[92.706,12.453],[92.706,12.453],[92.706,12.454],[92.706,12.454],[92.705,12.454],[92.705,12.455],[92.705,12.456],[92.705,12.456],[92.705,12.457],[92.705,12.457],[92.705,12.457],[92.705,12.458],[92.705,12.458],[92.704,12.458],[92.704,12.458],[92.703,12.459],[92.703,12.459],[92.703,12.46],[92.703,12.46],[92.703,12.461],[92.703,12.461],[92.703,12.462],[92.703,12.462],[92.703,12.463],[92.702,12.463],[92.702,12.463],[92.702,12.464],[92.702,12.464],[92.702,12.464],[92.702,12.465],[92.702,12.465],[92.702,12.465],[92.702,12.465],[92.701,12.466],[92.701,12.466],[92.7,12.466],[92.7,12.467],[92.7,12.467],[92.7,12.467],[92.7,12.468],[92.7,12.469],[92.7,12.469],[92.7,12.469],[92.701,12.47],[92.701,12.47],[92.701,12.47],[92.701,12.471],[92.701,12.471],[92.701,12.472],[92.701,12.472],[92.702,12.472],[92.702,12.473],[92.702,12.473],[92.702,12.473],[92.702,12.474],[92.702,12.474],[92.702,12.474],[92.702,12.474],[92.702,12.475],[92.702,12.475],[92.702,12.476],[92.702,12.476],[92.702,12.477],[92.703,12.477],[92.703,12.478],[92.703,12.478],[92.703,12.479],[92.703,12.479],[92.703,12.48],[92.703,12.48],[92.703,12.481],[92.703,12.481],[92.703,12.481],[92.703,12.481],[92.703,12.482],[92.703,12.482],[92.703,12.483],[92.703,12.483],[92.703,12.484],[92.704,12.484],[92.704,12.485],[92.704,12.486],[92.705,12.486],[92.705,12.487],[92.705,12.487],[92.706,12.487],[92.706,12.488],[92.706,12.488],[92.707,12.489],[92.707,12.489],[92.707,12.49],[92.707,12.49],[92.708,12.49],[92.708,12.491],[92.708,12.491],[92.708,12.491],[92.708,12.492],[92.708,12.492],[92.709,12.492],[92.709,12.493],[92.709,12.493],[92.709,12.493],[92.708,12.494],[92.708,12.494],[92.708,12.494],[92.708,12.495],[92.707,12.495],[92.707,12.496],[92.707,12.496],[92.706,12.497],[92.706,12.497],[92.706,12.497],[92.706,12.498],[92.705,12.498],[92.705,12.498],[92.705,12.499],[92.704,12.499],[92.704,12.499],[92.703,12.499],[92.703,12.499],[92.703,12.499],[92.702,12.499],[92.702,12.499],[92.702,12.5],[92.702,12.5],[92.701,12.501],[92.701,12.501],[92.701,12.502],[92.701,12.502],[92.701,12.503],[92.701,12.503],[92.701,12.504],[92.701,12.504],[92.701,12.505],[92.701,12.506],[92.701,12.506],[92.702,12.507],[92.702,12.507],[92.702,12.508],[92.702,12.508],[92.702,12.509],[92.702,12.509],[92.702,12.51],[92.701,12.51],[92.701,12.51],[92.701,12.511],[92.701,12.511],[92.7,12.511],[92.7,12.512],[92.699,12.512],[92.699,12.512],[92.698,12.512],[92.697,12.512],[92.697,12.512],[92.696,12.513],[92.695,12.513],[92.695,12.514],[92.695,12.514],[92.694,12.515],[92.694,12.516],[92.695,12.516],[92.695,12.517],[92.695,12.517],[92.695,12.517],[92.695,12.518],[92.695,12.518],[92.695,12.519],[92.695,12.52],[92.695,12.52],[92.695,12.52],[92.696,12.52],[92.696,12.521],[92.697,12.521],[92.697,12.521],[92.697,12.522],[92.697,12.522],[92.697,12.523],[92.697,12.524],[92.698,12.524],[92.698,12.525],[92.698,12.525],[92.698,12.526],[92.698,12.526],[92.698,12.527],[92.698,12.527],[92.698,12.527],[92.699,12.528],[92.699,12.528],[92.699,12.528],[92.699,12.528],[92.699,12.529],[92.699,12.529],[92.699,12.53],[92.7,12.53],[92.7,12.533],[92.7,12.533],[92.7,12.534],[92.7,12.535],[92.7,12.535],[92.7,12.535],[92.699,12.535],[92.699,12.535],[92.699,12.535],[92.699,12.536],[92.699,12.536],[92.699,12.537],[92.699,12.538],[92.699,12.539],[92.699,12.539],[92.699,12.54],[92.699,12.54],[92.699,12.54],[92.7,12.541],[92.7,12.541],[92.7,12.542],[92.7,12.542],[92.7,12.543],[92.7,12.543],[92.7,12.543],[92.7,12.544],[92.7,12.544],[92.701,12.544],[92.701,12.545],[92.701,12.545],[92.701,12.546],[92.702,12.546],[92.702,12.546],[92.702,12.546],[92.703,12.546],[92.703,12.546],[92.704,12.546],[92.704,12.546],[92.705,12.546],[92.705,12.546],[92.705,12.546],[92.705,12.546],[92.706,12.547],[92.706,12.547],[92.706,12.547],[92.706,12.547],[92.707,12.548],[92.707,12.548],[92.706,12.548],[92.706,12.548],[92.705,12.548],[92.705,12.547],[92.704,12.547],[92.704,12.547],[92.703,12.547],[92.703,12.547],[92.704,12.548],[92.704,12.549],[92.704,12.549],[92.704,12.549],[92.704,12.549],[92.704,12.55],[92.705,12.55],[92.705,12.551],[92.706,12.551],[92.706,12.552],[92.706,12.552],[92.706,12.552],[92.706,12.553],[92.706,12.553],[92.707,12.553],[92.707,12.553],[92.707,12.553],[92.707,12.554],[92.708,12.554],[92.708,12.555],[92.708,12.555],[92.708,12.555],[92.709,12.556],[92.709,12.556],[92.709,12.557],[92.709,12.557],[92.709,12.558],[92.709,12.558],[92.709,12.559],[92.709,12.559],[92.708,12.559],[92.708,12.56],[92.708,12.56],[92.708,12.56],[92.708,12.561],[92.708,12.561],[92.708,12.562],[92.707,12.562],[92.707,12.562],[92.707,12.563],[92.706,12.563],[92.706,12.563],[92.706,12.563],[92.706,12.564],[92.705,12.564],[92.705,12.564],[92.705,12.564],[92.705,12.565],[92.705,12.565],[92.705,12.566],[92.705,12.566],[92.705,12.567],[92.705,12.567],[92.705,12.568],[92.705,12.568],[92.705,12.569],[92.706,12.569],[92.707,12.571],[92.707,12.571],[92.708,12.571],[92.708,12.572],[92.708,12.572],[92.708,12.573],[92.708,12.573],[92.708,12.573],[92.708,12.574],[92.708,12.575],[92.708,12.575],[92.708,12.575],[92.709,12.576],[92.709,12.576],[92.708,12.577],[92.707,12.577],[92.707,12.577],[92.707,12.577],[92.706,12.578],[92.706,12.578],[92.706,12.578],[92.705,12.579],[92.705,12.58],[92.705,12.58],[92.706,12.581],[92.706,12.581],[92.706,12.581],[92.706,12.582],[92.707,12.582],[92.707,12.582],[92.707,12.583],[92.707,12.583],[92.707,12.584],[92.707,12.584],[92.707,12.585],[92.707,12.585],[92.707,12.585],[92.707,12.585],[92.706,12.586],[92.706,12.586],[92.706,12.586],[92.706,12.586],[92.705,12.586],[92.705,12.586],[92.705,12.586],[92.704,12.587],[92.704,12.587],[92.704,12.588],[92.704,12.588],[92.704,12.589],[92.704,12.589],[92.705,12.59],[92.705,12.591],[92.706,12.591],[92.706,12.591],[92.706,12.591],[92.706,12.592],[92.706,12.593],[92.707,12.593],[92.707,12.595],[92.707,12.595],[92.707,12.596],[92.707,12.596],[92.707,12.597],[92.707,12.597],[92.707,12.597],[92.706,12.597],[92.705,12.597],[92.705,12.596],[92.704,12.597],[92.704,12.597],[92.704,12.597],[92.704,12.598],[92.703,12.598],[92.703,12.598],[92.703,12.598],[92.703,12.599],[92.703,12.599],[92.703,12.599],[92.702,12.599],[92.702,12.599],[92.701,12.6],[92.701,12.6],[92.7,12.6],[92.7,12.6],[92.699,12.6],[92.699,12.6],[92.699,12.6],[92.698,12.6],[92.698,12.6],[92.697,12.6],[92.697,12.6],[92.696,12.6],[92.696,12.6],[92.696,12.6],[92.696,12.6],[92.695,12.6],[92.695,12.6],[92.695,12.6],[92.695,12.6],[92.694,12.6],[92.694,12.601],[92.694,12.601],[92.693,12.601],[92.693,12.601],[92.692,12.601],[92.692,12.601],[92.692,12.602],[92.691,12.602],[92.691,12.602],[92.691,12.602],[92.69,12.602],[92.689,12.602],[92.689,12.602],[92.688,12.602],[92.688,12.602],[92.687,12.601],[92.687,12.601],[92.686,12.601],[92.686,12.602],[92.686,12.602],[92.685,12.602],[92.685,12.603],[92.685,12.603],[92.685,12.604],[92.685,12.605],[92.685,12.605],[92.685,12.606],[92.684,12.607],[92.684,12.607],[92.684,12.608],[92.685,12.609],[92.685,12.609],[92.685,12.61],[92.685,12.61],[92.685,12.611],[92.685,12.612],[92.685,12.612],[92.686,12.613],[92.686,12.614],[92.686,12.615],[92.687,12.616],[92.687,12.616],[92.687,12.615],[92.687,12.615],[92.687,12.614],[92.687,12.614],[92.687,12.613],[92.688,12.612],[92.688,12.611],[92.688,12.611],[92.689,12.611],[92.689,12.61],[92.69,12.61],[92.69,12.609],[92.691,12.609],[92.691,12.608],[92.691,12.608],[92.692,12.608],[92.692,12.608],[92.693,12.608],[92.693,12.608],[92.694,12.608],[92.694,12.607],[92.695,12.607],[92.695,12.607],[92.695,12.607],[92.696,12.608],[92.696,12.608],[92.696,12.608],[92.697,12.609],[92.697,12.609],[92.697,12.609],[92.698,12.61],[92.699,12.61],[92.699,12.61],[92.699,12.611],[92.699,12.611],[92.7,12.611],[92.7,12.611],[92.7,12.612],[92.7,12.612],[92.701,12.612],[92.701,12.612],[92.701,12.613],[92.702,12.613],[92.702,12.613],[92.702,12.613],[92.703,12.613],[92.703,12.612],[92.703,12.612],[92.703,12.612],[92.704,12.611],[92.704,12.611],[92.704,12.611],[92.704,12.61],[92.703,12.61],[92.703,12.609],[92.703,12.609],[92.703,12.609],[92.703,12.608],[92.704,12.608],[92.704,12.608],[92.704,12.608],[92.704,12.608],[92.705,12.608],[92.705,12.608],[92.705,12.609],[92.705,12.609],[92.706,12.61],[92.706,12.61],[92.706,12.611],[92.706,12.611],[92.706,12.612],[92.707,12.612],[92.707,12.613],[92.707,12.614],[92.707,12.614],[92.708,12.615],[92.708,12.615],[92.709,12.615],[92.709,12.616],[92.709,12.616],[92.71,12.616],[92.71,12.616],[92.71,12.617],[92.71,12.617],[92.71,12.617],[92.71,12.618],[92.71,12.619],[92.71,12.619],[92.71,12.62],[92.71,12.62],[92.711,12.62],[92.711,12.621],[92.711,12.621],[92.711,12.622],[92.712,12.622],[92.712,12.623],[92.712,12.623],[92.712,12.624],[92.712,12.625],[92.712,12.625],[92.712,12.625],[92.712,12.626],[92.712,12.626],[92.712,12.626],[92.712,12.627],[92.712,12.627],[92.712,12.628],[92.713,12.628],[92.713,12.628],[92.713,12.629],[92.713,12.629],[92.713,12.629],[92.713,12.63],[92.713,12.63],[92.713,12.631],[92.713,12.632],[92.714,12.632],[92.714,12.633],[92.714,12.633],[92.714,12.633],[92.714,12.634],[92.714,12.634],[92.715,12.634],[92.715,12.635],[92.715,12.635],[92.715,12.636],[92.715,12.636],[92.715,12.636],[92.715,12.637],[92.715,12.637],[92.715,12.638],[92.716,12.638],[92.716,12.639],[92.716,12.639],[92.715,12.64],[92.715,12.64],[92.715,12.641],[92.715,12.642],[92.715,12.642],[92.715,12.643],[92.715,12.643],[92.716,12.644],[92.716,12.644],[92.717,12.644],[92.717,12.643],[92.718,12.643],[92.718,12.643],[92.719,12.643],[92.719,12.644],[92.719,12.644],[92.72,12.643],[92.72,12.643],[92.72,12.642],[92.72,12.642],[92.72,12.641],[92.72,12.641],[92.72,12.64],[92.719,12.64],[92.719,12.64],[92.719,12.639],[92.719,12.639],[92.719,12.639],[92.719,12.638],[92.72,12.638],[92.72,12.637],[92.72,12.637],[92.72,12.637],[92.72,12.636],[92.721,12.636],[92.721,12.635],[92.721,12.635],[92.721,12.634],[92.721,12.634],[92.721,12.633],[92.721,12.633],[92.721,12.633],[92.721,12.632],[92.721,12.632],[92.722,12.632],[92.722,12.632],[92.722,12.631],[92.722,12.631],[92.722,12.631],[92.722,12.63],[92.722,12.629],[92.723,12.629],[92.723,12.628],[92.723,12.628],[92.723,12.627],[92.724,12.627],[92.724,12.627],[92.724,12.627],[92.724,12.627],[92.725,12.627],[92.725,12.627],[92.725,12.627],[92.725,12.628],[92.725,12.628],[92.726,12.629],[92.726,12.629],[92.726,12.629],[92.726,12.63],[92.726,12.63],[92.726,12.632],[92.726,12.632],[92.726,12.633],[92.727,12.634],[92.727,12.634],[92.728,12.635],[92.729,12.635],[92.729,12.636],[92.731,12.636],[92.731,12.636],[92.731,12.636],[92.731,12.636],[92.732,12.636],[92.732,12.637],[92.732,12.637],[92.732,12.637],[92.733,12.637],[92.733,12.637],[92.733,12.637],[92.734,12.638],[92.734,12.637],[92.734,12.638],[92.734,12.638],[92.736,12.639],[92.736,12.639],[92.736,12.64],[92.736,12.64],[92.736,12.641],[92.736,12.641],[92.736,12.641],[92.736,12.642],[92.735,12.642],[92.735,12.643],[92.735,12.643],[92.735,12.644],[92.735,12.644],[92.735,12.644],[92.735,12.645],[92.735,12.645],[92.735,12.645],[92.735,12.646],[92.734,12.646],[92.734,12.646],[92.734,12.647],[92.734,12.648],[92.734,12.648],[92.734,12.649],[92.734,12.65],[92.734,12.65],[92.733,12.651],[92.733,12.651],[92.733,12.652],[92.733,12.652],[92.733,12.652],[92.733,12.652],[92.733,12.653],[92.733,12.653],[92.733,12.654],[92.734,12.654],[92.734,12.655],[92.734,12.656],[92.734,12.656],[92.734,12.657],[92.735,12.657],[92.735,12.657],[92.736,12.657],[92.737,12.658],[92.737,12.658],[92.737,12.658],[92.738,12.658],[92.738,12.659],[92.739,12.659],[92.739,12.659],[92.74,12.659],[92.74,12.66],[92.74,12.66],[92.741,12.66],[92.741,12.661],[92.741,12.661],[92.741,12.662],[92.742,12.662],[92.742,12.663],[92.742,12.664],[92.743,12.664],[92.743,12.665],[92.743,12.665],[92.744,12.665],[92.744,12.666],[92.744,12.666],[92.744,12.667],[92.744,12.667],[92.744,12.667],[92.744,12.668],[92.745,12.668],[92.745,12.668],[92.746,12.668],[92.746,12.668],[92.747,12.668],[92.747,12.668],[92.747,12.668],[92.747,12.668],[92.748,12.667],[92.748,12.667],[92.748,12.667],[92.748,12.666],[92.749,12.666],[92.749,12.666],[92.749,12.666],[92.75,12.666],[92.75,12.666],[92.75,12.666],[92.751,12.666],[92.751,12.666],[92.751,12.666],[92.751,12.667],[92.752,12.667],[92.752,12.668],[92.752,12.668],[92.752,12.669],[92.752,12.669],[92.752,12.67],[92.752,12.67],[92.752,12.67],[92.753,12.67],[92.753,12.671],[92.753,12.671],[92.754,12.671],[92.754,12.67],[92.755,12.67],[92.756,12.67],[92.756,12.669],[92.757,12.669],[92.757,12.669],[92.757,12.669],[92.758,12.669],[92.758,12.669],[92.758,12.669],[92.759,12.668],[92.759,12.668],[92.76,12.668],[92.76,12.668],[92.76,12.668],[92.761,12.668],[92.761,12.668],[92.762,12.668],[92.762,12.668],[92.762,12.668],[92.763,12.668],[92.763,12.668],[92.764,12.668],[92.764,12.668],[92.765,12.668],[92.765,12.668],[92.766,12.668],[92.766,12.668],[92.767,12.668],[92.767,12.668],[92.768,12.668],[92.768,12.668],[92.769,12.668],[92.769,12.668],[92.77,12.668],[92.77,12.668],[92.77,12.668],[92.771,12.669],[92.771,12.669],[92.772,12.669],[92.772,12.669],[92.773,12.67],[92.773,12.67],[92.773,12.67],[92.774,12.67],[92.774,12.669],[92.775,12.669],[92.775,12.669],[92.776,12.669],[92.776,12.668],[92.776,12.668],[92.777,12.667],[92.777,12.667],[92.777,12.667],[92.777,12.666],[92.778,12.666],[92.778,12.665],[92.778,12.665],[92.778,12.665],[92.778,12.664],[92.778,12.664],[92.778,12.663],[92.779,12.663],[92.779,12.662],[92.779,12.661],[92.779,12.661],[92.779,12.66],[92.779,12.66],[92.779,12.659],[92.779,12.659],[92.779,12.658],[92.779,12.658],[92.779,12.657],[92.779,12.656],[92.779,12.655],[92.779,12.655],[92.779,12.654],[92.779,12.654],[92.779,12.653],[92.779,12.653],[92.779,12.652],[92.779,12.652],[92.779,12.652],[92.779,12.651],[92.779,12.651],[92.779,12.65],[92.779,12.65],[92.779,12.649],[92.779,12.649],[92.779,12.648],[92.779,12.648],[92.779,12.647],[92.779,12.647],[92.779,12.646],[92.779,12.646],[92.779,12.646],[92.779,12.645],[92.779,12.645],[92.779,12.644],[92.779,12.644],[92.779,12.643],[92.779,12.643],[92.779,12.642],[92.779,12.642],[92.779,12.641],[92.779,12.641],[92.779,12.64],[92.779,12.64],[92.779,12.64],[92.778,12.639],[92.778,12.639],[92.778,12.639],[92.777,12.639],[92.777,12.638],[92.777,12.638],[92.776,12.637],[92.776,12.637],[92.777,12.636],[92.777,12.635],[92.777,12.635],[92.777,12.635],[92.777,12.634],[92.777,12.634],[92.777,12.633],[92.778,12.632],[92.778,12.633],[92.778,12.633],[92.778,12.634],[92.778,12.634],[92.778,12.635],[92.778,12.635],[92.777,12.636],[92.777,12.636],[92.777,12.637],[92.777,12.637],[92.777,12.638],[92.778,12.638],[92.778,12.638],[92.779,12.638],[92.779,12.638],[92.779,12.638],[92.779,12.638],[92.78,12.638],[92.78,12.637],[92.78,12.637],[92.78,12.637],[92.78,12.636],[92.78,12.636],[92.78,12.635],[92.78,12.635],[92.78,12.635],[92.78,12.634],[92.78,12.634],[92.78,12.634],[92.78,12.633],[92.78,12.632],[92.78,12.632],[92.78,12.631],[92.78,12.631],[92.78,12.63],[92.78,12.63],[92.78,12.63],[92.78,12.629],[92.78,12.629],[92.78,12.629],[92.781,12.629],[92.781,12.628],[92.781,12.628],[92.781,12.628],[92.782,12.628],[92.782,12.627],[92.782,12.627],[92.783,12.627],[92.783,12.626],[92.784,12.626],[92.784,12.626],[92.785,12.626],[92.785,12.625],[92.786,12.625],[92.786,12.625],[92.786,12.624],[92.786,12.624],[92.786,12.624],[92.785,12.623],[92.785,12.623],[92.785,12.622],[92.784,12.622],[92.784,12.621],[92.784,12.621],[92.784,12.62],[92.784,12.619],[92.784,12.619],[92.784,12.618],[92.784,12.618],[92.784,12.619],[92.785,12.619],[92.785,12.619],[92.786,12.62],[92.786,12.62],[92.786,12.621],[92.786,12.622],[92.787,12.623],[92.787,12.623],[92.787,12.624],[92.787,12.625],[92.786,12.626],[92.786,12.626],[92.786,12.626],[92.785,12.627],[92.785,12.627],[92.784,12.627],[92.784,12.628],[92.783,12.628],[92.783,12.628],[92.782,12.629],[92.782,12.629],[92.781,12.629],[92.781,12.63],[92.78,12.63],[92.78,12.631],[92.78,12.631],[92.78,12.632],[92.781,12.632],[92.781,12.634],[92.781,12.634],[92.781,12.634],[92.781,12.634],[92.781,12.635],[92.782,12.635],[92.782,12.635],[92.782,12.635],[92.782,12.636],[92.782,12.636],[92.782,12.637],[92.782,12.637],[92.782,12.638],[92.782,12.638],[92.782,12.639],[92.782,12.639],[92.782,12.64],[92.782,12.64],[92.782,12.641],[92.782,12.641],[92.782,12.642],[92.782,12.643],[92.782,12.643],[92.782,12.644],[92.782,12.644],[92.782,12.645],[92.781,12.646],[92.781,12.646],[92.781,12.646],[92.781,12.648],[92.781,12.648],[92.78,12.649],[92.78,12.65],[92.78,12.651],[92.78,12.651],[92.78,12.652],[92.78,12.653],[92.78,12.653],[92.78,12.654],[92.781,12.654],[92.781,12.654],[92.781,12.654],[92.782,12.654],[92.782,12.654],[92.782,12.653],[92.783,12.653],[92.783,12.653],[92.783,12.654],[92.783,12.654],[92.783,12.655],[92.783,12.655],[92.783,12.655],[92.784,12.656],[92.784,12.656],[92.784,12.657],[92.784,12.658],[92.784,12.658],[92.784,12.659],[92.784,12.659],[92.784,12.66],[92.784,12.66],[92.784,12.66],[92.784,12.661],[92.784,12.661],[92.784,12.662],[92.784,12.662],[92.784,12.663],[92.784,12.663],[92.784,12.664],[92.784,12.664],[92.784,12.665],[92.784,12.666],[92.784,12.666],[92.785,12.667],[92.785,12.667],[92.785,12.668],[92.785,12.668],[92.786,12.668],[92.786,12.669],[92.786,12.669],[92.786,12.669],[92.787,12.67],[92.787,12.67],[92.787,12.671],[92.787,12.671],[92.787,12.672],[92.788,12.672],[92.788,12.673],[92.788,12.673],[92.788,12.674],[92.789,12.674],[92.789,12.674],[92.789,12.675],[92.788,12.675],[92.788,12.676],[92.788,12.676],[92.788,12.676],[92.788,12.677],[92.788,12.677],[92.788,12.677],[92.787,12.678],[92.787,12.678],[92.787,12.679],[92.787,12.679],[92.787,12.68],[92.787,12.68],[92.787,12.681],[92.787,12.681],[92.787,12.682],[92.787,12.682],[92.787,12.683],[92.787,12.683],[92.787,12.684],[92.787,12.684],[92.786,12.685],[92.786,12.685],[92.786,12.686],[92.787,12.686],[92.787,12.687],[92.787,12.687],[92.787,12.688],[92.787,12.688],[92.787,12.689],[92.787,12.689],[92.787,12.689],[92.787,12.69],[92.787,12.69],[92.787,12.69],[92.787,12.691],[92.787,12.691],[92.787,12.691],[92.787,12.692],[92.787,12.692],[92.787,12.692],[92.787,12.692],[92.787,12.693],[92.787,12.693],[92.787,12.694],[92.787,12.694],[92.787,12.695],[92.787,12.695],[92.787,12.696],[92.787,12.696],[92.787,12.697],[92.787,12.697],[92.787,12.698],[92.787,12.698],[92.787,12.699],[92.787,12.7],[92.787,12.7],[92.787,12.701],[92.787,12.701],[92.787,12.702],[92.787,12.702],[92.788,12.703],[92.787,12.703],[92.787,12.703],[92.787,12.704],[92.787,12.704],[92.787,12.704],[92.787,12.705],[92.787,12.706],[92.787,12.706],[92.787,12.707],[92.787,12.707],[92.787,12.708],[92.787,12.708],[92.787,12.709],[92.786,12.709],[92.786,12.709],[92.786,12.71],[92.785,12.71],[92.784,12.71],[92.783,12.71],[92.781,12.711],[92.78,12.713],[92.779,12.713],[92.779,12.713],[92.779,12.712],[92.779,12.712],[92.78,12.711],[92.782,12.71],[92.783,12.709],[92.783,12.709],[92.784,12.709],[92.784,12.708],[92.785,12.708],[92.785,12.708],[92.786,12.707],[92.786,12.707],[92.786,12.706],[92.786,12.706],[92.786,12.706],[92.786,12.705],[92.786,12.703],[92.786,12.703],[92.786,12.703],[92.786,12.702],[92.786,12.702],[92.785,12.701],[92.785,12.701],[92.785,12.7],[92.785,12.7],[92.785,12.699],[92.785,12.699],[92.785,12.698],[92.785,12.697],[92.785,12.697],[92.784,12.696],[92.785,12.695],[92.784,12.695],[92.784,12.694],[92.784,12.693],[92.784,12.693],[92.784,12.692],[92.784,12.692],[92.783,12.691],[92.783,12.691],[92.783,12.691],[92.782,12.69],[92.782,12.69],[92.781,12.69],[92.781,12.689],[92.781,12.689],[92.781,12.689],[92.78,12.688],[92.78,12.688],[92.78,12.688],[92.78,12.687],[92.779,12.687],[92.779,12.686],[92.778,12.686],[92.778,12.685],[92.778,12.685],[92.777,12.684],[92.777,12.684],[92.777,12.684],[92.777,12.683],[92.777,12.683],[92.777,12.683],[92.776,12.682],[92.776,12.682],[92.776,12.681],[92.776,12.681],[92.776,12.68],[92.776,12.68],[92.775,12.68],[92.775,12.679],[92.775,12.679],[92.774,12.679],[92.774,12.678],[92.774,12.678],[92.773,12.678],[92.773,12.677],[92.773,12.677],[92.772,12.677],[92.772,12.676],[92.772,12.676],[92.771,12.676],[92.771,12.675],[92.771,12.675],[92.771,12.674],[92.77,12.674],[92.77,12.673],[92.77,12.673],[92.769,12.672],[92.769,12.672],[92.769,12.672],[92.768,12.672],[92.768,12.671],[92.767,12.671],[92.767,12.671],[92.766,12.671],[92.766,12.671],[92.765,12.671],[92.765,12.671],[92.764,12.671],[92.764,12.671],[92.763,12.671],[92.763,12.671],[92.762,12.671],[92.762,12.671],[92.761,12.671],[92.761,12.671],[92.76,12.671],[92.76,12.671],[92.759,12.672],[92.759,12.672],[92.758,12.672],[92.757,12.672],[92.757,12.672],[92.757,12.672],[92.756,12.672],[92.756,12.673],[92.756,12.673],[92.755,12.673],[92.755,12.673],[92.755,12.674],[92.755,12.674],[92.754,12.674],[92.754,12.674],[92.753,12.674],[92.753,12.675],[92.753,12.675],[92.752,12.675],[92.752,12.675],[92.751,12.675],[92.751,12.674],[92.75,12.674],[92.75,12.674],[92.75,12.674],[92.749,12.673],[92.749,12.673],[92.749,12.673],[92.748,12.672],[92.748,12.672],[92.747,12.672],[92.746,12.672],[92.746,12.672],[92.746,12.672],[92.745,12.671],[92.745,12.671],[92.744,12.671],[92.743,12.671],[92.743,12.672],[92.743,12.672],[92.742,12.672],[92.742,12.672],[92.741,12.673],[92.741,12.672],[92.741,12.672],[92.74,12.672],[92.74,12.672],[92.739,12.673],[92.739,12.673],[92.738,12.673],[92.738,12.673],[92.737,12.672],[92.737,12.672],[92.737,12.672],[92.736,12.672],[92.736,12.673],[92.735,12.673],[92.735,12.673],[92.735,12.674],[92.734,12.674],[92.734,12.674],[92.733,12.674],[92.733,12.674],[92.733,12.674],[92.733,12.675],[92.733,12.675],[92.733,12.676],[92.734,12.676],[92.734,12.676],[92.734,12.677],[92.734,12.677],[92.735,12.677],[92.735,12.678],[92.735,12.678],[92.735,12.679],[92.735,12.679],[92.735,12.68],[92.736,12.68],[92.736,12.681],[92.736,12.681],[92.736,12.681],[92.736,12.682],[92.736,12.682],[92.736,12.682],[92.736,12.683],[92.736,12.683],[92.736,12.684],[92.736,12.684],[92.736,12.684],[92.736,12.685],[92.736,12.685],[92.736,12.685],[92.735,12.686],[92.735,12.686],[92.735,12.687],[92.734,12.688],[92.734,12.688],[92.734,12.689],[92.734,12.689],[92.733,12.689],[92.733,12.69],[92.732,12.69],[92.731,12.691],[92.73,12.691],[92.73,12.692],[92.73,12.692],[92.729,12.691],[92.729,12.691],[92.728,12.691],[92.728,12.692],[92.728,12.692],[92.728,12.692],[92.728,12.693],[92.728,12.693],[92.728,12.693],[92.728,12.694],[92.729,12.694],[92.729,12.695],[92.729,12.695],[92.729,12.696],[92.729,12.696],[92.729,12.697],[92.729,12.697],[92.73,12.698],[92.73,12.698],[92.731,12.698],[92.731,12.698],[92.732,12.698],[92.732,12.698],[92.733,12.699],[92.733,12.699],[92.733,12.699],[92.734,12.699],[92.734,12.699],[92.734,12.699],[92.735,12.699],[92.738,12.699],[92.739,12.699],[92.739,12.699],[92.739,12.7],[92.74,12.7],[92.74,12.7],[92.741,12.7],[92.741,12.7],[92.742,12.699],[92.743,12.699],[92.743,12.699],[92.743,12.699],[92.743,12.7],[92.742,12.701],[92.742,12.701],[92.741,12.702],[92.741,12.702],[92.741,12.703],[92.741,12.703],[92.74,12.704],[92.741,12.704],[92.741,12.705],[92.741,12.705],[92.741,12.705],[92.741,12.706],[92.741,12.706],[92.741,12.707],[92.741,12.707],[92.74,12.707],[92.74,12.708],[92.74,12.708],[92.74,12.708],[92.74,12.708],[92.74,12.709],[92.74,12.709],[92.74,12.71],[92.74,12.71],[92.74,12.71],[92.74,12.711],[92.74,12.711],[92.739,12.711],[92.739,12.712],[92.74,12.712],[92.74,12.713],[92.74,12.713],[92.74,12.713],[92.74,12.714],[92.74,12.714],[92.74,12.715],[92.74,12.715],[92.74,12.715],[92.74,12.716],[92.74,12.716],[92.74,12.717],[92.741,12.717],[92.74,12.717],[92.74,12.718],[92.741,12.718],[92.741,12.719],[92.741,12.72],[92.741,12.72],[92.741,12.721],[92.741,12.721],[92.742,12.721],[92.744,12.721],[92.744,12.722],[92.744,12.722],[92.746,12.722],[92.746,12.722],[92.746,12.722],[92.746,12.723],[92.746,12.723],[92.745,12.723],[92.745,12.723],[92.745,12.724],[92.744,12.724],[92.744,12.724],[92.744,12.724],[92.743,12.724],[92.743,12.724],[92.742,12.724],[92.741,12.724],[92.741,12.725],[92.741,12.726],[92.741,12.727],[92.741,12.728],[92.741,12.728],[92.74,12.729],[92.74,12.729],[92.74,12.73],[92.74,12.73],[92.74,12.731],[92.74,12.731],[92.74,12.731],[92.74,12.732],[92.74,12.732],[92.74,12.733],[92.739,12.734],[92.74,12.734],[92.74,12.734],[92.739,12.735],[92.739,12.735],[92.739,12.735],[92.739,12.734],[92.739,12.734],[92.739,12.733],[92.739,12.733],[92.739,12.732],[92.738,12.732],[92.738,12.733],[92.738,12.734],[92.738,12.734],[92.738,12.734],[92.738,12.735],[92.738,12.736],[92.738,12.736],[92.739,12.736],[92.739,12.737],[92.739,12.737],[92.739,12.738],[92.739,12.738],[92.739,12.738],[92.738,12.739],[92.738,12.739],[92.738,12.738],[92.737,12.738],[92.736,12.738],[92.736,12.738],[92.735,12.739],[92.735,12.739],[92.735,12.739],[92.734,12.74],[92.734,12.74],[92.734,12.74],[92.733,12.741],[92.733,12.741],[92.733,12.742],[92.732,12.742],[92.732,12.742],[92.732,12.743],[92.731,12.743],[92.731,12.743],[92.731,12.744],[92.731,12.744],[92.731,12.745],[92.731,12.745],[92.731,12.745],[92.73,12.746],[92.73,12.746],[92.73,12.747],[92.73,12.747],[92.73,12.748],[92.73,12.748],[92.73,12.748],[92.73,12.749],[92.73,12.749],[92.73,12.75],[92.73,12.75],[92.73,12.75],[92.731,12.751],[92.731,12.751],[92.731,12.752],[92.731,12.752],[92.731,12.753],[92.731,12.753],[92.731,12.753],[92.731,12.754],[92.731,12.754],[92.731,12.754],[92.731,12.755],[92.73,12.755],[92.73,12.756],[92.73,12.756],[92.73,12.757],[92.73,12.757],[92.729,12.757],[92.729,12.758],[92.729,12.758],[92.729,12.758],[92.729,12.758],[92.729,12.759],[92.729,12.759],[92.728,12.759],[92.728,12.76],[92.728,12.76],[92.728,12.761],[92.728,12.762],[92.728,12.762],[92.728,12.763],[92.727,12.764],[92.727,12.764],[92.727,12.765],[92.727,12.765],[92.726,12.766],[92.726,12.766],[92.726,12.767],[92.726,12.768],[92.726,12.768],[92.726,12.769],[92.726,12.769],[92.726,12.77],[92.726,12.77],[92.726,12.77],[92.726,12.771],[92.725,12.771],[92.725,12.771],[92.725,12.771],[92.725,12.772],[92.725,12.772],[92.725,12.773],[92.724,12.774],[92.724,12.774],[92.724,12.775],[92.724,12.775],[92.724,12.776],[92.724,12.776],[92.724,12.776],[92.724,12.777],[92.724,12.777],[92.724,12.777],[92.724,12.778],[92.724,12.778],[92.723,12.778],[92.724,12.778],[92.723,12.779],[92.723,12.779],[92.723,12.78],[92.723,12.78],[92.723,12.781],[92.723,12.781],[92.723,12.782],[92.723,12.782],[92.723,12.782],[92.723,12.783],[92.723,12.783],[92.722,12.784],[92.722,12.784],[92.722,12.785],[92.722,12.785],[92.722,12.785],[92.722,12.786],[92.722,12.786],[92.722,12.786],[92.721,12.787],[92.721,12.787],[92.721,12.787],[92.721,12.787],[92.721,12.788],[92.721,12.788],[92.721,12.789],[92.721,12.789],[92.721,12.79],[92.721,12.79],[92.721,12.791],[92.722,12.791],[92.722,12.792],[92.722,12.792],[92.722,12.792],[92.722,12.793],[92.723,12.793],[92.723,12.793],[92.723,12.794],[92.723,12.794],[92.723,12.795],[92.724,12.795],[92.724,12.796],[92.724,12.796],[92.724,12.796],[92.724,12.796],[92.724,12.796],[92.723,12.796],[92.723,12.796],[92.723,12.796],[92.723,12.796],[92.722,12.796],[92.722,12.796],[92.721,12.796],[92.721,12.797],[92.721,12.797],[92.721,12.797],[92.721,12.799],[92.721,12.8],[92.721,12.801],[92.721,12.801],[92.721,12.802],[92.721,12.803],[92.721,12.804],[92.72,12.805],[92.72,12.806],[92.721,12.806],[92.721,12.807],[92.721,12.808],[92.721,12.808],[92.721,12.809],[92.721,12.809],[92.721,12.809],[92.721,12.81],[92.722,12.81],[92.722,12.811],[92.722,12.812],[92.722,12.812],[92.722,12.813],[92.722,12.813],[92.722,12.813],[92.722,12.814],[92.722,12.814],[92.722,12.814],[92.722,12.815],[92.722,12.815],[92.722,12.816],[92.722,12.816],[92.722,12.817],[92.722,12.817],[92.722,12.817],[92.722,12.817],[92.722,12.818],[92.722,12.818],[92.722,12.818],[92.723,12.819],[92.723,12.819],[92.723,12.819],[92.723,12.82],[92.723,12.82],[92.723,12.821],[92.723,12.821],[92.723,12.822],[92.723,12.822],[92.723,12.822],[92.723,12.823],[92.723,12.823],[92.723,12.823],[92.723,12.824],[92.723,12.824],[92.724,12.825],[92.724,12.825],[92.724,12.826],[92.724,12.826],[92.724,12.826],[92.724,12.827],[92.724,12.827],[92.724,12.827],[92.724,12.828],[92.724,12.828],[92.725,12.828],[92.725,12.828],[92.726,12.829],[92.726,12.829],[92.727,12.829],[92.727,12.829],[92.727,12.829],[92.727,12.829],[92.728,12.83],[92.728,12.83],[92.728,12.83],[92.728,12.831],[92.729,12.831],[92.729,12.832],[92.729,12.832],[92.729,12.833],[92.73,12.834],[92.73,12.834],[92.73,12.835],[92.73,12.835],[92.731,12.835],[92.731,12.835],[92.731,12.835],[92.732,12.835],[92.732,12.835],[92.732,12.835],[92.732,12.834],[92.732,12.834],[92.733,12.833],[92.733,12.833],[92.733,12.832],[92.733,12.831],[92.733,12.831],[92.733,12.83],[92.733,12.829],[92.733,12.828],[92.734,12.828],[92.734,12.827],[92.734,12.826],[92.734,12.826],[92.734,12.825],[92.734,12.824],[92.735,12.824],[92.735,12.823],[92.735,12.823],[92.735,12.822],[92.735,12.822],[92.735,12.822],[92.736,12.821],[92.736,12.821],[92.736,12.821],[92.736,12.82],[92.737,12.82],[92.737,12.819],[92.736,12.819],[92.736,12.818],[92.736,12.818],[92.736,12.817],[92.736,12.816],[92.736,12.816],[92.736,12.815],[92.736,12.815],[92.736,12.814],[92.736,12.813],[92.737,12.812],[92.737,12.812],[92.738,12.812],[92.738,12.812],[92.737,12.811],[92.737,12.811],[92.738,12.81],[92.738,12.81],[92.739,12.811],[92.739,12.812],[92.739,12.812],[92.739,12.813],[92.739,12.813],[92.739,12.813],[92.739,12.813],[92.739,12.814],[92.739,12.814],[92.739,12.815],[92.739,12.816],[92.739,12.816],[92.739,12.816],[92.739,12.816],[92.739,12.817],[92.739,12.818],[92.74,12.818],[92.739,12.819],[92.739,12.819],[92.739,12.82],[92.739,12.82],[92.739,12.82],[92.739,12.821],[92.739,12.821],[92.739,12.821],[92.739,12.821],[92.738,12.822],[92.739,12.822],[92.738,12.823],[92.738,12.823],[92.738,12.823],[92.738,12.824],[92.738,12.824],[92.738,12.825],[92.738,12.825],[92.738,12.826],[92.738,12.826],[92.738,12.826],[92.738,12.827],[92.738,12.828],[92.738,12.828],[92.738,12.829],[92.738,12.829],[92.738,12.83],[92.739,12.831],[92.739,12.831],[92.739,12.831],[92.739,12.832],[92.739,12.832],[92.739,12.832],[92.74,12.833],[92.74,12.833],[92.74,12.834],[92.74,12.834],[92.74,12.835],[92.74,12.835],[92.74,12.836],[92.741,12.836],[92.741,12.836],[92.741,12.836],[92.742,12.836],[92.742,12.835],[92.742,12.835],[92.742,12.834],[92.742,12.834],[92.742,12.833],[92.742,12.833],[92.742,12.832],[92.742,12.832],[92.742,12.831],[92.742,12.831],[92.742,12.83],[92.742,12.83],[92.742,12.829],[92.743,12.828],[92.743,12.828],[92.743,12.827],[92.743,12.827],[92.743,12.825],[92.743,12.825],[92.743,12.825],[92.743,12.825],[92.743,12.824],[92.744,12.826],[92.744,12.826],[92.744,12.827],[92.744,12.827],[92.744,12.828],[92.744,12.828],[92.744,12.828],[92.745,12.829],[92.744,12.829],[92.744,12.83],[92.744,12.83],[92.744,12.831],[92.744,12.831],[92.744,12.832],[92.744,12.832],[92.744,12.832],[92.744,12.833],[92.744,12.833],[92.744,12.834],[92.744,12.834],[92.744,12.835],[92.744,12.835],[92.744,12.836],[92.744,12.836],[92.744,12.837],[92.744,12.838],[92.744,12.838],[92.744,12.839],[92.745,12.839],[92.745,12.84],[92.745,12.841],[92.746,12.841],[92.746,12.842],[92.747,12.842],[92.747,12.842],[92.747,12.842],[92.748,12.842],[92.748,12.842],[92.748,12.842],[92.748,12.842],[92.749,12.842],[92.749,12.843],[92.749,12.843],[92.75,12.843],[92.75,12.844],[92.75,12.844],[92.751,12.844],[92.751,12.844],[92.751,12.844],[92.751,12.845],[92.751,12.845],[92.752,12.845],[92.752,12.845],[92.753,12.845],[92.753,12.845],[92.753,12.845],[92.754,12.846],[92.753,12.846],[92.753,12.847],[92.753,12.848],[92.754,12.848],[92.754,12.848],[92.755,12.848],[92.755,12.847],[92.756,12.847],[92.756,12.847],[92.757,12.847],[92.757,12.847],[92.757,12.847],[92.758,12.847],[92.758,12.847],[92.758,12.847],[92.758,12.848],[92.758,12.848],[92.759,12.848],[92.759,12.849],[92.759,12.849],[92.759,12.849],[92.759,12.849],[92.759,12.85],[92.759,12.85],[92.759,12.851],[92.759,12.851],[92.759,12.852],[92.759,12.852],[92.759,12.853],[92.759,12.853],[92.759,12.854],[92.759,12.854],[92.759,12.854],[92.759,12.855],[92.759,12.855],[92.759,12.856],[92.759,12.856],[92.759,12.857],[92.759,12.857],[92.759,12.857],[92.759,12.858],[92.759,12.858],[92.759,12.858],[92.76,12.859],[92.76,12.859],[92.761,12.859],[92.761,12.859],[92.761,12.859],[92.761,12.859],[92.762,12.859],[92.762,12.857],[92.762,12.855],[92.763,12.854],[92.763,12.853],[92.763,12.853],[92.763,12.852],[92.765,12.851],[92.765,12.85],[92.766,12.85],[92.766,12.849],[92.767,12.849],[92.767,12.848],[92.768,12.847],[92.768,12.847],[92.769,12.847],[92.769,12.846],[92.77,12.846],[92.77,12.846],[92.77,12.845],[92.77,12.845],[92.77,12.845],[92.771,12.845],[92.771,12.844],[92.771,12.844],[92.772,12.844],[92.772,12.843],[92.773,12.843],[92.773,12.842],[92.774,12.842],[92.774,12.841],[92.774,12.841],[92.774,12.84],[92.774,12.84],[92.774,12.839],[92.774,12.839],[92.774,12.839],[92.774,12.838],[92.774,12.838],[92.774,12.837],[92.774,12.836],[92.773,12.836],[92.773,12.835],[92.773,12.835],[92.773,12.834],[92.773,12.833],[92.773,12.833],[92.773,12.832],[92.773,12.832],[92.773,12.832],[92.773,12.831],[92.774,12.831],[92.774,12.83],[92.774,12.83],[92.774,12.83],[92.774,12.83],[92.774,12.829],[92.774,12.829],[92.775,12.829],[92.775,12.829],[92.775,12.828],[92.776,12.828],[92.776,12.828],[92.777,12.827],[92.777,12.827],[92.777,12.827],[92.778,12.827],[92.778,12.827],[92.779,12.826],[92.779,12.826],[92.78,12.826],[92.78,12.825],[92.78,12.825],[92.78,12.825],[92.78,12.824],[92.78,12.824],[92.78,12.824],[92.78,12.823],[92.78,12.823],[92.781,12.823],[92.781,12.822],[92.781,12.822],[92.781,12.822],[92.781,12.821],[92.781,12.821],[92.781,12.82],[92.781,12.82],[92.781,12.82],[92.781,12.819],[92.781,12.819],[92.781,12.818],[92.781,12.818],[92.781,12.817],[92.781,12.817],[92.781,12.817],[92.781,12.816],[92.782,12.816],[92.782,12.815],[92.782,12.815],[92.782,12.814],[92.782,12.814],[92.782,12.813],[92.782,12.812],[92.782,12.812],[92.782,12.811],[92.782,12.811],[92.782,12.81],[92.782,12.81],[92.782,12.809],[92.782,12.809],[92.782,12.808],[92.782,12.808],[92.782,12.808],[92.782,12.807],[92.782,12.807],[92.783,12.808],[92.783,12.808],[92.784,12.809],[92.784,12.809],[92.785,12.809],[92.785,12.809],[92.785,12.81],[92.785,12.81],[92.786,12.81],[92.786,12.81],[92.786,12.811],[92.786,12.811],[92.785,12.811],[92.784,12.809],[92.783,12.809],[92.783,12.81],[92.783,12.81],[92.783,12.812],[92.783,12.812],[92.783,12.813],[92.783,12.814],[92.783,12.815],[92.783,12.815],[92.783,12.816],[92.783,12.816],[92.783,12.817],[92.783,12.817],[92.783,12.818],[92.783,12.818],[92.783,12.819],[92.782,12.819],[92.782,12.82],[92.782,12.82],[92.782,12.821],[92.782,12.821],[92.782,12.821],[92.781,12.822],[92.781,12.824],[92.782,12.824],[92.782,12.824],[92.783,12.824],[92.784,12.824],[92.784,12.824],[92.784,12.825],[92.783,12.825],[92.783,12.825],[92.782,12.825],[92.782,12.825],[92.781,12.826],[92.781,12.826],[92.781,12.826],[92.78,12.826],[92.78,12.827],[92.779,12.828],[92.778,12.828],[92.778,12.828],[92.777,12.828],[92.777,12.828],[92.777,12.828],[92.777,12.829],[92.776,12.829],[92.776,12.829],[92.776,12.829],[92.775,12.83],[92.775,12.83],[92.774,12.831],[92.774,12.831],[92.774,12.831],[92.774,12.833],[92.774,12.833],[92.774,12.835],[92.774,12.836],[92.774,12.836],[92.774,12.836],[92.774,12.837],[92.775,12.837],[92.775,12.837],[92.775,12.837],[92.775,12.839],[92.775,12.839],[92.775,12.84],[92.776,12.84],[92.776,12.841],[92.775,12.842],[92.775,12.842],[92.775,12.842],[92.775,12.843],[92.774,12.843],[92.774,12.844],[92.774,12.844],[92.774,12.844],[92.773,12.844],[92.773,12.844],[92.772,12.844],[92.772,12.845],[92.772,12.845],[92.771,12.845],[92.771,12.846],[92.771,12.846],[92.771,12.846],[92.77,12.847],[92.77,12.847],[92.77,12.848],[92.77,12.848],[92.77,12.848],[92.769,12.849],[92.769,12.85],[92.769,12.85],[92.769,12.851],[92.769,12.851],[92.769,12.852],[92.769,12.852],[92.769,12.853],[92.769,12.853],[92.769,12.854],[92.769,12.854],[92.77,12.855],[92.77,12.855],[92.77,12.856],[92.77,12.856],[92.77,12.857],[92.77,12.857],[92.77,12.858],[92.77,12.858],[92.77,12.859],[92.77,12.859],[92.77,12.859],[92.77,12.86],[92.77,12.86],[92.77,12.861],[92.769,12.861],[92.769,12.861],[92.769,12.862],[92.77,12.862],[92.77,12.863],[92.77,12.863],[92.771,12.863],[92.771,12.863],[92.771,12.863],[92.772,12.863],[92.772,12.863],[92.773,12.863],[92.773,12.862],[92.774,12.862],[92.774,12.862],[92.775,12.862],[92.775,12.862],[92.775,12.862],[92.775,12.862],[92.776,12.862],[92.776,12.862],[92.776,12.863],[92.777,12.863],[92.777,12.863],[92.777,12.864],[92.778,12.864],[92.779,12.864],[92.78,12.862],[92.78,12.862],[92.781,12.862],[92.781,12.861],[92.781,12.861],[92.781,12.858],[92.781,12.858],[92.781,12.858],[92.781,12.856],[92.781,12.856],[92.781,12.853],[92.781,12.853],[92.781,12.853],[92.781,12.851],[92.781,12.851],[92.781,12.849],[92.781,12.849],[92.781,12.848],[92.781,12.848],[92.781,12.848],[92.782,12.848],[92.782,12.849],[92.782,12.851],[92.781,12.851],[92.781,12.854],[92.782,12.854],[92.782,12.855],[92.782,12.855],[92.782,12.856],[92.782,12.856],[92.782,12.858],[92.782,12.859],[92.782,12.859],[92.782,12.86],[92.783,12.86],[92.783,12.86],[92.783,12.861],[92.784,12.861],[92.784,12.861],[92.785,12.862],[92.785,12.862],[92.786,12.862],[92.787,12.862],[92.787,12.862],[92.787,12.862],[92.788,12.862],[92.788,12.861],[92.789,12.861],[92.789,12.862],[92.79,12.862],[92.79,12.862],[92.791,12.862],[92.791,12.862],[92.792,12.862],[92.792,12.862],[92.793,12.863],[92.793,12.863],[92.793,12.863],[92.793,12.863],[92.793,12.864],[92.793,12.864],[92.793,12.864],[92.793,12.865],[92.793,12.865],[92.793,12.866],[92.793,12.867],[92.793,12.867],[92.793,12.868],[92.793,12.868],[92.793,12.869],[92.793,12.869],[92.793,12.87],[92.793,12.87],[92.794,12.87],[92.794,12.871],[92.794,12.871],[92.794,12.872],[92.794,12.872],[92.794,12.873],[92.793,12.874],[92.793,12.874],[92.793,12.875],[92.793,12.875],[92.793,12.875],[92.793,12.876],[92.793,12.876],[92.793,12.876],[92.793,12.877],[92.794,12.877],[92.794,12.877],[92.793,12.878],[92.793,12.878],[92.793,12.879],[92.793,12.879],[92.793,12.879],[92.793,12.88],[92.793,12.88],[92.793,12.881],[92.793,12.881],[92.794,12.882],[92.794,12.882],[92.793,12.883],[92.793,12.883],[92.793,12.883],[92.793,12.884],[92.792,12.884],[92.792,12.884],[92.792,12.885],[92.792,12.885],[92.792,12.885],[92.791,12.885],[92.791,12.886],[92.791,12.887],[92.791,12.887],[92.791,12.888],[92.791,12.888],[92.791,12.889],[92.792,12.89],[92.792,12.89],[92.792,12.89],[92.792,12.89],[92.793,12.89],[92.793,12.891],[92.794,12.891],[92.794,12.891],[92.794,12.891],[92.795,12.891],[92.795,12.891],[92.796,12.891],[92.797,12.892],[92.797,12.892],[92.797,12.892],[92.798,12.893],[92.798,12.893],[92.799,12.893],[92.799,12.894],[92.8,12.895],[92.8,12.895],[92.8,12.895],[92.801,12.895],[92.801,12.895],[92.801,12.896],[92.802,12.896],[92.802,12.896],[92.803,12.897],[92.803,12.897],[92.804,12.897],[92.804,12.897],[92.804,12.897],[92.805,12.897],[92.805,12.897],[92.806,12.897],[92.806,12.897],[92.807,12.897],[92.807,12.897],[92.808,12.897],[92.808,12.897],[92.809,12.897],[92.809,12.897],[92.809,12.897],[92.81,12.897],[92.81,12.898],[92.811,12.897],[92.811,12.897],[92.811,12.897],[92.812,12.897],[92.813,12.897],[92.813,12.897],[92.814,12.896],[92.814,12.896],[92.815,12.896],[92.815,12.896],[92.816,12.896],[92.816,12.896],[92.817,12.896],[92.817,12.896],[92.818,12.896],[92.818,12.896],[92.819,12.896],[92.819,12.896],[92.819,12.896],[92.82,12.896],[92.82,12.896],[92.821,12.896],[92.821,12.896],[92.822,12.896],[92.822,12.896],[92.823,12.896],[92.823,12.896],[92.824,12.896],[92.824,12.895],[92.825,12.895],[92.825,12.895],[92.825,12.894],[92.825,12.894],[92.826,12.893],[92.826,12.893],[92.826,12.892],[92.826,12.892],[92.826,12.892],[92.826,12.891],[92.826,12.891],[92.826,12.891],[92.826,12.89],[92.826,12.89],[92.826,12.889],[92.826,12.889],[92.826,12.889],[92.826,12.888],[92.827,12.888],[92.827,12.888],[92.827,12.887],[92.827,12.887],[92.828,12.886],[92.828,12.886],[92.829,12.885],[92.83,12.885],[92.83,12.885],[92.831,12.885],[92.831,12.885],[92.832,12.885],[92.832,12.885],[92.832,12.885],[92.833,12.885],[92.833,12.885],[92.834,12.885],[92.834,12.886],[92.834,12.886],[92.835,12.886],[92.835,12.887],[92.835,12.887],[92.835,12.887],[92.836,12.887],[92.836,12.887],[92.837,12.888],[92.837,12.888],[92.837,12.888],[92.837,12.888],[92.838,12.888],[92.838,12.888],[92.838,12.889],[92.838,12.889],[92.838,12.889],[92.838,12.89],[92.839,12.89],[92.839,12.89],[92.839,12.891],[92.839,12.891],[92.84,12.891],[92.84,12.891],[92.841,12.891],[92.841,12.891],[92.842,12.891],[92.842,12.891],[92.842,12.891],[92.843,12.89],[92.843,12.89],[92.843,12.889],[92.843,12.888],[92.843,12.887],[92.843,12.887],[92.843,12.886],[92.843,12.885],[92.843,12.885],[92.843,12.884],[92.842,12.884],[92.842,12.883],[92.842,12.883],[92.841,12.882],[92.841,12.882],[92.841,12.882],[92.841,12.881],[92.841,12.881],[92.841,12.881],[92.841,12.88],[92.841,12.88],[92.84,12.879],[92.84,12.879],[92.84,12.878],[92.84,12.878],[92.84,12.877],[92.84,12.877],[92.841,12.877],[92.841,12.876],[92.841,12.876],[92.842,12.876],[92.842,12.876],[92.843,12.875],[92.843,12.875],[92.844,12.875],[92.844,12.875],[92.845,12.875],[92.845,12.875],[92.846,12.875],[92.846,12.875],[92.846,12.875],[92.847,12.876],[92.847,12.876],[92.847,12.876],[92.848,12.876],[92.848,12.876],[92.849,12.876],[92.849,12.876],[92.849,12.876],[92.85,12.876],[92.85,12.876],[92.851,12.876],[92.851,12.877],[92.852,12.877],[92.852,12.877],[92.853,12.877],[92.853,12.877],[92.853,12.877],[92.854,12.877],[92.854,12.877],[92.854,12.877],[92.855,12.877],[92.857,12.877],[92.857,12.877],[92.858,12.878],[92.858,12.878],[92.859,12.878],[92.859,12.878],[92.86,12.878],[92.86,12.878],[92.861,12.878],[92.861,12.878],[92.862,12.879],[92.862,12.879],[92.863,12.879],[92.863,12.879],[92.864,12.879],[92.864,12.88],[92.864,12.88],[92.865,12.88],[92.865,12.88],[92.866,12.88],[92.867,12.88],[92.867,12.88],[92.868,12.88],[92.869,12.881],[92.869,12.881],[92.87,12.881],[92.871,12.881],[92.871,12.881],[92.872,12.881],[92.872,12.881],[92.873,12.881],[92.873,12.881],[92.874,12.881],[92.874,12.881],[92.874,12.882],[92.875,12.882],[92.875,12.882],[92.875,12.883],[92.875,12.883],[92.875,12.884],[92.876,12.884],[92.875,12.884],[92.875,12.885],[92.875,12.885],[92.874,12.886],[92.874,12.886],[92.874,12.886],[92.873,12.886],[92.873,12.886],[92.873,12.886],[92.871,12.888],[92.871,12.888],[92.871,12.888],[92.871,12.89],[92.871,12.89],[92.871,12.891],[92.872,12.891],[92.872,12.892],[92.872,12.892],[92.873,12.893],[92.873,12.893],[92.874,12.893],[92.874,12.894],[92.874,12.894],[92.875,12.894],[92.875,12.894],[92.876,12.894],[92.876,12.894],[92.877,12.895],[92.877,12.895],[92.877,12.895],[92.878,12.895],[92.878,12.895],[92.879,12.895],[92.879,12.895],[92.879,12.895],[92.879,12.895],[92.88,12.895],[92.881,12.895],[92.881,12.895],[92.882,12.895],[92.882,12.895],[92.883,12.894],[92.883,12.894],[92.884,12.894],[92.884,12.894],[92.885,12.894],[92.885,12.894],[92.885,12.894],[92.886,12.894],[92.886,12.894],[92.887,12.894],[92.887,12.894],[92.887,12.894],[92.888,12.894],[92.888,12.894],[92.889,12.895],[92.889,12.895],[92.89,12.895],[92.89,12.895],[92.891,12.896],[92.891,12.895],[92.891,12.895],[92.892,12.895],[92.892,12.896],[92.892,12.896],[92.893,12.896],[92.893,12.896],[92.893,12.896],[92.893,12.897],[92.893,12.897],[92.893,12.897],[92.894,12.897],[92.894,12.897],[92.894,12.897],[92.895,12.898],[92.895,12.898],[92.896,12.898],[92.896,12.899],[92.896,12.899],[92.896,12.9],[92.896,12.9],[92.897,12.901],[92.897,12.901],[92.897,12.902],[92.897,12.902],[92.897,12.902],[92.897,12.903],[92.898,12.903],[92.898,12.904],[92.898,12.904],[92.898,12.904],[92.898,12.904],[92.898,12.905],[92.898,12.905],[92.898,12.905],[92.898,12.906],[92.898,12.906],[92.898,12.907],[92.898,12.908],[92.898,12.908],[92.898,12.909],[92.898,12.909],[92.898,12.91],[92.898,12.91],[92.898,12.91],[92.898,12.911],[92.898,12.911],[92.898,12.911],[92.897,12.912],[92.897,12.912],[92.897,12.913],[92.897,12.913],[92.897,12.914],[92.897,12.914],[92.896,12.915],[92.896,12.915],[92.896,12.915],[92.896,12.916],[92.895,12.916],[92.895,12.916],[92.895,12.917],[92.895,12.917],[92.896,12.918],[92.896,12.918],[92.896,12.919],[92.896,12.919],[92.897,12.92],[92.897,12.92],[92.897,12.92],[92.898,12.921],[92.898,12.921],[92.898,12.921],[92.898,12.922],[92.898,12.922],[92.898,12.923],[92.898,12.923],[92.898,12.923],[92.898,12.924],[92.898,12.924],[92.898,12.924],[92.897,12.924],[92.897,12.925],[92.897,12.925],[92.897,12.926],[92.897,12.926],[92.897,12.927],[92.897,12.927],[92.898,12.927],[92.898,12.927],[92.899,12.927],[92.899,12.927],[92.9,12.926],[92.9,12.926],[92.901,12.926],[92.901,12.925],[92.901,12.925],[92.901,12.924],[92.901,12.924],[92.901,12.923],[92.901,12.923],[92.901,12.922],[92.901,12.922],[92.901,12.921],[92.901,12.921],[92.901,12.92],[92.901,12.92],[92.901,12.92],[92.9,12.919],[92.9,12.919],[92.9,12.919],[92.9,12.918],[92.9,12.918],[92.899,12.917],[92.899,12.917],[92.899,12.916],[92.899,12.916],[92.899,12.916]]],[[[92.774,12.931],[92.775,12.931],[92.776,12.931],[92.776,12.929],[92.776,12.929],[92.776,12.926],[92.776,12.926],[92.776,12.925],[92.775,12.925],[92.775,12.923],[92.775,12.923],[92.775,12.923],[92.775,12.923],[92.775,12.921],[92.775,12.921],[92.775,12.92],[92.774,12.92],[92.774,12.919],[92.774,12.919],[92.774,12.919],[92.773,12.919],[92.773,12.918],[92.773,12.918],[92.772,12.918],[92.772,12.918],[92.772,12.918],[92.772,12.919],[92.771,12.919],[92.771,12.919],[92.771,12.919],[92.771,12.921],[92.771,12.921],[92.771,12.921],[92.771,12.922],[92.77,12.922],[92.77,12.922],[92.77,12.922],[92.77,12.923],[92.77,12.923],[92.77,12.923],[92.77,12.923],[92.77,12.924],[92.77,12.924],[92.77,12.925],[92.771,12.925],[92.771,12.926],[92.771,12.926],[92.771,12.927],[92.771,12.927],[92.771,12.928],[92.77,12.928],[92.77,12.929],[92.771,12.929],[92.771,12.929],[92.771,12.929],[92.771,12.931],[92.771,12.931],[92.771,12.931],[92.773,12.931],[92.773,12.931],[92.774,12.931]]],[[[92.877,12.932],[92.877,12.932],[92.877,12.931],[92.878,12.931],[92.878,12.931],[92.878,12.931],[92.879,12.931],[92.879,12.931],[92.879,12.931],[92.88,12.931],[92.88,12.931],[92.881,12.93],[92.881,12.93],[92.882,12.93],[92.882,12.93],[92.882,12.93],[92.883,12.93],[92.883,12.93],[92.884,12.93],[92.884,12.93],[92.884,12.93],[92.885,12.929],[92.885,12.929],[92.885,12.928],[92.885,12.928],[92.885,12.927],[92.885,12.927],[92.886,12.926],[92.886,12.926],[92.886,12.925],[92.886,12.925],[92.886,12.924],[92.886,12.924],[92.886,12.923],[92.885,12.923],[92.885,12.923],[92.884,12.923],[92.884,12.922],[92.883,12.922],[92.883,12.922],[92.882,12.922],[92.882,12.922],[92.882,12.921],[92.881,12.921],[92.881,12.921],[92.881,12.921],[92.88,12.921],[92.88,12.922],[92.88,12.922],[92.88,12.923],[92.88,12.923],[92.88,12.924],[92.879,12.924],[92.879,12.925],[92.878,12.925],[92.878,12.925],[92.877,12.926],[92.877,12.926],[92.876,12.927],[92.876,12.927],[92.876,12.927],[92.875,12.927],[92.875,12.926],[92.875,12.926],[92.874,12.926],[92.874,12.925],[92.874,12.925],[92.874,12.925],[92.874,12.924],[92.874,12.924],[92.874,12.924],[92.874,12.923],[92.874,12.923],[92.874,12.922],[92.874,12.922],[92.874,12.921],[92.874,12.921],[92.874,12.92],[92.874,12.92],[92.874,12.919],[92.874,12.918],[92.874,12.918],[92.874,12.917],[92.874,12.917],[92.873,12.916],[92.873,12.916],[92.873,12.916],[92.872,12.916],[92.872,12.916],[92.871,12.916],[92.871,12.916],[92.87,12.916],[92.87,12.916],[92.869,12.917],[92.869,12.917],[92.868,12.917],[92.868,12.917],[92.867,12.917],[92.867,12.917],[92.866,12.917],[92.866,12.917],[92.866,12.917],[92.865,12.917],[92.865,12.917],[92.865,12.918],[92.864,12.918],[92.864,12.918],[92.864,12.919],[92.864,12.919],[92.864,12.92],[92.864,12.92],[92.864,12.92],[92.864,12.921],[92.863,12.921],[92.863,12.921],[92.863,12.922],[92.863,12.922],[92.862,12.922],[92.862,12.923],[92.862,12.923],[92.861,12.924],[92.861,12.924],[92.861,12.925],[92.86,12.925],[92.86,12.925],[92.859,12.926],[92.859,12.926],[92.859,12.927],[92.859,12.927],[92.859,12.928],[92.859,12.928],[92.858,12.929],[92.859,12.93],[92.859,12.93],[92.859,12.931],[92.859,12.931],[92.859,12.931],[92.859,12.932],[92.859,12.932],[92.86,12.932],[92.86,12.933],[92.86,12.933],[92.86,12.933],[92.861,12.934],[92.861,12.934],[92.862,12.934],[92.863,12.934],[92.863,12.933],[92.864,12.933],[92.864,12.933],[92.865,12.933],[92.866,12.933],[92.866,12.933],[92.866,12.933],[92.867,12.933],[92.867,12.933],[92.867,12.933],[92.868,12.933],[92.868,12.932],[92.869,12.932],[92.869,12.932],[92.87,12.932],[92.87,12.932],[92.871,12.932],[92.871,12.932],[92.871,12.933],[92.871,12.933],[92.872,12.933],[92.872,12.934],[92.872,12.934],[92.873,12.934],[92.873,12.934],[92.873,12.934],[92.874,12.934],[92.874,12.934],[92.875,12.934],[92.876,12.934],[92.876,12.934],[92.876,12.933],[92.877,12.933],[92.877,12.933],[92.877,12.932]]],[[[92.766,12.933],[92.766,12.931],[92.766,12.931],[92.766,12.93],[92.766,12.93],[92.766,12.929],[92.766,12.929],[92.766,12.928],[92.766,12.928],[92.765,12.927],[92.765,12.927],[92.765,12.927],[92.765,12.926],[92.764,12.926],[92.764,12.926],[92.763,12.926],[92.763,12.926],[92.762,12.926],[92.762,12.927],[92.762,12.927],[92.762,12.928],[92.761,12.928],[92.761,12.929],[92.761,12.929],[92.761,12.93],[92.761,12.929],[92.761,12.931],[92.761,12.931],[92.761,12.931],[92.761,12.931],[92.762,12.932],[92.761,12.932],[92.761,12.933],[92.761,12.933],[92.762,12.933],[92.762,12.933],[92.762,12.934],[92.762,12.934],[92.762,12.934],[92.762,12.935],[92.763,12.935],[92.764,12.935],[92.764,12.934],[92.764,12.934],[92.765,12.934],[92.765,12.933],[92.765,12.933],[92.766,12.933]]],[[[92.893,12.937],[92.893,12.936],[92.892,12.936],[92.891,12.936],[92.891,12.936],[92.891,12.935],[92.89,12.935],[92.89,12.935],[92.889,12.935],[92.889,12.936],[92.89,12.937],[92.89,12.937],[92.891,12.937],[92.891,12.938],[92.891,12.938],[92.891,12.937],[92.893,12.937]]],[[[92.901,12.941],[92.902,12.941],[92.902,12.941],[92.902,12.94],[92.903,12.94],[92.903,12.94],[92.903,12.94],[92.903,12.939],[92.903,12.939],[92.903,12.939],[92.903,12.938],[92.903,12.938],[92.903,12.939],[92.902,12.939],[92.901,12.94],[92.901,12.941],[92.901,12.941],[92.901,12.941],[92.9,12.941],[92.9,12.941],[92.9,12.942],[92.901,12.942],[92.901,12.941]]],[[[92.672,12.948],[92.67,12.948],[92.67,12.949],[92.672,12.949],[92.673,12.949],[92.673,12.949],[92.672,12.949],[92.672,12.949],[92.672,12.948]]],[[[92.669,12.953],[92.669,12.953],[92.669,12.953],[92.67,12.953],[92.67,12.952],[92.669,12.952],[92.669,12.952],[92.669,12.953],[92.668,12.953],[92.668,12.954],[92.669,12.954],[92.669,12.953]]],[[[92.696,12.992],[92.696,12.991],[92.696,12.991],[92.697,12.991],[92.697,12.99],[92.697,12.99],[92.697,12.99],[92.697,12.989],[92.698,12.989],[92.698,12.989],[92.7,12.989],[92.7,12.988],[92.7,12.988],[92.7,12.988],[92.702,12.988],[92.702,12.989],[92.703,12.989],[92.703,12.989],[92.703,12.987],[92.705,12.987],[92.705,12.988],[92.706,12.988],[92.706,12.986],[92.707,12.986],[92.707,12.986],[92.708,12.986],[92.708,12.986],[92.708,12.987],[92.709,12.987],[92.709,12.987],[92.71,12.987],[92.71,12.987],[92.709,12.988],[92.709,12.988],[92.71,12.988],[92.71,12.988],[92.711,12.988],[92.711,12.988],[92.711,12.987],[92.711,12.986],[92.711,12.986],[92.711,12.985],[92.712,12.985],[92.712,12.984],[92.713,12.984],[92.713,12.984],[92.715,12.984],[92.715,12.983],[92.713,12.983],[92.713,12.983],[92.714,12.983],[92.714,12.982],[92.715,12.982],[92.715,12.983],[92.715,12.983],[92.715,12.982],[92.716,12.981],[92.717,12.981],[92.717,12.98],[92.717,12.98],[92.717,12.981],[92.718,12.981],[92.719,12.979],[92.719,12.979],[92.719,12.979],[92.719,12.979],[92.719,12.978],[92.72,12.978],[92.72,12.978],[92.719,12.977],[92.719,12.976],[92.72,12.976],[92.72,12.976],[92.72,12.975],[92.72,12.975],[92.72,12.974],[92.72,12.974],[92.72,12.972],[92.719,12.972],[92.719,12.971],[92.72,12.971],[92.72,12.971],[92.72,12.971],[92.72,12.971],[92.719,12.97],[92.719,12.97],[92.72,12.969],[92.72,12.969],[92.72,12.969],[92.72,12.968],[92.72,12.968],[92.72,12.967],[92.72,12.967],[92.72,12.966],[92.72,12.966],[92.72,12.966],[92.719,12.966],[92.719,12.965],[92.72,12.965],[92.72,12.965],[92.719,12.965],[92.719,12.964],[92.719,12.964],[92.719,12.963],[92.72,12.963],[92.72,12.962],[92.719,12.962],[92.719,12.962],[92.72,12.962],[92.72,12.961],[92.719,12.961],[92.719,12.961],[92.719,12.96],[92.718,12.96],[92.718,12.959],[92.718,12.959],[92.718,12.958],[92.718,12.958],[92.718,12.958],[92.718,12.958],[92.718,12.957],[92.718,12.957],[92.718,12.957],[92.718,12.956],[92.718,12.956],[92.718,12.956],[92.718,12.955],[92.718,12.955],[92.718,12.955],[92.717,12.955],[92.717,12.955],[92.717,12.954],[92.718,12.954],[92.718,12.953],[92.717,12.953],[92.717,12.951],[92.717,12.951],[92.717,12.951],[92.718,12.95],[92.718,12.95],[92.717,12.949],[92.717,12.949],[92.717,12.949],[92.716,12.948],[92.716,12.947],[92.716,12.946],[92.715,12.946],[92.715,12.945],[92.715,12.945],[92.715,12.945],[92.714,12.945],[92.715,12.944],[92.715,12.944],[92.715,12.943],[92.715,12.943],[92.715,12.942],[92.715,12.942],[92.715,12.942],[92.716,12.942],[92.716,12.942],[92.716,12.942],[92.716,12.943],[92.717,12.943],[92.717,12.942],[92.717,12.942],[92.717,12.943],[92.718,12.943],[92.718,12.943],[92.718,12.943],[92.718,12.944],[92.719,12.944],[92.719,12.944],[92.719,12.944],[92.719,12.945],[92.72,12.945],[92.72,12.946],[92.72,12.946],[92.72,12.946],[92.72,12.946],[92.72,12.947],[92.721,12.947],[92.721,12.946],[92.721,12.946],[92.721,12.946],[92.721,12.946],[92.721,12.945],[92.722,12.945],[92.722,12.944],[92.721,12.944],[92.721,12.944],[92.721,12.944],[92.721,12.943],[92.721,12.943],[92.721,12.941],[92.721,12.941],[92.721,12.94],[92.722,12.94],[92.722,12.939],[92.721,12.939],[92.721,12.937],[92.721,12.936],[92.721,12.936],[92.721,12.934],[92.72,12.934],[92.72,12.932],[92.721,12.932],[92.721,12.931],[92.721,12.931],[92.721,12.93],[92.721,12.93],[92.721,12.929],[92.721,12.929],[92.721,12.928],[92.721,12.928],[92.721,12.928],[92.721,12.928],[92.722,12.927],[92.721,12.927],[92.721,12.925],[92.721,12.925],[92.721,12.924],[92.72,12.924],[92.72,12.924],[92.72,12.924],[92.72,12.924],[92.719,12.924],[92.719,12.923],[92.718,12.923],[92.718,12.924],[92.718,12.924],[92.718,12.923],[92.716,12.923],[92.716,12.923],[92.716,12.923],[92.716,12.923],[92.716,12.923],[92.717,12.922],[92.718,12.922],[92.719,12.921],[92.72,12.921],[92.72,12.92],[92.72,12.92],[92.72,12.918],[92.72,12.918],[92.72,12.916],[92.72,12.916],[92.72,12.915],[92.72,12.915],[92.72,12.914],[92.72,12.914],[92.72,12.913],[92.72,12.913],[92.72,12.913],[92.72,12.913],[92.72,12.912],[92.72,12.912],[92.72,12.911],[92.72,12.911],[92.72,12.911],[92.72,12.91],[92.72,12.909],[92.721,12.909],[92.721,12.907],[92.721,12.907],[92.721,12.907],[92.721,12.906],[92.722,12.906],[92.722,12.905],[92.723,12.905],[92.723,12.901],[92.722,12.901],[92.722,12.9],[92.722,12.9],[92.722,12.9],[92.721,12.9],[92.721,12.899],[92.722,12.899],[92.722,12.899],[92.722,12.899],[92.722,12.898],[92.722,12.898],[92.722,12.897],[92.722,12.897],[92.722,12.896],[92.722,12.896],[92.722,12.895],[92.722,12.895],[92.722,12.893],[92.721,12.893],[92.721,12.893],[92.722,12.893],[92.722,12.892],[92.721,12.892],[92.721,12.888],[92.721,12.888],[92.721,12.887],[92.72,12.887],[92.72,12.883],[92.72,12.883],[92.72,12.883],[92.72,12.883],[92.72,12.882],[92.719,12.881],[92.718,12.881],[92.718,12.881],[92.716,12.881],[92.715,12.881],[92.715,12.881],[92.715,12.882],[92.715,12.882],[92.714,12.883],[92.714,12.883],[92.713,12.883],[92.713,12.883],[92.712,12.883],[92.712,12.884],[92.712,12.884],[92.712,12.883],[92.71,12.883],[92.71,12.884],[92.71,12.884],[92.709,12.884],[92.709,12.884],[92.709,12.883],[92.71,12.883],[92.71,12.883],[92.71,12.883],[92.71,12.883],[92.711,12.883],[92.712,12.882],[92.712,12.882],[92.712,12.881],[92.713,12.881],[92.713,12.879],[92.713,12.879],[92.713,12.879],[92.713,12.879],[92.713,12.878],[92.717,12.878],[92.717,12.878],[92.718,12.878],[92.718,12.878],[92.719,12.877],[92.719,12.876],[92.719,12.876],[92.719,12.875],[92.72,12.875],[92.72,12.874],[92.719,12.874],[92.719,12.873],[92.719,12.873],[92.719,12.873],[92.718,12.873],[92.718,12.872],[92.718,12.872],[92.718,12.871],[92.717,12.871],[92.717,12.871],[92.717,12.871],[92.717,12.87],[92.716,12.87],[92.716,12.869],[92.716,12.868],[92.716,12.868],[92.716,12.867],[92.715,12.867],[92.715,12.866],[92.715,12.866],[92.715,12.865],[92.715,12.865],[92.715,12.863],[92.714,12.863],[92.714,12.862],[92.714,12.862],[92.713,12.862],[92.713,12.861],[92.713,12.861],[92.713,12.86],[92.712,12.86],[92.712,12.86],[92.712,12.86],[92.711,12.86],[92.711,12.859],[92.71,12.859],[92.71,12.858],[92.71,12.858],[92.709,12.858],[92.709,12.858],[92.709,12.856],[92.709,12.856],[92.708,12.856],[92.708,12.855],[92.707,12.855],[92.707,12.854],[92.707,12.854],[92.706,12.854],[92.706,12.854],[92.705,12.854],[92.705,12.853],[92.703,12.853],[92.703,12.852],[92.703,12.852],[92.703,12.852],[92.703,12.852],[92.703,12.852],[92.703,12.851],[92.703,12.851],[92.703,12.848],[92.702,12.848],[92.702,12.848],[92.703,12.847],[92.703,12.847],[92.703,12.847],[92.704,12.847],[92.704,12.846],[92.703,12.846],[92.703,12.845],[92.703,12.845],[92.703,12.844],[92.703,12.844],[92.703,12.843],[92.702,12.843],[92.702,12.843],[92.702,12.843],[92.702,12.842],[92.701,12.842],[92.701,12.841],[92.7,12.841],[92.7,12.84],[92.7,12.84],[92.7,12.84],[92.699,12.84],[92.699,12.84],[92.699,12.839],[92.698,12.839],[92.698,12.839],[92.698,12.839],[92.697,12.838],[92.696,12.838],[92.696,12.838],[92.695,12.838],[92.695,12.838],[92.694,12.838],[92.694,12.837],[92.694,12.837],[92.694,12.836],[92.694,12.836],[92.693,12.836],[92.693,12.836],[92.693,12.835],[92.692,12.835],[92.692,12.835],[92.69,12.835],[92.69,12.836],[92.69,12.836],[92.69,12.834],[92.689,12.835],[92.689,12.835],[92.687,12.835],[92.687,12.835],[92.686,12.835],[92.686,12.836],[92.685,12.836],[92.685,12.836],[92.685,12.836],[92.685,12.836],[92.684,12.836],[92.683,12.836],[92.683,12.836],[92.683,12.836],[92.683,12.837],[92.683,12.837],[92.682,12.838],[92.682,12.838],[92.682,12.838],[92.681,12.838],[92.681,12.838],[92.68,12.838],[92.68,12.838],[92.679,12.838],[92.679,12.838],[92.679,12.838],[92.679,12.838],[92.678,12.838],[92.678,12.837],[92.677,12.837],[92.677,12.837],[92.676,12.837],[92.676,12.836],[92.675,12.836],[92.675,12.835],[92.677,12.834],[92.677,12.834],[92.677,12.834],[92.678,12.834],[92.678,12.833],[92.678,12.833],[92.678,12.831],[92.678,12.831],[92.678,12.831],[92.677,12.831],[92.676,12.83],[92.677,12.83],[92.677,12.829],[92.677,12.829],[92.677,12.829],[92.677,12.829],[92.677,12.828],[92.677,12.828],[92.677,12.827],[92.677,12.827],[92.677,12.826],[92.677,12.826],[92.677,12.825],[92.676,12.825],[92.676,12.824],[92.676,12.824],[92.676,12.823],[92.677,12.823],[92.676,12.824],[92.677,12.825],[92.678,12.825],[92.678,12.825],[92.679,12.825],[92.679,12.825],[92.68,12.825],[92.68,12.826],[92.68,12.827],[92.68,12.827],[92.681,12.827],[92.681,12.827],[92.681,12.828],[92.682,12.828],[92.682,12.828],[92.682,12.828],[92.682,12.829],[92.683,12.829],[92.683,12.829],[92.685,12.829],[92.686,12.829],[92.686,12.828],[92.686,12.828],[92.686,12.827],[92.686,12.827],[92.687,12.827],[92.687,12.827],[92.687,12.826],[92.687,12.826],[92.687,12.826],[92.686,12.826],[92.686,12.825],[92.686,12.824],[92.686,12.824],[92.686,12.824],[92.687,12.824],[92.687,12.822],[92.687,12.822],[92.687,12.82],[92.688,12.82],[92.688,12.82],[92.688,12.819],[92.689,12.819],[92.689,12.818],[92.689,12.818],[92.689,12.817],[92.688,12.817],[92.688,12.816],[92.688,12.816],[92.688,12.816],[92.688,12.816],[92.688,12.815],[92.688,12.815],[92.688,12.815],[92.688,12.815],[92.688,12.814],[92.688,12.814],[92.688,12.814],[92.687,12.814],[92.687,12.813],[92.687,12.813],[92.687,12.813],[92.686,12.813],[92.686,12.813],[92.686,12.812],[92.683,12.812],[92.683,12.81],[92.683,12.81],[92.683,12.81],[92.683,12.809],[92.683,12.809],[92.683,12.809],[92.68,12.809],[92.68,12.809],[92.679,12.809],[92.677,12.809],[92.676,12.809],[92.676,12.808],[92.676,12.808],[92.676,12.808],[92.675,12.808],[92.675,12.807],[92.675,12.807],[92.675,12.807],[92.675,12.807],[92.675,12.805],[92.675,12.805],[92.675,12.804],[92.675,12.804],[92.675,12.803],[92.674,12.802],[92.674,12.801],[92.674,12.801],[92.674,12.8],[92.673,12.8],[92.673,12.799],[92.673,12.799],[92.673,12.798],[92.673,12.798],[92.673,12.798],[92.673,12.798],[92.673,12.796],[92.672,12.796],[92.672,12.795],[92.672,12.795],[92.672,12.794],[92.672,12.794],[92.672,12.794],[92.672,12.793],[92.672,12.793],[92.672,12.792],[92.672,12.792],[92.672,12.792],[92.672,12.792],[92.671,12.791],[92.671,12.791],[92.671,12.791],[92.671,12.791],[92.671,12.789],[92.67,12.789],[92.67,12.788],[92.67,12.788],[92.67,12.787],[92.67,12.787],[92.67,12.785],[92.669,12.785],[92.669,12.784],[92.669,12.784],[92.669,12.783],[92.669,12.783],[92.669,12.783],[92.668,12.783],[92.668,12.783],[92.668,12.783],[92.668,12.783],[92.668,12.784],[92.667,12.784],[92.667,12.788],[92.668,12.788],[92.668,12.789],[92.668,12.789],[92.668,12.79],[92.668,12.79],[92.668,12.791],[92.667,12.791],[92.667,12.791],[92.667,12.791],[92.666,12.791],[92.666,12.792],[92.666,12.792],[92.666,12.792],[92.665,12.792],[92.665,12.792],[92.665,12.792],[92.665,12.793],[92.663,12.794],[92.663,12.794],[92.663,12.794],[92.662,12.794],[92.662,12.794],[92.661,12.794],[92.661,12.795],[92.662,12.795],[92.662,12.795],[92.661,12.795],[92.661,12.796],[92.66,12.796],[92.66,12.797],[92.661,12.797],[92.661,12.796],[92.661,12.796],[92.662,12.796],[92.662,12.796],[92.662,12.796],[92.663,12.796],[92.663,12.796],[92.663,12.796],[92.664,12.797],[92.664,12.797],[92.664,12.798],[92.665,12.798],[92.665,12.798],[92.665,12.798],[92.665,12.8],[92.666,12.8],[92.666,12.801],[92.666,12.801],[92.666,12.801],[92.666,12.801],[92.666,12.803],[92.667,12.803],[92.667,12.804],[92.666,12.804],[92.666,12.806],[92.666,12.806],[92.666,12.806],[92.666,12.809],[92.666,12.809],[92.666,12.81],[92.666,12.81],[92.666,12.811],[92.666,12.811],[92.666,12.812],[92.664,12.813],[92.664,12.814],[92.664,12.814],[92.664,12.814],[92.664,12.815],[92.663,12.815],[92.662,12.816],[92.662,12.816],[92.662,12.816],[92.662,12.817],[92.662,12.817],[92.661,12.818],[92.661,12.818],[92.661,12.818],[92.661,12.818],[92.661,12.82],[92.661,12.82],[92.661,12.821],[92.662,12.821],[92.661,12.822],[92.661,12.822],[92.661,12.826],[92.661,12.826],[92.661,12.827],[92.661,12.827],[92.661,12.828],[92.66,12.828],[92.66,12.829],[92.66,12.829],[92.66,12.829],[92.659,12.83],[92.659,12.83],[92.659,12.83],[92.659,12.831],[92.658,12.831],[92.658,12.831],[92.658,12.831],[92.658,12.831],[92.656,12.831],[92.656,12.832],[92.657,12.832],[92.657,12.833],[92.656,12.833],[92.656,12.833],[92.656,12.833],[92.656,12.834],[92.656,12.834],[92.655,12.834],[92.655,12.835],[92.655,12.835],[92.655,12.836],[92.655,12.836],[92.655,12.836],[92.654,12.837],[92.654,12.838],[92.654,12.838],[92.654,12.839],[92.653,12.839],[92.653,12.84],[92.653,12.84],[92.653,12.841],[92.653,12.841],[92.653,12.842],[92.653,12.842],[92.653,12.843],[92.652,12.843],[92.652,12.845],[92.651,12.845],[92.652,12.846],[92.651,12.846],[92.651,12.847],[92.651,12.847],[92.651,12.848],[92.651,12.848],[92.651,12.849],[92.651,12.849],[92.651,12.85],[92.651,12.85],[92.651,12.852],[92.651,12.852],[92.651,12.854],[92.651,12.854],[92.651,12.854],[92.65,12.854],[92.65,12.855],[92.65,12.855],[92.65,12.856],[92.65,12.856],[92.65,12.857],[92.65,12.857],[92.65,12.857],[92.65,12.857],[92.65,12.858],[92.65,12.858],[92.65,12.859],[92.649,12.859],[92.649,12.861],[92.648,12.861],[92.648,12.861],[92.648,12.861],[92.648,12.862],[92.651,12.862],[92.651,12.862],[92.651,12.864],[92.651,12.864],[92.652,12.864],[92.651,12.864],[92.651,12.867],[92.651,12.868],[92.652,12.868],[92.652,12.867],[92.652,12.867],[92.652,12.867],[92.653,12.867],[92.653,12.867],[92.654,12.867],[92.654,12.867],[92.654,12.867],[92.656,12.869],[92.656,12.87],[92.657,12.87],[92.657,12.87],[92.658,12.871],[92.658,12.871],[92.658,12.871],[92.658,12.872],[92.659,12.872],[92.659,12.873],[92.659,12.873],[92.659,12.873],[92.659,12.873],[92.66,12.873],[92.66,12.874],[92.66,12.874],[92.66,12.875],[92.661,12.876],[92.661,12.876],[92.661,12.877],[92.661,12.877],[92.663,12.879],[92.663,12.879],[92.661,12.879],[92.659,12.879],[92.658,12.879],[92.63,12.881],[92.63,12.883],[92.659,12.881],[92.66,12.88],[92.661,12.881],[92.663,12.881],[92.664,12.881],[92.665,12.881],[92.665,12.882],[92.665,12.882],[92.665,12.882],[92.665,12.882],[92.665,12.883],[92.665,12.883],[92.665,12.884],[92.665,12.884],[92.665,12.885],[92.666,12.885],[92.666,12.887],[92.666,12.887],[92.667,12.888],[92.666,12.888],[92.666,12.889],[92.667,12.889],[92.667,12.891],[92.666,12.891],[92.666,12.892],[92.666,12.892],[92.666,12.893],[92.666,12.893],[92.666,12.894],[92.666,12.894],[92.666,12.894],[92.667,12.894],[92.667,12.895],[92.667,12.895],[92.667,12.896],[92.667,12.896],[92.667,12.896],[92.668,12.896],[92.668,12.896],[92.667,12.897],[92.667,12.897],[92.667,12.898],[92.666,12.898],[92.666,12.899],[92.666,12.899],[92.666,12.899],[92.666,12.899],[92.666,12.9],[92.666,12.9],[92.666,12.901],[92.666,12.901],[92.666,12.903],[92.666,12.903],[92.666,12.903],[92.668,12.903],[92.668,12.904],[92.668,12.904],[92.668,12.904],[92.67,12.904],[92.67,12.905],[92.67,12.905],[92.671,12.905],[92.671,12.906],[92.671,12.906],[92.671,12.906],[92.671,12.906],[92.671,12.907],[92.671,12.907],[92.671,12.908],[92.671,12.908],[92.671,12.908],[92.671,12.908],[92.671,12.911],[92.671,12.911],[92.671,12.912],[92.671,12.912],[92.669,12.911],[92.637,12.913],[92.637,12.92],[92.668,12.919],[92.67,12.918],[92.67,12.92],[92.67,12.92],[92.67,12.922],[92.671,12.922],[92.671,12.923],[92.671,12.923],[92.672,12.923],[92.672,12.927],[92.673,12.927],[92.673,12.927],[92.673,12.928],[92.674,12.928],[92.674,12.93],[92.674,12.93],[92.674,12.931],[92.674,12.931],[92.674,12.931],[92.674,12.932],[92.674,12.932],[92.674,12.932],[92.674,12.933],[92.674,12.933],[92.675,12.933],[92.675,12.934],[92.676,12.934],[92.676,12.934],[92.677,12.934],[92.677,12.936],[92.676,12.936],[92.676,12.936],[92.676,12.937],[92.676,12.937],[92.677,12.938],[92.677,12.939],[92.678,12.939],[92.678,12.939],[92.677,12.939],[92.677,12.939],[92.677,12.94],[92.678,12.94],[92.678,12.941],[92.68,12.941],[92.68,12.943],[92.679,12.943],[92.679,12.944],[92.679,12.944],[92.68,12.944],[92.68,12.945],[92.679,12.945],[92.679,12.946],[92.68,12.946],[92.68,12.946],[92.68,12.946],[92.68,12.947],[92.68,12.947],[92.68,12.947],[92.68,12.948],[92.68,12.948],[92.68,12.948],[92.68,12.948],[92.679,12.948],[92.679,12.947],[92.678,12.947],[92.678,12.948],[92.678,12.948],[92.677,12.948],[92.677,12.949],[92.677,12.949],[92.677,12.95],[92.676,12.95],[92.676,12.951],[92.674,12.951],[92.673,12.95],[92.673,12.95],[92.673,12.95],[92.672,12.95],[92.672,12.95],[92.672,12.95],[92.672,12.951],[92.671,12.951],[92.671,12.95],[92.671,12.95],[92.671,12.95],[92.67,12.95],[92.669,12.951],[92.669,12.951],[92.669,12.951],[92.669,12.951],[92.67,12.951],[92.67,12.952],[92.67,12.952],[92.67,12.952],[92.67,12.953],[92.67,12.954],[92.67,12.954],[92.67,12.955],[92.67,12.955],[92.67,12.956],[92.669,12.956],[92.669,12.956],[92.67,12.956],[92.67,12.957],[92.67,12.957],[92.67,12.958],[92.67,12.958],[92.67,12.959],[92.67,12.959],[92.67,12.961],[92.67,12.961],[92.67,12.962],[92.67,12.962],[92.67,12.962],[92.671,12.962],[92.671,12.963],[92.671,12.963],[92.671,12.963],[92.671,12.964],[92.672,12.964],[92.671,12.964],[92.673,12.964],[92.673,12.965],[92.674,12.965],[92.674,12.966],[92.674,12.966],[92.674,12.967],[92.675,12.967],[92.675,12.968],[92.675,12.968],[92.674,12.968],[92.674,12.969],[92.674,12.969],[92.674,12.969],[92.675,12.97],[92.675,12.97],[92.675,12.97],[92.675,12.971],[92.676,12.971],[92.676,12.972],[92.677,12.972],[92.677,12.973],[92.678,12.973],[92.678,12.974],[92.678,12.974],[92.678,12.974],[92.678,12.975],[92.679,12.975],[92.679,12.976],[92.679,12.976],[92.68,12.976],[92.68,12.977],[92.68,12.977],[92.68,12.978],[92.68,12.978],[92.68,12.979],[92.681,12.979],[92.681,12.979],[92.681,12.979],[92.681,12.981],[92.682,12.981],[92.682,12.981],[92.682,12.982],[92.683,12.982],[92.683,12.983],[92.683,12.983],[92.683,12.984],[92.683,12.984],[92.683,12.985],[92.684,12.985],[92.684,12.986],[92.684,12.986],[92.684,12.987],[92.685,12.987],[92.685,12.987],[92.685,12.988],[92.686,12.988],[92.686,12.988],[92.686,12.987],[92.687,12.987],[92.687,12.988],[92.688,12.988],[92.688,12.988],[92.688,12.988],[92.688,12.988],[92.688,12.989],[92.689,12.989],[92.689,12.99],[92.689,12.99],[92.689,12.99],[92.689,12.991],[92.691,12.991],[92.691,12.992],[92.692,12.992],[92.692,12.992],[92.693,12.992],[92.693,12.992],[92.695,12.992],[92.695,12.992],[92.695,12.992],[92.696,12.992]]],[[[93.007,12.997],[93.007,12.996],[93.006,12.996],[93.007,12.995],[93.006,12.995],[93.006,12.994],[93.005,12.994],[93.005,12.994],[93.004,12.993],[93.004,12.993],[93.004,12.992],[93.004,12.992],[93.003,12.992],[93.003,12.991],[93.003,12.991],[93.003,12.991],[93.003,12.991],[93.003,12.991],[93.002,12.99],[93.002,12.99],[93.002,12.99],[93.001,12.99],[93.001,12.99],[93.001,12.99],[93.001,12.989],[93.001,12.989],[93,12.989],[93,12.989],[92.999,12.988],[92.999,12.988],[92.998,12.987],[92.997,12.987],[92.997,12.987],[92.997,12.987],[92.996,12.986],[92.994,12.986],[92.994,12.986],[92.993,12.986],[92.993,12.986],[92.993,12.985],[92.992,12.985],[92.992,12.984],[92.992,12.984],[92.992,12.983],[92.992,12.983],[92.992,12.982],[92.991,12.982],[92.991,12.981],[92.991,12.981],[92.991,12.98],[92.99,12.979],[92.99,12.979],[92.989,12.979],[92.989,12.978],[92.989,12.978],[92.989,12.978],[92.989,12.977],[92.988,12.977],[92.988,12.977],[92.988,12.976],[92.987,12.976],[92.987,12.975],[92.987,12.975],[92.987,12.974],[92.985,12.973],[92.985,12.973],[92.985,12.973],[92.985,12.972],[92.984,12.972],[92.984,12.972],[92.983,12.972],[92.983,12.971],[92.983,12.971],[92.982,12.971],[92.982,12.969],[92.982,12.969],[92.982,12.969],[92.981,12.969],[92.981,12.968],[92.981,12.968],[92.981,12.968],[92.981,12.968],[92.98,12.968],[92.98,12.967],[92.979,12.967],[92.979,12.966],[92.98,12.966],[92.98,12.966],[92.979,12.966],[92.979,12.964],[92.98,12.964],[92.98,12.962],[92.98,12.962],[92.98,12.961],[92.98,12.961],[92.98,12.96],[92.98,12.96],[92.981,12.959],[92.981,12.959],[92.982,12.959],[92.982,12.958],[92.982,12.958],[92.982,12.958],[92.983,12.958],[92.983,12.958],[92.983,12.957],[92.984,12.957],[92.984,12.957],[92.986,12.957],[92.987,12.957],[92.988,12.957],[92.988,12.956],[92.988,12.956],[92.988,12.954],[92.987,12.954],[92.987,12.953],[92.986,12.952],[92.985,12.952],[92.985,12.952],[92.984,12.952],[92.984,12.951],[92.983,12.951],[92.983,12.951],[92.983,12.951],[92.983,12.951],[92.983,12.951],[92.982,12.951],[92.982,12.95],[92.981,12.95],[92.981,12.949],[92.981,12.949],[92.981,12.949],[92.98,12.949],[92.98,12.948],[92.98,12.948],[92.98,12.946],[92.98,12.945],[92.98,12.945],[92.98,12.945],[92.98,12.944],[92.98,12.942],[92.981,12.942],[92.981,12.942],[92.981,12.941],[92.981,12.941],[92.981,12.94],[92.982,12.94],[92.982,12.939],[92.982,12.939],[92.982,12.938],[92.983,12.938],[92.983,12.934],[92.982,12.933],[92.981,12.933],[92.981,12.933],[92.98,12.933],[92.98,12.933],[92.979,12.933],[92.979,12.933],[92.977,12.933],[92.977,12.934],[92.976,12.934],[92.976,12.935],[92.976,12.935],[92.976,12.935],[92.974,12.935],[92.974,12.936],[92.974,12.936],[92.974,12.937],[92.973,12.937],[92.973,12.938],[92.971,12.938],[92.971,12.938],[92.971,12.939],[92.972,12.94],[92.973,12.94],[92.973,12.94],[92.973,12.94],[92.972,12.941],[92.972,12.941],[92.972,12.942],[92.972,12.942],[92.972,12.943],[92.972,12.943],[92.971,12.944],[92.971,12.944],[92.971,12.944],[92.969,12.944],[92.969,12.944],[92.968,12.944],[92.968,12.944],[92.967,12.944],[92.967,12.944],[92.965,12.944],[92.965,12.943],[92.963,12.943],[92.963,12.943],[92.963,12.943],[92.962,12.943],[92.958,12.943],[92.957,12.942],[92.957,12.941],[92.956,12.941],[92.956,12.941],[92.956,12.94],[92.954,12.94],[92.954,12.94],[92.953,12.94],[92.953,12.94],[92.953,12.94],[92.952,12.941],[92.952,12.941],[92.952,12.941],[92.952,12.941],[92.952,12.941],[92.955,12.941],[92.955,12.942],[92.955,12.942],[92.955,12.943],[92.955,12.943],[92.956,12.943],[92.956,12.944],[92.955,12.944],[92.955,12.945],[92.956,12.945],[92.956,12.945],[92.956,12.945],[92.956,12.946],[92.957,12.946],[92.957,12.947],[92.957,12.948],[92.958,12.948],[92.958,12.948],[92.958,12.948],[92.959,12.949],[92.96,12.949],[92.96,12.949],[92.96,12.949],[92.961,12.949],[92.961,12.949],[92.963,12.949],[92.963,12.949],[92.963,12.949],[92.963,12.948],[92.964,12.948],[92.964,12.947],[92.966,12.948],[92.966,12.947],[92.968,12.947],[92.968,12.947],[92.968,12.947],[92.968,12.946],[92.969,12.946],[92.969,12.946],[92.97,12.946],[92.97,12.946],[92.971,12.946],[92.971,12.945],[92.971,12.945],[92.971,12.945],[92.971,12.944],[92.973,12.944],[92.973,12.945],[92.973,12.945],[92.973,12.945],[92.974,12.945],[92.974,12.945],[92.974,12.945],[92.974,12.947],[92.973,12.948],[92.973,12.949],[92.973,12.949],[92.973,12.949],[92.973,12.949],[92.973,12.95],[92.973,12.95],[92.973,12.951],[92.973,12.951],[92.973,12.951],[92.972,12.951],[92.973,12.952],[92.973,12.952],[92.973,12.955],[92.972,12.955],[92.972,12.955],[92.971,12.955],[92.971,12.955],[92.971,12.955],[92.971,12.955],[92.969,12.955],[92.969,12.954],[92.967,12.954],[92.967,12.954],[92.966,12.954],[92.966,12.954],[92.964,12.954],[92.964,12.955],[92.962,12.955],[92.962,12.955],[92.961,12.955],[92.961,12.956],[92.961,12.956],[92.961,12.955],[92.96,12.955],[92.959,12.956],[92.959,12.956],[92.959,12.956],[92.959,12.957],[92.958,12.957],[92.958,12.957],[92.957,12.957],[92.956,12.958],[92.956,12.958],[92.956,12.959],[92.955,12.959],[92.955,12.96],[92.955,12.962],[92.954,12.962],[92.954,12.964],[92.954,12.964],[92.954,12.964],[92.954,12.964],[92.954,12.965],[92.954,12.965],[92.954,12.966],[92.954,12.966],[92.954,12.966],[92.954,12.966],[92.954,12.966],[92.954,12.967],[92.954,12.967],[92.954,12.967],[92.954,12.968],[92.955,12.968],[92.955,12.967],[92.955,12.967],[92.955,12.967],[92.956,12.967],[92.956,12.967],[92.957,12.967],[92.957,12.966],[92.957,12.966],[92.957,12.966],[92.958,12.965],[92.958,12.965],[92.958,12.965],[92.959,12.965],[92.959,12.965],[92.961,12.965],[92.961,12.965],[92.961,12.965],[92.961,12.966],[92.961,12.967],[92.962,12.967],[92.962,12.968],[92.962,12.968],[92.962,12.968],[92.962,12.968],[92.963,12.968],[92.963,12.968],[92.963,12.97],[92.963,12.97],[92.963,12.971],[92.962,12.971],[92.961,12.971],[92.961,12.971],[92.96,12.971],[92.96,12.972],[92.961,12.973],[92.961,12.974],[92.96,12.974],[92.96,12.975],[92.959,12.975],[92.959,12.975],[92.958,12.975],[92.958,12.976],[92.957,12.976],[92.957,12.976],[92.956,12.976],[92.956,12.976],[92.955,12.976],[92.955,12.976],[92.955,12.976],[92.955,12.977],[92.954,12.977],[92.954,12.978],[92.954,12.978],[92.954,12.979],[92.954,12.979],[92.953,12.979],[92.953,12.98],[92.953,12.98],[92.953,12.98],[92.954,12.981],[92.954,12.981],[92.954,12.981],[92.955,12.981],[92.955,12.982],[92.955,12.983],[92.956,12.983],[92.956,12.983],[92.956,12.983],[92.956,12.983],[92.957,12.983],[92.957,12.983],[92.958,12.983],[92.958,12.984],[92.958,12.984],[92.958,12.984],[92.958,12.984],[92.958,12.985],[92.959,12.985],[92.959,12.986],[92.959,12.986],[92.959,12.988],[92.96,12.988],[92.96,12.989],[92.96,12.989],[92.96,12.989],[92.961,12.99],[92.961,12.99],[92.962,12.989],[92.962,12.988],[92.963,12.988],[92.963,12.987],[92.963,12.987],[92.963,12.986],[92.964,12.986],[92.964,12.986],[92.964,12.986],[92.964,12.986],[92.965,12.986],[92.965,12.985],[92.966,12.985],[92.966,12.984],[92.967,12.984],[92.967,12.983],[92.967,12.983],[92.969,12.983],[92.969,12.983],[92.969,12.983],[92.969,12.981],[92.968,12.981],[92.968,12.981],[92.967,12.981],[92.967,12.98],[92.967,12.98],[92.966,12.98],[92.966,12.979],[92.965,12.979],[92.965,12.979],[92.965,12.979],[92.964,12.978],[92.965,12.977],[92.965,12.977],[92.966,12.977],[92.966,12.976],[92.967,12.976],[92.968,12.976],[92.968,12.975],[92.969,12.975],[92.969,12.974],[92.969,12.974],[92.969,12.973],[92.969,12.972],[92.969,12.972],[92.969,12.971],[92.969,12.971],[92.969,12.971],[92.97,12.97],[92.97,12.97],[92.97,12.97],[92.971,12.97],[92.971,12.969],[92.972,12.969],[92.972,12.969],[92.973,12.969],[92.973,12.97],[92.973,12.97],[92.974,12.971],[92.974,12.971],[92.974,12.971],[92.974,12.971],[92.974,12.971],[92.974,12.972],[92.975,12.973],[92.975,12.973],[92.975,12.974],[92.976,12.974],[92.976,12.974],[92.976,12.975],[92.977,12.975],[92.977,12.974],[92.978,12.974],[92.978,12.975],[92.979,12.975],[92.979,12.974],[92.979,12.974],[92.979,12.975],[92.979,12.975],[92.979,12.976],[92.98,12.976],[92.98,12.976],[92.98,12.976],[92.98,12.976],[92.98,12.977],[92.98,12.977],[92.98,12.978],[92.979,12.978],[92.979,12.98],[92.98,12.98],[92.98,12.98],[92.981,12.98],[92.982,12.981],[92.983,12.981],[92.983,12.981],[92.984,12.981],[92.985,12.982],[92.985,12.982],[92.985,12.983],[92.986,12.983],[92.986,12.983],[92.985,12.984],[92.985,12.984],[92.986,12.985],[92.986,12.985],[92.986,12.985],[92.986,12.984],[92.989,12.984],[92.989,12.986],[92.989,12.986],[92.989,12.987],[92.988,12.987],[92.988,12.987],[92.988,12.987],[92.987,12.988],[92.987,12.988],[92.987,12.988],[92.987,12.989],[92.987,12.989],[92.986,12.989],[92.986,12.99],[92.987,12.99],[92.987,12.99],[92.986,12.99],[92.986,12.991],[92.986,12.991],[92.985,12.991],[92.985,12.993],[92.985,12.993],[92.986,12.993],[92.986,12.993],[92.986,12.993],[92.987,12.993],[92.987,12.993],[92.989,12.993],[92.989,12.993],[92.991,12.993],[92.991,12.992],[92.992,12.992],[92.992,12.991],[92.992,12.991],[92.993,12.991],[92.994,12.991],[92.994,12.992],[92.995,12.992],[92.995,12.992],[92.996,12.993],[92.997,12.992],[92.998,12.994],[93,12.994],[93.001,12.994],[93.001,12.994],[93.001,12.995],[93.001,12.995],[93.002,12.996],[93.001,12.996],[93.002,12.996],[93.002,12.996],[93.003,12.996],[93.003,12.997],[93.003,12.997],[93.004,12.997],[93.004,12.996],[93.004,12.996],[93.004,12.997],[93.005,12.997],[93.005,12.998],[93.007,12.998],[93.007,12.997],[93.007,12.997]]],[[[92.988,12.998],[92.988,12.998],[92.988,12.998],[92.988,12.998],[92.987,12.998],[92.986,13],[92.987,13],[92.987,13],[92.988,13],[92.989,13.001],[92.989,13.001],[92.99,13],[92.989,13],[92.989,12.999],[92.989,12.999],[92.989,12.998],[92.989,12.998],[92.988,12.998]]],[[[92.912,13.002],[92.912,13.002],[92.912,13.003],[92.911,13.004],[92.911,13.005],[92.911,13.005],[92.911,13.005],[92.912,13.005],[92.912,13.005],[92.912,13.004],[92.912,13.004],[92.913,13.003],[92.913,13.003],[92.912,13.003],[92.912,13.002]]],[[[92.95,13.021],[92.949,13.021],[92.949,13.022],[92.948,13.022],[92.948,13.023],[92.948,13.023],[92.948,13.024],[92.947,13.024],[92.947,13.024],[92.947,13.025],[92.945,13.025],[92.945,13.025],[92.946,13.026],[92.947,13.026],[92.947,13.026],[92.947,13.026],[92.949,13.025],[92.949,13.025],[92.949,13.024],[92.95,13.024],[92.949,13.024],[92.949,13.024],[92.95,13.023],[92.95,13.023],[92.95,13.023],[92.95,13.023],[92.95,13.022],[92.95,13.021],[92.95,13.021]]],[[[92.926,13.024],[92.926,13.023],[92.927,13.023],[92.927,13.024],[92.927,13.024],[92.927,13.023],[92.927,13.023],[92.929,13.023],[92.929,13.023],[92.929,13.023],[92.929,13.023],[92.929,13.023],[92.929,13.023],[92.93,13.024],[92.932,13.024],[92.933,13.024],[92.934,13.024],[92.934,13.025],[92.935,13.025],[92.935,13.024],[92.935,13.024],[92.935,13.025],[92.936,13.026],[92.937,13.026],[92.937,13.026],[92.938,13.026],[92.938,13.026],[92.939,13.026],[92.94,13.025],[92.94,13.025],[92.94,13.024],[92.94,13.024],[92.94,13.024],[92.939,13.023],[92.938,13.023],[92.938,13.023],[92.938,13.022],[92.938,13.021],[92.938,13.021],[92.939,13.021],[92.94,13.02],[92.94,13.02],[92.94,13.02],[92.941,13.02],[92.941,13.02],[92.941,13.02],[92.941,13.02],[92.942,13.019],[92.942,13.019],[92.942,13.018],[92.943,13.018],[92.942,13.018],[92.942,13.018],[92.942,13.017],[92.942,13.016],[92.942,13.016],[92.942,13.016],[92.942,13.014],[92.941,13.014],[92.94,13.014],[92.94,13.013],[92.94,13.012],[92.94,13.012],[92.939,13.011],[92.939,13.009],[92.94,13.009],[92.94,13.009],[92.94,13.009],[92.94,13.008],[92.94,13.008],[92.94,13.007],[92.941,13.007],[92.941,13.006],[92.941,13.006],[92.941,13.006],[92.941,13.005],[92.941,13.005],[92.941,13.004],[92.941,13.004],[92.941,13.004],[92.941,13.003],[92.941,13.003],[92.941,13.002],[92.942,13.002],[92.943,13.002],[92.942,13.002],[92.943,13.001],[92.943,13.001],[92.943,13.001],[92.943,13],[92.943,12.999],[92.944,12.999],[92.944,12.998],[92.944,12.998],[92.944,12.997],[92.944,12.997],[92.944,12.997],[92.944,12.997],[92.943,12.996],[92.943,12.996],[92.943,12.996],[92.942,12.996],[92.942,12.996],[92.942,12.995],[92.941,12.995],[92.941,12.996],[92.94,12.996],[92.94,12.996],[92.938,12.996],[92.938,12.995],[92.937,12.995],[92.937,12.996],[92.937,12.996],[92.937,12.996],[92.936,12.996],[92.936,12.996],[92.936,12.997],[92.935,12.998],[92.935,12.998],[92.934,12.998],[92.933,12.998],[92.933,12.999],[92.933,12.999],[92.933,13],[92.93,13],[92.93,12.999],[92.929,12.999],[92.929,12.999],[92.927,12.999],[92.927,13],[92.926,12.999],[92.926,13],[92.926,13],[92.926,13],[92.926,13],[92.926,13.001],[92.925,13.001],[92.924,13.001],[92.924,13.001],[92.924,13.001],[92.924,13.001],[92.924,13.001],[92.923,13.001],[92.923,13.001],[92.923,13.001],[92.922,13],[92.922,13],[92.921,13.001],[92.921,13.001],[92.921,13.002],[92.921,13.003],[92.921,13.003],[92.921,13.003],[92.921,13.004],[92.921,13.004],[92.92,13.005],[92.92,13.005],[92.92,13.005],[92.919,13.006],[92.919,13.006],[92.919,13.006],[92.918,13.007],[92.919,13.007],[92.918,13.007],[92.918,13.008],[92.918,13.008],[92.918,13.009],[92.917,13.009],[92.917,13.009],[92.917,13.01],[92.917,13.01],[92.916,13.011],[92.916,13.011],[92.916,13.012],[92.916,13.012],[92.916,13.012],[92.916,13.013],[92.916,13.013],[92.916,13.013],[92.916,13.015],[92.916,13.015],[92.916,13.016],[92.917,13.016],[92.917,13.017],[92.918,13.018],[92.918,13.018],[92.919,13.019],[92.919,13.019],[92.92,13.019],[92.92,13.019],[92.921,13.019],[92.921,13.019],[92.921,13.019],[92.921,13.02],[92.921,13.02],[92.922,13.021],[92.922,13.021],[92.923,13.021],[92.923,13.022],[92.923,13.022],[92.923,13.023],[92.922,13.023],[92.922,13.023],[92.922,13.023],[92.921,13.024],[92.921,13.024],[92.922,13.024],[92.921,13.025],[92.921,13.026],[92.922,13.026],[92.922,13.028],[92.923,13.029],[92.924,13.029],[92.924,13.028],[92.925,13.028],[92.926,13.028],[92.926,13.028],[92.926,13.027],[92.926,13.027],[92.926,13.026],[92.926,13.026],[92.926,13.026],[92.926,13.026],[92.926,13.024],[92.926,13.024]]],[[[92.919,13.04],[92.917,13.04],[92.915,13.042],[92.915,13.042],[92.915,13.042],[92.915,13.043],[92.914,13.043],[92.914,13.044],[92.914,13.044],[92.915,13.045],[92.915,13.045],[92.915,13.046],[92.915,13.046],[92.915,13.046],[92.916,13.047],[92.916,13.048],[92.917,13.047],[92.917,13.047],[92.918,13.047],[92.918,13.046],[92.918,13.046],[92.918,13.046],[92.918,13.045],[92.918,13.044],[92.919,13.044],[92.919,13.044],[92.919,13.044],[92.919,13.042],[92.919,13.042],[92.919,13.041],[92.919,13.041],[92.919,13.041],[92.919,13.04]]],[[[92.934,13.049],[92.933,13.049],[92.933,13.05],[92.933,13.05],[92.932,13.05],[92.932,13.051],[92.932,13.052],[92.932,13.052],[92.932,13.052],[92.932,13.053],[92.932,13.053],[92.933,13.053],[92.934,13.051],[92.934,13.051],[92.934,13.05],[92.934,13.05],[92.934,13.049]]],[[[92.917,13.058],[92.916,13.058],[92.916,13.058],[92.916,13.059],[92.915,13.059],[92.915,13.059],[92.915,13.059],[92.915,13.06],[92.915,13.06],[92.915,13.061],[92.914,13.061],[92.914,13.061],[92.914,13.061],[92.914,13.061],[92.913,13.062],[92.913,13.062],[92.913,13.062],[92.913,13.063],[92.913,13.063],[92.913,13.064],[92.913,13.066],[92.913,13.066],[92.913,13.067],[92.913,13.067],[92.914,13.067],[92.914,13.067],[92.914,13.066],[92.914,13.066],[92.914,13.065],[92.915,13.065],[92.915,13.065],[92.915,13.065],[92.915,13.064],[92.915,13.064],[92.916,13.063],[92.916,13.063],[92.916,13.063],[92.917,13.063],[92.917,13.062],[92.917,13.062],[92.917,13.061],[92.917,13.061],[92.917,13.06],[92.917,13.059],[92.917,13.059],[92.917,13.058],[92.917,13.058],[92.917,13.058],[92.917,13.058]]],[[[92.731,13.096],[92.731,13.096],[92.731,13.096],[92.732,13.095],[92.732,13.094],[92.732,13.094],[92.731,13.093],[92.731,13.093],[92.731,13.093],[92.731,13.093],[92.731,13.092],[92.731,13.092],[92.73,13.092],[92.73,13.092],[92.729,13.09],[92.728,13.09],[92.728,13.091],[92.728,13.091],[92.728,13.092],[92.728,13.093],[92.728,13.093],[92.728,13.093],[92.73,13.095],[92.73,13.095],[92.731,13.096]]],[[[92.719,13.099],[92.72,13.098],[92.721,13.097],[92.721,13.096],[92.721,13.096],[92.721,13.096],[92.721,13.095],[92.72,13.094],[92.72,13.094],[92.719,13.093],[92.718,13.093],[92.717,13.093],[92.716,13.092],[92.715,13.092],[92.714,13.091],[92.714,13.091],[92.713,13.091],[92.713,13.091],[92.712,13.09],[92.712,13.09],[92.711,13.09],[92.711,13.09],[92.71,13.089],[92.71,13.088],[92.709,13.088],[92.709,13.088],[92.708,13.087],[92.708,13.086],[92.708,13.086],[92.707,13.086],[92.707,13.086],[92.707,13.085],[92.707,13.085],[92.707,13.085],[92.707,13.084],[92.705,13.082],[92.705,13.082],[92.705,13.081],[92.705,13.081],[92.704,13.08],[92.704,13.078],[92.704,13.078],[92.704,13.077],[92.704,13.077],[92.704,13.076],[92.705,13.076],[92.705,13.076],[92.705,13.075],[92.705,13.075],[92.706,13.074],[92.706,13.074],[92.706,13.074],[92.706,13.074],[92.707,13.073],[92.707,13.072],[92.707,13.072],[92.707,13.071],[92.707,13.071],[92.707,13.071],[92.706,13.07],[92.705,13.07],[92.704,13.07],[92.704,13.07],[92.704,13.07],[92.703,13.07],[92.702,13.07],[92.702,13.071],[92.702,13.071],[92.702,13.071],[92.701,13.071],[92.7,13.072],[92.7,13.073],[92.7,13.073],[92.7,13.074],[92.7,13.074],[92.7,13.075],[92.699,13.075],[92.699,13.075],[92.699,13.076],[92.699,13.076],[92.699,13.076],[92.699,13.077],[92.699,13.078],[92.699,13.078],[92.699,13.078],[92.699,13.079],[92.699,13.079],[92.699,13.079],[92.699,13.08],[92.699,13.08],[92.698,13.081],[92.698,13.081],[92.698,13.082],[92.698,13.083],[92.698,13.083],[92.698,13.083],[92.698,13.083],[92.698,13.084],[92.697,13.084],[92.697,13.085],[92.697,13.085],[92.697,13.086],[92.697,13.086],[92.697,13.088],[92.696,13.088],[92.696,13.089],[92.696,13.089],[92.696,13.089],[92.696,13.09],[92.696,13.09],[92.696,13.091],[92.696,13.091],[92.696,13.091],[92.696,13.092],[92.696,13.092],[92.696,13.093],[92.696,13.094],[92.696,13.094],[92.696,13.094],[92.696,13.094],[92.696,13.095],[92.696,13.095],[92.697,13.096],[92.697,13.096],[92.699,13.098],[92.699,13.098],[92.7,13.098],[92.701,13.098],[92.702,13.098],[92.702,13.098],[92.702,13.098],[92.702,13.097],[92.703,13.097],[92.703,13.097],[92.704,13.096],[92.704,13.096],[92.705,13.095],[92.706,13.095],[92.706,13.095],[92.708,13.095],[92.709,13.095],[92.709,13.095],[92.71,13.095],[92.71,13.095],[92.711,13.095],[92.712,13.096],[92.712,13.096],[92.713,13.096],[92.713,13.096],[92.714,13.096],[92.714,13.097],[92.715,13.097],[92.715,13.097],[92.716,13.097],[92.716,13.097],[92.717,13.098],[92.717,13.098],[92.717,13.099],[92.718,13.099],[92.718,13.099],[92.719,13.099]]],[[[92.795,13.171],[92.795,13.171],[92.796,13.171],[92.796,13.171],[92.796,13.171],[92.798,13.169],[92.798,13.168],[92.797,13.168],[92.796,13.168],[92.796,13.167],[92.795,13.167],[92.795,13.168],[92.794,13.168],[92.794,13.169],[92.794,13.169],[92.793,13.169],[92.793,13.169],[92.793,13.17],[92.794,13.171],[92.795,13.171]]],[[[93.061,13.221],[93.061,13.221],[93.06,13.221],[93.06,13.221],[93.059,13.222],[93.059,13.222],[93.059,13.222],[93.059,13.224],[93.058,13.224],[93.058,13.225],[93.058,13.225],[93.058,13.225],[93.058,13.226],[93.058,13.227],[93.059,13.227],[93.059,13.227],[93.059,13.226],[93.06,13.226],[93.06,13.225],[93.06,13.225],[93.06,13.225],[93.061,13.224],[93.061,13.223],[93.061,13.223],[93.061,13.222],[93.061,13.222],[93.061,13.221]]],[[[93.017,13.284],[93.016,13.283],[93.015,13.283],[93.015,13.283],[93.015,13.284],[93.014,13.284],[93.014,13.284],[93.014,13.285],[93.015,13.285],[93.015,13.285],[93.015,13.285],[93.016,13.285],[93.017,13.284],[93.017,13.284]]],[[[93.075,13.303],[93.075,13.303],[93.076,13.303],[93.076,13.302],[93.077,13.302],[93.077,13.302],[93.077,13.302],[93.078,13.302],[93.079,13.302],[93.079,13.301],[93.079,13.3],[93.079,13.3],[93.078,13.299],[93.077,13.299],[93.077,13.299],[93.077,13.299],[93.076,13.298],[93.075,13.298],[93.075,13.298],[93.075,13.298],[93.073,13.298],[93.073,13.298],[93.073,13.298],[93.071,13.299],[93.071,13.3],[93.071,13.301],[93.073,13.302],[93.073,13.303],[93.074,13.303],[93.075,13.303]]],[[[93.019,13.33],[93.019,13.329],[93.019,13.329],[93.019,13.329],[93.019,13.329],[93.019,13.329],[93.02,13.329],[93.02,13.329],[93.021,13.329],[93.022,13.329],[93.022,13.329],[93.022,13.329],[93.023,13.329],[93.023,13.329],[93.023,13.329],[93.024,13.329],[93.025,13.328],[93.025,13.328],[93.025,13.328],[93.025,13.327],[93.025,13.326],[93.025,13.326],[93.025,13.326],[93.024,13.326],[93.024,13.326],[93.024,13.326],[93.023,13.326],[93.023,13.326],[93.023,13.326],[93.022,13.326],[93.022,13.326],[93.022,13.326],[93.023,13.326],[93.023,13.325],[93.023,13.325],[93.023,13.325],[93.023,13.325],[93.023,13.324],[93.022,13.324],[93.022,13.324],[93.022,13.324],[93.022,13.324],[93.022,13.323],[93.022,13.323],[93.022,13.323],[93.021,13.322],[93.021,13.322],[93.021,13.321],[93.021,13.321],[93.021,13.32],[93.021,13.319],[93.021,13.318],[93.021,13.318],[93.021,13.317],[93.021,13.317],[93.021,13.317],[93.021,13.317],[93.021,13.318],[93.021,13.318],[93.021,13.317],[93.02,13.317],[93.02,13.317],[93.02,13.317],[93.02,13.317],[93.02,13.316],[93.02,13.316],[93.021,13.316],[93.021,13.315],[93.021,13.315],[93.021,13.315],[93.022,13.314],[93.021,13.314],[93.021,13.314],[93.021,13.314],[93.021,13.315],[93.02,13.315],[93.02,13.315],[93.02,13.314],[93.02,13.314],[93.021,13.314],[93.021,13.313],[93.021,13.313],[93.021,13.313],[93.022,13.313],[93.022,13.312],[93.022,13.312],[93.022,13.312],[93.022,13.311],[93.022,13.311],[93.022,13.31],[93.023,13.31],[93.023,13.31],[93.023,13.309],[93.024,13.309],[93.023,13.309],[93.023,13.308],[93.024,13.308],[93.024,13.307],[93.023,13.306],[93.024,13.305],[93.024,13.305],[93.024,13.305],[93.023,13.305],[93.023,13.304],[93.023,13.304],[93.023,13.304],[93.022,13.303],[93.021,13.303],[93.021,13.304],[93.021,13.304],[93.021,13.305],[93.02,13.305],[93.02,13.305],[93.02,13.306],[93.02,13.306],[93.02,13.306],[93.02,13.306],[93.02,13.307],[93.02,13.307],[93.019,13.307],[93.019,13.307],[93.019,13.308],[93.018,13.308],[93.018,13.308],[93.018,13.308],[93.018,13.308],[93.017,13.308],[93.017,13.308],[93.017,13.309],[93.016,13.309],[93.015,13.309],[93.015,13.309],[93.014,13.309],[93.013,13.309],[93.01,13.311],[93.009,13.311],[93.01,13.312],[93.01,13.317],[93.016,13.316],[93.016,13.316],[93.016,13.317],[93.016,13.317],[93.016,13.318],[93.016,13.318],[93.016,13.318],[93.016,13.319],[93.016,13.32],[93.016,13.32],[93.016,13.32],[93.016,13.321],[93.016,13.321],[93.016,13.321],[93.016,13.322],[93.016,13.322],[93.016,13.323],[93.016,13.324],[93.016,13.324],[93.016,13.325],[93.016,13.325],[93.017,13.325],[93.017,13.326],[93.017,13.326],[93.017,13.327],[93.017,13.328],[93.017,13.328],[93.016,13.328],[93.015,13.33],[93.015,13.33],[93.016,13.332],[93.019,13.33]]],[[[92.968,13.333],[92.967,13.333],[92.967,13.333],[92.967,13.333],[92.967,13.333],[92.967,13.334],[92.967,13.334],[92.966,13.335],[92.966,13.336],[92.966,13.336],[92.966,13.336],[92.967,13.337],[92.967,13.337],[92.967,13.337],[92.967,13.337],[92.968,13.338],[92.969,13.338],[92.97,13.338],[92.97,13.338],[92.969,13.338],[92.969,13.337],[92.969,13.337],[92.969,13.337],[92.969,13.336],[92.968,13.336],[92.968,13.336],[92.968,13.335],[92.968,13.335],[92.968,13.334],[92.968,13.334],[92.968,13.334],[92.968,13.333],[92.968,13.333],[92.968,13.333],[92.968,13.333]]],[[[93.016,13.339],[93.016,13.338],[93.016,13.338],[93.016,13.338],[93.015,13.338],[93.015,13.338],[93.014,13.338],[93.014,13.339],[93.014,13.339],[93.014,13.339],[93.014,13.339],[93.014,13.339],[93.014,13.34],[93.015,13.341],[93.016,13.34],[93.016,13.339],[93.016,13.339]]],[[[93.037,13.341],[93.037,13.341],[93.037,13.341],[93.037,13.342],[93.037,13.342],[93.037,13.343],[93.037,13.343],[93.037,13.343],[93.037,13.344],[93.038,13.344],[93.038,13.344],[93.039,13.343],[93.039,13.342],[93.038,13.342],[93.038,13.341],[93.037,13.341]]],[[[93.077,13.365],[93.077,13.365],[93.078,13.365],[93.078,13.365],[93.078,13.364],[93.079,13.364],[93.079,13.364],[93.078,13.364],[93.078,13.364],[93.078,13.364],[93.078,13.363],[93.078,13.363],[93.078,13.363],[93.078,13.363],[93.077,13.364],[93.077,13.363],[93.076,13.364],[93.076,13.364],[93.076,13.364],[93.075,13.364],[93.074,13.364],[93.074,13.364],[93.074,13.365],[93.074,13.365],[93.074,13.365],[93.074,13.366],[93.074,13.366],[93.075,13.366],[93.075,13.366],[93.075,13.366],[93.075,13.367],[93.076,13.367],[93.076,13.367],[93.076,13.367],[93.076,13.366],[93.076,13.366],[93.076,13.366],[93.077,13.365],[93.077,13.365],[93.077,13.365]]],[[[93.083,13.367],[93.082,13.367],[93.082,13.367],[93.081,13.368],[93.081,13.369],[93.081,13.369],[93.081,13.369],[93.082,13.37],[93.082,13.37],[93.083,13.369],[93.083,13.369],[93.084,13.368],[93.084,13.368],[93.083,13.367],[93.083,13.367],[93.083,13.367]]],[[[93.062,13.383],[93.062,13.383],[93.062,13.383],[93.062,13.383],[93.062,13.384],[93.061,13.384],[93.061,13.384],[93.062,13.384],[93.062,13.385],[93.062,13.385],[93.062,13.386],[93.062,13.386],[93.063,13.386],[93.063,13.386],[93.063,13.387],[93.063,13.387],[93.063,13.387],[93.064,13.387],[93.064,13.386],[93.064,13.386],[93.064,13.385],[93.064,13.385],[93.064,13.385],[93.063,13.385],[93.063,13.384],[93.062,13.384],[93.062,13.383]]],[[[92.866,13.414],[92.866,13.413],[92.866,13.413],[92.867,13.413],[92.867,13.413],[92.868,13.413],[92.868,13.412],[92.868,13.412],[92.867,13.411],[92.867,13.411],[92.866,13.411],[92.866,13.411],[92.865,13.412],[92.865,13.413],[92.865,13.413],[92.865,13.413],[92.866,13.414]]],[[[92.813,13.42],[92.814,13.419],[92.814,13.419],[92.814,13.419],[92.815,13.419],[92.816,13.418],[92.817,13.418],[92.817,13.418],[92.817,13.418],[92.818,13.417],[92.818,13.417],[92.819,13.416],[92.819,13.416],[92.818,13.415],[92.818,13.415],[92.818,13.414],[92.818,13.414],[92.818,13.414],[92.818,13.412],[92.818,13.412],[92.817,13.411],[92.817,13.41],[92.817,13.408],[92.816,13.406],[92.816,13.406],[92.816,13.404],[92.815,13.403],[92.814,13.403],[92.814,13.404],[92.814,13.404],[92.813,13.405],[92.812,13.406],[92.812,13.407],[92.812,13.407],[92.813,13.408],[92.813,13.41],[92.813,13.412],[92.814,13.414],[92.813,13.415],[92.813,13.416],[92.813,13.417],[92.813,13.417],[92.813,13.417],[92.813,13.418],[92.812,13.418],[92.812,13.418],[92.812,13.418],[92.812,13.419],[92.812,13.419],[92.812,13.419],[92.812,13.419],[92.813,13.42],[92.813,13.42]]],[[[93.094,13.418],[93.095,13.418],[93.095,13.418],[93.095,13.418],[93.095,13.418],[93.095,13.417],[93.095,13.417],[93.095,13.417],[93.095,13.417],[93.095,13.416],[93.095,13.416],[93.095,13.415],[93.095,13.416],[93.094,13.416],[93.094,13.416],[93.094,13.416],[93.094,13.416],[93.094,13.416],[93.093,13.415],[93.093,13.415],[93.093,13.415],[93.093,13.415],[93.093,13.414],[93.093,13.414],[93.093,13.414],[93.093,13.414],[93.093,13.413],[93.092,13.413],[93.092,13.412],[93.092,13.412],[93.092,13.412],[93.092,13.412],[93.092,13.411],[93.092,13.411],[93.091,13.41],[93.091,13.41],[93.091,13.41],[93.091,13.41],[93.09,13.41],[93.09,13.41],[93.09,13.41],[93.09,13.41],[93.089,13.41],[93.089,13.41],[93.089,13.41],[93.089,13.411],[93.088,13.412],[93.087,13.412],[93.087,13.412],[93.087,13.413],[93.087,13.413],[93.088,13.414],[93.088,13.414],[93.087,13.415],[93.087,13.416],[93.087,13.416],[93.088,13.416],[93.088,13.417],[93.089,13.417],[93.09,13.418],[93.09,13.419],[93.09,13.419],[93.091,13.42],[93.092,13.42],[93.092,13.42],[93.093,13.42],[93.093,13.42],[93.093,13.42],[93.094,13.42],[93.094,13.419],[93.094,13.419],[93.094,13.418],[93.094,13.418],[93.094,13.418]]],[[[93.072,13.426],[93.072,13.426],[93.072,13.426],[93.072,13.426],[93.071,13.425],[93.071,13.425],[93.071,13.424],[93.071,13.423],[93.071,13.423],[93.071,13.423],[93.071,13.423],[93.071,13.422],[93.071,13.422],[93.071,13.421],[93.071,13.421],[93.071,13.421],[93.071,13.42],[93.071,13.42],[93.071,13.42],[93.071,13.419],[93.071,13.419],[93.071,13.419],[93.071,13.419],[93.071,13.418],[93.071,13.418],[93.071,13.418],[93.071,13.417],[93.071,13.417],[93.071,13.417],[93.071,13.416],[93.071,13.415],[93.071,13.415],[93.071,13.415],[93.072,13.414],[93.072,13.414],[93.072,13.414],[93.071,13.413],[93.071,13.413],[93.071,13.413],[93.069,13.413],[93.069,13.414],[93.069,13.414],[93.068,13.415],[93.068,13.415],[93.068,13.415],[93.068,13.415],[93.069,13.416],[93.069,13.416],[93.069,13.417],[93.069,13.417],[93.069,13.418],[93.069,13.418],[93.068,13.418],[93.068,13.419],[93.068,13.419],[93.068,13.419],[93.068,13.42],[93.068,13.42],[93.068,13.42],[93.068,13.421],[93.068,13.421],[93.068,13.422],[93.068,13.422],[93.067,13.422],[93.068,13.423],[93.068,13.424],[93.068,13.424],[93.068,13.424],[93.068,13.424],[93.069,13.425],[93.069,13.425],[93.069,13.426],[93.069,13.426],[93.069,13.427],[93.07,13.428],[93.071,13.428],[93.071,13.429],[93.071,13.429],[93.071,13.43],[93.071,13.43],[93.072,13.431],[93.072,13.431],[93.072,13.431],[93.073,13.431],[93.073,13.431],[93.073,13.431],[93.073,13.43],[93.073,13.43],[93.073,13.429],[93.072,13.429],[93.073,13.428],[93.073,13.428],[93.072,13.428],[93.072,13.427],[93.072,13.427],[93.072,13.426]]],[[[93.099,13.436],[93.1,13.435],[93.101,13.436],[93.102,13.436],[93.102,13.435],[93.103,13.435],[93.103,13.435],[93.103,13.433],[93.103,13.433],[93.103,13.432],[93.104,13.432],[93.104,13.432],[93.104,13.431],[93.104,13.431],[93.104,13.431],[93.104,13.43],[93.103,13.43],[93.103,13.43],[93.102,13.43],[93.102,13.43],[93.099,13.43],[93.099,13.431],[93.099,13.431],[93.098,13.432],[93.098,13.432],[93.098,13.433],[93.097,13.433],[93.097,13.434],[93.097,13.434],[93.096,13.434],[93.096,13.436],[93.097,13.436],[93.097,13.437],[93.097,13.437],[93.097,13.437],[93.097,13.437],[93.098,13.438],[93.099,13.438],[93.099,13.438],[93.099,13.437],[93.099,13.437],[93.099,13.436],[93.099,13.436]]],[[[92.843,13.441],[92.843,13.44],[92.844,13.44],[92.844,13.438],[92.844,13.438],[92.844,13.438],[92.844,13.437],[92.844,13.437],[92.845,13.436],[92.845,13.435],[92.845,13.434],[92.845,13.433],[92.845,13.434],[92.846,13.432],[92.846,13.432],[92.846,13.432],[92.846,13.431],[92.846,13.431],[92.846,13.43],[92.845,13.43],[92.844,13.428],[92.844,13.428],[92.843,13.427],[92.843,13.427],[92.842,13.427],[92.842,13.426],[92.842,13.426],[92.842,13.426],[92.841,13.426],[92.841,13.426],[92.84,13.425],[92.84,13.425],[92.839,13.424],[92.839,13.424],[92.835,13.42],[92.835,13.42],[92.834,13.42],[92.834,13.42],[92.834,13.42],[92.833,13.42],[92.833,13.419],[92.833,13.419],[92.832,13.419],[92.831,13.419],[92.831,13.419],[92.831,13.419],[92.83,13.419],[92.83,13.419],[92.829,13.421],[92.828,13.421],[92.828,13.421],[92.827,13.421],[92.827,13.421],[92.827,13.421],[92.827,13.421],[92.826,13.421],[92.826,13.421],[92.826,13.421],[92.825,13.42],[92.824,13.42],[92.824,13.42],[92.823,13.42],[92.823,13.421],[92.822,13.421],[92.822,13.421],[92.822,13.423],[92.822,13.423],[92.822,13.424],[92.821,13.424],[92.821,13.425],[92.821,13.425],[92.821,13.426],[92.821,13.426],[92.821,13.427],[92.821,13.428],[92.821,13.429],[92.821,13.429],[92.821,13.429],[92.821,13.429],[92.821,13.43],[92.821,13.43],[92.822,13.431],[92.822,13.431],[92.822,13.432],[92.822,13.432],[92.822,13.433],[92.823,13.433],[92.823,13.434],[92.822,13.435],[92.822,13.435],[92.821,13.436],[92.821,13.436],[92.822,13.437],[92.823,13.437],[92.823,13.436],[92.823,13.436],[92.824,13.437],[92.824,13.437],[92.825,13.438],[92.825,13.438],[92.825,13.439],[92.826,13.439],[92.826,13.439],[92.826,13.439],[92.827,13.439],[92.827,13.438],[92.827,13.438],[92.828,13.438],[92.831,13.438],[92.831,13.438],[92.832,13.439],[92.832,13.439],[92.835,13.439],[92.835,13.439],[92.836,13.439],[92.836,13.439],[92.836,13.439],[92.837,13.439],[92.837,13.44],[92.838,13.44],[92.838,13.441],[92.839,13.441],[92.839,13.441],[92.839,13.441],[92.84,13.441],[92.84,13.441],[92.84,13.44],[92.841,13.441],[92.841,13.442],[92.842,13.442],[92.842,13.444],[92.842,13.444],[92.842,13.444],[92.842,13.445],[92.843,13.445],[92.843,13.445],[92.843,13.444],[92.843,13.443],[92.843,13.443],[92.843,13.441],[92.843,13.441]]],[[[94.273,13.464],[94.273,13.464],[94.274,13.464],[94.274,13.463],[94.274,13.463],[94.274,13.463],[94.274,13.462],[94.274,13.462],[94.274,13.462],[94.275,13.462],[94.276,13.462],[94.276,13.462],[94.277,13.462],[94.278,13.462],[94.278,13.462],[94.278,13.461],[94.277,13.461],[94.277,13.46],[94.277,13.46],[94.276,13.46],[94.276,13.459],[94.276,13.459],[94.275,13.459],[94.275,13.458],[94.275,13.458],[94.275,13.458],[94.275,13.456],[94.275,13.455],[94.275,13.455],[94.275,13.455],[94.275,13.454],[94.276,13.454],[94.276,13.454],[94.277,13.453],[94.277,13.452],[94.277,13.449],[94.277,13.449],[94.277,13.448],[94.276,13.448],[94.276,13.448],[94.276,13.447],[94.276,13.447],[94.276,13.447],[94.276,13.446],[94.275,13.446],[94.275,13.445],[94.276,13.445],[94.276,13.442],[94.275,13.442],[94.275,13.441],[94.275,13.441],[94.275,13.441],[94.274,13.44],[94.274,13.44],[94.274,13.439],[94.274,13.439],[94.274,13.439],[94.274,13.438],[94.273,13.438],[94.273,13.438],[94.273,13.437],[94.272,13.437],[94.272,13.436],[94.27,13.435],[94.269,13.434],[94.269,13.435],[94.269,13.435],[94.269,13.435],[94.268,13.435],[94.268,13.435],[94.266,13.434],[94.266,13.434],[94.266,13.433],[94.265,13.433],[94.265,13.432],[94.264,13.432],[94.264,13.432],[94.264,13.431],[94.263,13.43],[94.263,13.43],[94.263,13.43],[94.263,13.43],[94.262,13.43],[94.262,13.43],[94.262,13.43],[94.262,13.43],[94.262,13.43],[94.261,13.43],[94.261,13.43],[94.261,13.43],[94.26,13.43],[94.26,13.43],[94.26,13.43],[94.26,13.43],[94.259,13.429],[94.259,13.429],[94.259,13.43],[94.259,13.43],[94.258,13.43],[94.258,13.431],[94.258,13.431],[94.258,13.431],[94.258,13.431],[94.258,13.431],[94.257,13.431],[94.257,13.431],[94.257,13.431],[94.256,13.431],[94.256,13.43],[94.256,13.43],[94.256,13.431],[94.256,13.431],[94.255,13.431],[94.255,13.432],[94.255,13.432],[94.255,13.432],[94.254,13.433],[94.254,13.433],[94.253,13.434],[94.253,13.434],[94.253,13.434],[94.253,13.434],[94.252,13.435],[94.252,13.435],[94.252,13.435],[94.252,13.436],[94.252,13.436],[94.252,13.436],[94.252,13.437],[94.251,13.439],[94.251,13.439],[94.25,13.439],[94.25,13.44],[94.25,13.44],[94.25,13.44],[94.249,13.441],[94.249,13.442],[94.249,13.442],[94.249,13.443],[94.249,13.444],[94.249,13.444],[94.249,13.444],[94.249,13.445],[94.249,13.446],[94.249,13.446],[94.25,13.446],[94.251,13.447],[94.251,13.447],[94.251,13.447],[94.251,13.447],[94.252,13.447],[94.252,13.447],[94.253,13.448],[94.253,13.449],[94.253,13.45],[94.253,13.45],[94.253,13.451],[94.253,13.451],[94.254,13.451],[94.254,13.452],[94.254,13.452],[94.254,13.452],[94.255,13.454],[94.255,13.454],[94.256,13.454],[94.257,13.457],[94.257,13.457],[94.258,13.458],[94.258,13.458],[94.258,13.458],[94.258,13.459],[94.26,13.459],[94.261,13.46],[94.261,13.46],[94.261,13.461],[94.262,13.461],[94.262,13.462],[94.262,13.462],[94.262,13.463],[94.263,13.463],[94.263,13.464],[94.263,13.464],[94.264,13.464],[94.264,13.464],[94.265,13.463],[94.266,13.463],[94.266,13.463],[94.267,13.462],[94.268,13.462],[94.268,13.463],[94.269,13.463],[94.269,13.463],[94.269,13.463],[94.269,13.464],[94.27,13.464],[94.27,13.464],[94.27,13.464],[94.27,13.464],[94.271,13.465],[94.271,13.465],[94.271,13.465],[94.271,13.465],[94.272,13.465],[94.272,13.465],[94.273,13.465],[94.273,13.465],[94.273,13.465],[94.273,13.464]]],[[[92.874,13.512],[92.874,13.512],[92.873,13.511],[92.873,13.51],[92.873,13.51],[92.873,13.51],[92.873,13.509],[92.873,13.509],[92.874,13.509],[92.874,13.508],[92.874,13.508],[92.874,13.508],[92.874,13.507],[92.874,13.507],[92.875,13.507],[92.875,13.504],[92.873,13.502],[92.873,13.503],[92.872,13.502],[92.872,13.502],[92.872,13.502],[92.871,13.502],[92.871,13.502],[92.871,13.502],[92.871,13.502],[92.87,13.503],[92.869,13.503],[92.869,13.504],[92.869,13.504],[92.868,13.505],[92.868,13.505],[92.867,13.505],[92.867,13.506],[92.867,13.506],[92.867,13.506],[92.867,13.506],[92.867,13.508],[92.867,13.508],[92.866,13.508],[92.867,13.508],[92.867,13.509],[92.867,13.509],[92.867,13.51],[92.867,13.51],[92.868,13.51],[92.869,13.512],[92.869,13.512],[92.869,13.513],[92.87,13.513],[92.87,13.513],[92.871,13.513],[92.871,13.513],[92.872,13.513],[92.873,13.512],[92.873,13.512],[92.873,13.512],[92.874,13.513],[92.874,13.513],[92.875,13.512],[92.874,13.512]]],[[[92.919,13.516],[92.919,13.515],[92.919,13.515],[92.92,13.515],[92.92,13.515],[92.921,13.514],[92.921,13.513],[92.919,13.511],[92.919,13.51],[92.919,13.51],[92.919,13.509],[92.918,13.509],[92.918,13.509],[92.918,13.509],[92.918,13.508],[92.917,13.507],[92.917,13.507],[92.916,13.507],[92.916,13.507],[92.916,13.507],[92.916,13.507],[92.915,13.507],[92.914,13.508],[92.914,13.508],[92.913,13.508],[92.913,13.508],[92.914,13.509],[92.914,13.509],[92.914,13.509],[92.914,13.51],[92.915,13.51],[92.915,13.512],[92.915,13.512],[92.915,13.513],[92.915,13.513],[92.915,13.514],[92.917,13.515],[92.917,13.515],[92.917,13.515],[92.918,13.515],[92.918,13.516],[92.918,13.516],[92.919,13.516]]],[[[92.91,13.537],[92.912,13.535],[92.912,13.535],[92.912,13.534],[92.912,13.534],[92.913,13.534],[92.912,13.534],[92.912,13.533],[92.912,13.532],[92.911,13.532],[92.911,13.532],[92.911,13.532],[92.91,13.532],[92.91,13.532],[92.909,13.531],[92.909,13.531],[92.908,13.531],[92.908,13.531],[92.908,13.53],[92.906,13.53],[92.906,13.531],[92.906,13.531],[92.905,13.531],[92.905,13.532],[92.905,13.532],[92.905,13.533],[92.905,13.534],[92.905,13.534],[92.906,13.535],[92.906,13.535],[92.906,13.536],[92.906,13.536],[92.907,13.537],[92.908,13.537],[92.908,13.537],[92.908,13.537],[92.909,13.537],[92.909,13.537],[92.91,13.537]]],[[[92.875,13.541],[92.876,13.539],[92.877,13.539],[92.879,13.538],[92.879,13.537],[92.878,13.537],[92.877,13.537],[92.877,13.536],[92.877,13.536],[92.876,13.536],[92.876,13.535],[92.876,13.535],[92.876,13.535],[92.874,13.536],[92.874,13.536],[92.874,13.537],[92.874,13.537],[92.874,13.538],[92.874,13.541],[92.874,13.541],[92.875,13.541],[92.875,13.541],[92.875,13.541]]],[[[93.008,13.555],[93.008,13.555],[93.007,13.555],[93.007,13.555],[93.006,13.555],[93.006,13.555],[93.006,13.556],[93.006,13.556],[93.006,13.557],[93.006,13.557],[93.006,13.557],[93.005,13.558],[93.005,13.558],[93.005,13.559],[93.006,13.559],[93.006,13.559],[93.006,13.559],[93.006,13.56],[93.006,13.56],[93.006,13.56],[93.007,13.56],[93.007,13.559],[93.007,13.558],[93.007,13.558],[93.007,13.557],[93.007,13.557],[93.007,13.557],[93.008,13.556],[93.008,13.556],[93.008,13.555]]],[[[93.057,13.566],[93.057,13.566],[93.057,13.566],[93.057,13.565],[93.057,13.565],[93.057,13.564],[93.057,13.564],[93.057,13.564],[93.057,13.563],[93.057,13.563],[93.057,13.563],[93.057,13.563],[93.057,13.562],[93.057,13.562],[93.056,13.562],[93.056,13.562],[93.056,13.562],[93.056,13.561],[93.055,13.561],[93.055,13.56],[93.055,13.56],[93.054,13.56],[93.054,13.56],[93.054,13.56],[93.054,13.561],[93.053,13.561],[93.053,13.561],[93.052,13.563],[93.052,13.565],[93.053,13.566],[93.054,13.566],[93.054,13.566],[93.054,13.566],[93.054,13.566],[93.056,13.566],[93.057,13.567],[93.057,13.567],[93.057,13.567],[93.057,13.566]]],[[[93.029,13.573],[93.029,13.573],[93.03,13.572],[93.03,13.572],[93.03,13.571],[93.03,13.571],[93.03,13.571],[93.03,13.57],[93.031,13.57],[93.031,13.569],[93.031,13.569],[93.031,13.569],[93.031,13.569],[93.031,13.568],[93.031,13.568],[93.031,13.568],[93.032,13.568],[93.032,13.567],[93.032,13.567],[93.032,13.567],[93.033,13.566],[93.033,13.566],[93.033,13.565],[93.033,13.565],[93.033,13.564],[93.033,13.564],[93.034,13.564],[93.034,13.563],[93.034,13.563],[93.034,13.562],[93.034,13.561],[93.034,13.561],[93.034,13.561],[93.034,13.56],[93.035,13.56],[93.035,13.559],[93.035,13.559],[93.035,13.558],[93.035,13.557],[93.035,13.557],[93.036,13.557],[93.036,13.556],[93.036,13.556],[93.036,13.555],[93.036,13.555],[93.036,13.554],[93.036,13.554],[93.036,13.554],[93.037,13.553],[93.037,13.553],[93.037,13.553],[93.037,13.553],[93.038,13.551],[93.038,13.551],[93.039,13.551],[93.039,13.55],[93.039,13.55],[93.039,13.549],[93.039,13.549],[93.039,13.549],[93.039,13.548],[93.039,13.547],[93.04,13.547],[93.04,13.546],[93.039,13.545],[93.039,13.545],[93.04,13.544],[93.04,13.544],[93.04,13.544],[93.04,13.543],[93.04,13.543],[93.04,13.542],[93.041,13.542],[93.041,13.541],[93.041,13.541],[93.041,13.538],[93.041,13.537],[93.041,13.536],[93.042,13.536],[93.042,13.534],[93.042,13.534],[93.042,13.534],[93.042,13.533],[93.042,13.533],[93.043,13.533],[93.043,13.532],[93.044,13.531],[93.044,13.531],[93.044,13.53],[93.044,13.53],[93.045,13.529],[93.045,13.526],[93.045,13.526],[93.045,13.525],[93.045,13.525],[93.045,13.525],[93.044,13.524],[93.044,13.524],[93.044,13.524],[93.044,13.524],[93.044,13.523],[93.044,13.523],[93.044,13.523],[93.044,13.522],[93.043,13.521],[93.043,13.521],[93.043,13.521],[93.043,13.521],[93.043,13.52],[93.043,13.519],[93.043,13.518],[93.043,13.517],[93.043,13.517],[93.043,13.516],[93.043,13.516],[93.043,13.515],[93.044,13.515],[93.044,13.512],[93.043,13.512],[93.043,13.511],[93.043,13.511],[93.043,13.508],[93.043,13.508],[93.043,13.507],[93.044,13.507],[93.044,13.505],[93.043,13.505],[93.043,13.504],[93.043,13.504],[93.043,13.503],[93.042,13.503],[93.042,13.503],[93.042,13.502],[93.042,13.502],[93.041,13.501],[93.041,13.501],[93.041,13.501],[93.041,13.5],[93.04,13.5],[93.04,13.499],[93.04,13.499],[93.04,13.495],[93.04,13.495],[93.04,13.495],[93.041,13.494],[93.041,13.494],[93.041,13.494],[93.041,13.494],[93.041,13.493],[93.041,13.493],[93.041,13.493],[93.041,13.493],[93.041,13.492],[93.041,13.492],[93.041,13.491],[93.041,13.491],[93.041,13.49],[93.04,13.49],[93.04,13.49],[93.04,13.489],[93.04,13.488],[93.04,13.487],[93.04,13.487],[93.039,13.486],[93.039,13.486],[93.038,13.485],[93.038,13.485],[93.037,13.485],[93.037,13.485],[93.037,13.485],[93.036,13.485],[93.036,13.485],[93.036,13.484],[93.036,13.484],[93.035,13.484],[93.035,13.484],[93.035,13.483],[93.035,13.483],[93.035,13.483],[93.035,13.482],[93.036,13.481],[93.037,13.481],[93.037,13.481],[93.038,13.481],[93.038,13.481],[93.038,13.481],[93.038,13.48],[93.038,13.48],[93.038,13.479],[93.037,13.479],[93.037,13.478],[93.036,13.478],[93.035,13.477],[93.035,13.477],[93.035,13.477],[93.035,13.476],[93.035,13.476],[93.035,13.474],[93.035,13.474],[93.035,13.473],[93.035,13.473],[93.035,13.472],[93.036,13.472],[93.036,13.471],[93.035,13.47],[93.035,13.47],[93.034,13.469],[93.034,13.467],[93.034,13.467],[93.034,13.466],[93.034,13.466],[93.033,13.466],[93.032,13.464],[93.032,13.464],[93.031,13.465],[93.031,13.464],[93.031,13.464],[93.031,13.465],[93.03,13.465],[93.029,13.466],[93.029,13.466],[93.029,13.466],[93.028,13.466],[93.027,13.466],[93.027,13.466],[93.027,13.466],[93.026,13.466],[93.026,13.467],[93.026,13.467],[93.026,13.467],[93.025,13.467],[93.025,13.467],[93.025,13.467],[93.024,13.468],[93.024,13.468],[93.024,13.467],[93.023,13.467],[93.022,13.467],[93.022,13.467],[93.022,13.467],[93.021,13.467],[93.021,13.466],[93.02,13.466],[93.02,13.466],[93.019,13.466],[93.019,13.466],[93.019,13.465],[93.019,13.465],[93.019,13.464],[93.019,13.463],[93.021,13.463],[93.021,13.463],[93.021,13.463],[93.022,13.463],[93.022,13.463],[93.022,13.462],[93.023,13.462],[93.023,13.462],[93.023,13.462],[93.024,13.462],[93.024,13.462],[93.024,13.462],[93.025,13.462],[93.025,13.461],[93.027,13.461],[93.027,13.462],[93.027,13.462],[93.028,13.461],[93.028,13.461],[93.029,13.461],[93.029,13.461],[93.03,13.461],[93.03,13.46],[93.03,13.46],[93.031,13.459],[93.031,13.459],[93.031,13.459],[93.031,13.458],[93.031,13.458],[93.032,13.458],[93.032,13.458],[93.032,13.458],[93.033,13.458],[93.033,13.458],[93.033,13.458],[93.034,13.457],[93.034,13.456],[93.034,13.456],[93.034,13.455],[93.035,13.454],[93.035,13.453],[93.036,13.453],[93.036,13.452],[93.036,13.451],[93.035,13.451],[93.035,13.451],[93.035,13.451],[93.035,13.452],[93.035,13.453],[93.034,13.453],[93.034,13.453],[93.034,13.453],[93.033,13.452],[93.033,13.452],[93.033,13.451],[93.034,13.451],[93.034,13.45],[93.035,13.45],[93.035,13.449],[93.035,13.449],[93.035,13.448],[93.035,13.448],[93.035,13.447],[93.035,13.446],[93.035,13.445],[93.036,13.444],[93.036,13.443],[93.036,13.443],[93.036,13.443],[93.036,13.442],[93.036,13.442],[93.035,13.442],[93.035,13.441],[93.035,13.441],[93.035,13.441],[93.035,13.441],[93.035,13.44],[93.034,13.44],[93.034,13.438],[93.035,13.437],[93.035,13.435],[93.034,13.435],[93.034,13.434],[93.033,13.433],[93.033,13.433],[93.033,13.433],[93.033,13.433],[93.032,13.433],[93.032,13.433],[93.031,13.433],[93.031,13.433],[93.031,13.433],[93.03,13.433],[93.03,13.434],[93.029,13.434],[93.029,13.434],[93.027,13.434],[93.026,13.434],[93.026,13.434],[93.025,13.433],[93.024,13.433],[93.024,13.433],[93.024,13.433],[93.023,13.433],[93.022,13.433],[93.021,13.432],[93.021,13.431],[93.022,13.431],[93.022,13.431],[93.022,13.43],[93.023,13.43],[93.023,13.43],[93.023,13.43],[93.024,13.43],[93.024,13.43],[93.024,13.429],[93.025,13.429],[93.025,13.429],[93.025,13.429],[93.026,13.429],[93.026,13.429],[93.026,13.429],[93.026,13.429],[93.027,13.428],[93.027,13.428],[93.027,13.428],[93.029,13.428],[93.029,13.428],[93.03,13.428],[93.032,13.426],[93.032,13.426],[93.033,13.425],[93.034,13.425],[93.034,13.425],[93.035,13.425],[93.036,13.426],[93.036,13.426],[93.037,13.427],[93.037,13.427],[93.037,13.427],[93.038,13.427],[93.039,13.427],[93.039,13.427],[93.039,13.427],[93.04,13.427],[93.04,13.427],[93.04,13.427],[93.041,13.426],[93.041,13.426],[93.041,13.426],[93.041,13.425],[93.04,13.424],[93.04,13.424],[93.04,13.424],[93.04,13.423],[93.039,13.422],[93.039,13.423],[93.038,13.422],[93.038,13.422],[93.038,13.422],[93.038,13.421],[93.037,13.421],[93.037,13.421],[93.037,13.421],[93.037,13.42],[93.037,13.42],[93.037,13.42],[93.037,13.419],[93.037,13.419],[93.036,13.418],[93.036,13.417],[93.038,13.415],[93.04,13.415],[93.041,13.414],[93.041,13.414],[93.042,13.413],[93.042,13.413],[93.043,13.412],[93.044,13.412],[93.045,13.411],[93.045,13.41],[93.045,13.41],[93.045,13.409],[93.045,13.409],[93.045,13.408],[93.045,13.408],[93.045,13.408],[93.044,13.407],[93.044,13.406],[93.044,13.406],[93.044,13.405],[93.045,13.404],[93.047,13.404],[93.047,13.404],[93.048,13.404],[93.048,13.404],[93.049,13.404],[93.049,13.405],[93.049,13.405],[93.049,13.405],[93.05,13.405],[93.05,13.405],[93.05,13.405],[93.051,13.406],[93.051,13.406],[93.052,13.407],[93.052,13.407],[93.053,13.408],[93.053,13.408],[93.053,13.408],[93.053,13.409],[93.053,13.409],[93.053,13.409],[93.054,13.41],[93.054,13.41],[93.054,13.411],[93.055,13.411],[93.055,13.411],[93.056,13.411],[93.056,13.411],[93.056,13.411],[93.057,13.412],[93.057,13.413],[93.058,13.413],[93.058,13.413],[93.058,13.414],[93.058,13.414],[93.058,13.414],[93.058,13.416],[93.058,13.416],[93.058,13.416],[93.059,13.417],[93.059,13.417],[93.059,13.418],[93.059,13.418],[93.059,13.418],[93.059,13.419],[93.06,13.419],[93.06,13.419],[93.061,13.42],[93.061,13.42],[93.061,13.421],[93.061,13.421],[93.062,13.421],[93.062,13.421],[93.062,13.421],[93.063,13.42],[93.063,13.42],[93.063,13.419],[93.063,13.418],[93.063,13.418],[93.062,13.417],[93.062,13.417],[93.062,13.416],[93.062,13.416],[93.062,13.416],[93.062,13.416],[93.062,13.415],[93.061,13.415],[93.061,13.414],[93.061,13.414],[93.061,13.411],[93.061,13.411],[93.061,13.409],[93.061,13.409],[93.061,13.408],[93.06,13.408],[93.06,13.407],[93.06,13.407],[93.06,13.406],[93.06,13.406],[93.06,13.405],[93.061,13.405],[93.061,13.404],[93.059,13.403],[93.059,13.402],[93.059,13.402],[93.059,13.401],[93.059,13.4],[93.059,13.4],[93.06,13.399],[93.06,13.399],[93.06,13.399],[93.061,13.399],[93.061,13.399],[93.061,13.399],[93.062,13.4],[93.062,13.401],[93.063,13.401],[93.063,13.402],[93.063,13.402],[93.063,13.403],[93.064,13.403],[93.064,13.403],[93.066,13.405],[93.066,13.405],[93.067,13.406],[93.067,13.406],[93.067,13.406],[93.068,13.406],[93.068,13.406],[93.069,13.407],[93.069,13.407],[93.07,13.408],[93.07,13.408],[93.071,13.407],[93.071,13.407],[93.071,13.407],[93.071,13.406],[93.07,13.406],[93.07,13.405],[93.07,13.405],[93.07,13.404],[93.07,13.404],[93.07,13.403],[93.069,13.403],[93.069,13.403],[93.069,13.402],[93.069,13.402],[93.069,13.402],[93.069,13.401],[93.069,13.401],[93.069,13.4],[93.069,13.4],[93.068,13.399],[93.068,13.399],[93.068,13.398],[93.069,13.398],[93.069,13.398],[93.069,13.397],[93.069,13.397],[93.068,13.396],[93.068,13.396],[93.068,13.396],[93.068,13.396],[93.067,13.395],[93.067,13.395],[93.066,13.395],[93.066,13.395],[93.065,13.394],[93.064,13.394],[93.064,13.393],[93.064,13.393],[93.063,13.391],[93.062,13.391],[93.061,13.391],[93.061,13.392],[93.061,13.392],[93.061,13.392],[93.06,13.392],[93.059,13.392],[93.059,13.392],[93.059,13.392],[93.059,13.392],[93.058,13.392],[93.058,13.392],[93.058,13.393],[93.058,13.393],[93.057,13.393],[93.056,13.393],[93.056,13.393],[93.056,13.393],[93.056,13.393],[93.056,13.392],[93.056,13.392],[93.056,13.391],[93.055,13.391],[93.055,13.391],[93.055,13.39],[93.054,13.39],[93.054,13.39],[93.053,13.391],[93.053,13.391],[93.053,13.391],[93.053,13.391],[93.052,13.391],[93.052,13.39],[93.052,13.39],[93.052,13.389],[93.052,13.389],[93.052,13.388],[93.052,13.388],[93.052,13.387],[93.051,13.387],[93.051,13.386],[93.051,13.385],[93.051,13.384],[93.051,13.384],[93.051,13.384],[93.051,13.383],[93.051,13.383],[93.051,13.382],[93.051,13.381],[93.051,13.381],[93.051,13.381],[93.05,13.38],[93.05,13.38],[93.05,13.38],[93.05,13.379],[93.05,13.379],[93.05,13.379],[93.049,13.379],[93.049,13.378],[93.049,13.378],[93.049,13.377],[93.049,13.377],[93.049,13.376],[93.049,13.376],[93.049,13.376],[93.049,13.375],[93.049,13.375],[93.049,13.374],[93.048,13.374],[93.048,13.374],[93.048,13.375],[93.047,13.375],[93.047,13.376],[93.047,13.376],[93.046,13.377],[93.046,13.377],[93.045,13.377],[93.045,13.377],[93.044,13.377],[93.044,13.377],[93.043,13.377],[93.043,13.376],[93.042,13.376],[93.042,13.376],[93.042,13.375],[93.042,13.375],[93.041,13.375],[93.04,13.375],[93.039,13.375],[93.038,13.375],[93.038,13.375],[93.037,13.375],[93.036,13.375],[93.035,13.376],[93.034,13.376],[93.034,13.375],[93.033,13.375],[93.031,13.375],[93.03,13.374],[93.029,13.374],[93.029,13.374],[93.028,13.373],[93.029,13.373],[93.029,13.373],[93.03,13.374],[93.033,13.374],[93.035,13.375],[93.036,13.375],[93.037,13.375],[93.038,13.374],[93.039,13.374],[93.04,13.374],[93.04,13.374],[93.041,13.374],[93.042,13.374],[93.043,13.374],[93.044,13.374],[93.045,13.374],[93.045,13.375],[93.046,13.375],[93.046,13.375],[93.046,13.375],[93.046,13.375],[93.047,13.374],[93.048,13.374],[93.048,13.374],[93.048,13.374],[93.049,13.374],[93.049,13.374],[93.05,13.375],[93.05,13.377],[93.051,13.378],[93.052,13.378],[93.052,13.379],[93.052,13.379],[93.052,13.379],[93.052,13.379],[93.053,13.38],[93.053,13.38],[93.053,13.381],[93.053,13.381],[93.054,13.382],[93.054,13.382],[93.055,13.382],[93.055,13.382],[93.056,13.382],[93.056,13.381],[93.056,13.381],[93.056,13.381],[93.056,13.381],[93.056,13.38],[93.057,13.379],[93.057,13.379],[93.058,13.379],[93.058,13.378],[93.058,13.378],[93.058,13.378],[93.058,13.377],[93.058,13.377],[93.058,13.377],[93.058,13.376],[93.059,13.376],[93.059,13.376],[93.059,13.376],[93.059,13.375],[93.059,13.375],[93.059,13.375],[93.059,13.374],[93.059,13.374],[93.06,13.374],[93.06,13.372],[93.06,13.372],[93.06,13.371],[93.06,13.371],[93.06,13.37],[93.061,13.369],[93.061,13.369],[93.061,13.369],[93.061,13.369],[93.061,13.368],[93.061,13.368],[93.062,13.367],[93.062,13.366],[93.062,13.365],[93.062,13.363],[93.063,13.362],[93.063,13.362],[93.063,13.361],[93.063,13.361],[93.063,13.361],[93.063,13.361],[93.064,13.36],[93.064,13.36],[93.064,13.36],[93.065,13.36],[93.066,13.359],[93.066,13.359],[93.066,13.359],[93.066,13.358],[93.066,13.358],[93.066,13.358],[93.066,13.358],[93.066,13.357],[93.067,13.357],[93.067,13.356],[93.067,13.356],[93.067,13.356],[93.067,13.355],[93.067,13.355],[93.068,13.354],[93.068,13.354],[93.068,13.354],[93.068,13.353],[93.069,13.353],[93.069,13.353],[93.069,13.352],[93.069,13.352],[93.069,13.352],[93.069,13.352],[93.07,13.351],[93.07,13.351],[93.07,13.351],[93.071,13.35],[93.071,13.35],[93.071,13.349],[93.071,13.349],[93.071,13.349],[93.071,13.348],[93.072,13.348],[93.072,13.347],[93.072,13.347],[93.072,13.347],[93.073,13.347],[93.074,13.347],[93.074,13.347],[93.074,13.347],[93.075,13.347],[93.075,13.347],[93.075,13.347],[93.076,13.347],[93.076,13.347],[93.077,13.348],[93.077,13.348],[93.078,13.348],[93.078,13.348],[93.079,13.348],[93.079,13.347],[93.079,13.347],[93.079,13.347],[93.078,13.346],[93.078,13.346],[93.078,13.346],[93.078,13.346],[93.077,13.345],[93.077,13.343],[93.078,13.343],[93.078,13.343],[93.079,13.342],[93.079,13.342],[93.079,13.341],[93.084,13.341],[93.084,13.342],[93.085,13.342],[93.085,13.342],[93.085,13.342],[93.086,13.343],[93.086,13.343],[93.086,13.343],[93.086,13.343],[93.086,13.344],[93.087,13.344],[93.087,13.343],[93.088,13.343],[93.088,13.343],[93.088,13.343],[93.089,13.343],[93.089,13.342],[93.089,13.341],[93.089,13.341],[93.089,13.34],[93.089,13.339],[93.09,13.339],[93.09,13.338],[93.09,13.337],[93.09,13.337],[93.091,13.336],[93.09,13.335],[93.09,13.335],[93.089,13.334],[93.088,13.334],[93.087,13.333],[93.086,13.332],[93.084,13.331],[93.081,13.331],[93.08,13.331],[93.08,13.331],[93.079,13.331],[93.079,13.331],[93.079,13.331],[93.078,13.331],[93.077,13.33],[93.077,13.33],[93.077,13.33],[93.077,13.33],[93.076,13.329],[93.076,13.329],[93.076,13.328],[93.076,13.328],[93.075,13.328],[93.075,13.327],[93.073,13.325],[93.073,13.325],[93.073,13.324],[93.073,13.324],[93.073,13.324],[93.073,13.324],[93.072,13.323],[93.072,13.323],[93.072,13.323],[93.072,13.321],[93.072,13.321],[93.072,13.319],[93.073,13.319],[93.073,13.317],[93.072,13.317],[93.072,13.316],[93.072,13.316],[93.072,13.315],[93.072,13.315],[93.072,13.314],[93.071,13.314],[93.071,13.314],[93.071,13.313],[93.071,13.313],[93.071,13.313],[93.071,13.31],[93.071,13.31],[93.071,13.307],[93.07,13.306],[93.069,13.306],[93.069,13.306],[93.069,13.306],[93.068,13.306],[93.068,13.306],[93.067,13.306],[93.067,13.306],[93.067,13.306],[93.067,13.305],[93.067,13.305],[93.066,13.304],[93.066,13.304],[93.066,13.304],[93.066,13.303],[93.066,13.303],[93.065,13.303],[93.065,13.304],[93.065,13.305],[93.064,13.306],[93.064,13.306],[93.063,13.306],[93.063,13.307],[93.063,13.307],[93.063,13.308],[93.063,13.308],[93.063,13.308],[93.064,13.309],[93.064,13.31],[93.063,13.31],[93.063,13.31],[93.063,13.311],[93.063,13.311],[93.062,13.312],[93.062,13.312],[93.062,13.313],[93.062,13.313],[93.061,13.314],[93.061,13.316],[93.061,13.316],[93.061,13.316],[93.061,13.317],[93.061,13.32],[93.061,13.32],[93.061,13.32],[93.061,13.321],[93.061,13.321],[93.061,13.322],[93.061,13.322],[93.062,13.323],[93.062,13.324],[93.061,13.325],[93.061,13.326],[93.061,13.326],[93.061,13.327],[93.061,13.327],[93.061,13.328],[93.061,13.328],[93.061,13.329],[93.06,13.329],[93.06,13.329],[93.059,13.329],[93.057,13.329],[93.057,13.329],[93.056,13.329],[93.056,13.329],[93.055,13.329],[93.055,13.329],[93.055,13.329],[93.054,13.328],[93.054,13.328],[93.054,13.328],[93.054,13.328],[93.053,13.328],[93.053,13.327],[93.052,13.327],[93.052,13.327],[93.052,13.326],[93.052,13.326],[93.051,13.326],[93.051,13.325],[93.051,13.325],[93.051,13.324],[93.05,13.324],[93.05,13.324],[93.049,13.323],[93.049,13.323],[93.048,13.322],[93.048,13.322],[93.047,13.321],[93.047,13.321],[93.046,13.321],[93.046,13.321],[93.045,13.321],[93.043,13.321],[93.043,13.321],[93.043,13.321],[93.042,13.321],[93.042,13.321],[93.042,13.321],[93.041,13.321],[93.041,13.322],[93.041,13.322],[93.041,13.322],[93.04,13.322],[93.04,13.323],[93.04,13.326],[93.04,13.326],[93.04,13.327],[93.04,13.327],[93.04,13.328],[93.041,13.328],[93.041,13.329],[93.041,13.33],[93.041,13.331],[93.041,13.331],[93.041,13.333],[93.041,13.333],[93.041,13.334],[93.041,13.334],[93.041,13.334],[93.041,13.334],[93.041,13.338],[93.042,13.339],[93.042,13.339],[93.044,13.342],[93.044,13.343],[93.045,13.343],[93.045,13.343],[93.045,13.344],[93.045,13.344],[93.045,13.344],[93.045,13.345],[93.046,13.345],[93.046,13.346],[93.046,13.346],[93.046,13.347],[93.046,13.347],[93.046,13.348],[93.045,13.348],[93.045,13.349],[93.045,13.349],[93.045,13.351],[93.045,13.351],[93.045,13.351],[93.044,13.352],[93.044,13.352],[93.044,13.352],[93.044,13.353],[93.044,13.353],[93.044,13.354],[93.044,13.354],[93.044,13.355],[93.043,13.355],[93.043,13.355],[93.043,13.356],[93.043,13.356],[93.042,13.357],[93.042,13.357],[93.041,13.358],[93.041,13.358],[93.04,13.359],[93.04,13.359],[93.04,13.36],[93.04,13.36],[93.039,13.361],[93.039,13.361],[93.039,13.361],[93.039,13.362],[93.039,13.362],[93.039,13.363],[93.04,13.363],[93.04,13.364],[93.04,13.364],[93.04,13.364],[93.041,13.365],[93.041,13.365],[93.041,13.365],[93.041,13.366],[93.041,13.366],[93.041,13.366],[93.042,13.367],[93.042,13.367],[93.041,13.367],[93.041,13.367],[93.04,13.367],[93.04,13.367],[93.039,13.367],[93.039,13.366],[93.039,13.366],[93.039,13.366],[93.038,13.366],[93.038,13.366],[93.037,13.365],[93.037,13.365],[93.037,13.365],[93.037,13.364],[93.037,13.364],[93.037,13.363],[93.037,13.363],[93.036,13.363],[93.036,13.363],[93.035,13.363],[93.035,13.362],[93.035,13.362],[93.035,13.361],[93.035,13.361],[93.035,13.361],[93.035,13.361],[93.035,13.36],[93.035,13.361],[93.035,13.361],[93.036,13.361],[93.036,13.361],[93.036,13.362],[93.036,13.362],[93.037,13.362],[93.038,13.36],[93.038,13.36],[93.04,13.358],[93.04,13.358],[93.041,13.357],[93.041,13.357],[93.041,13.357],[93.041,13.356],[93.041,13.356],[93.041,13.356],[93.041,13.356],[93.041,13.355],[93.042,13.354],[93.042,13.354],[93.041,13.353],[93.041,13.353],[93.041,13.352],[93.041,13.352],[93.041,13.352],[93.041,13.351],[93.04,13.351],[93.04,13.351],[93.039,13.35],[93.039,13.35],[93.038,13.35],[93.038,13.35],[93.038,13.35],[93.038,13.35],[93.037,13.35],[93.037,13.349],[93.035,13.349],[93.035,13.349],[93.034,13.349],[93.034,13.349],[93.034,13.348],[93.034,13.348],[93.033,13.347],[93.033,13.346],[93.033,13.345],[93.032,13.345],[93.031,13.346],[93.031,13.346],[93.03,13.346],[93.029,13.346],[93.029,13.346],[93.029,13.346],[93.028,13.345],[93.028,13.345],[93.027,13.345],[93.027,13.345],[93.026,13.346],[93.026,13.346],[93.026,13.346],[93.026,13.347],[93.026,13.347],[93.026,13.347],[93.025,13.348],[93.025,13.348],[93.024,13.348],[93.024,13.349],[93.024,13.349],[93.024,13.349],[93.022,13.349],[93.022,13.349],[93.022,13.349],[93.021,13.349],[93.021,13.349],[93.021,13.35],[93.02,13.35],[93.02,13.35],[93.019,13.35],[93.019,13.35],[93.019,13.35],[93.019,13.351],[93.018,13.35],[93.018,13.35],[93.018,13.35],[93.017,13.35],[93.017,13.349],[93.016,13.349],[93.015,13.35],[93.015,13.351],[93.014,13.351],[93.014,13.351],[93.014,13.352],[93.013,13.352],[93.012,13.352],[93.012,13.352],[93.012,13.353],[93.011,13.353],[93.011,13.353],[93.007,13.353],[93.007,13.353],[93.006,13.353],[93.005,13.354],[93.005,13.353],[93.005,13.353],[93.004,13.354],[93.004,13.354],[93.004,13.353],[93.003,13.353],[93.003,13.352],[93.003,13.352],[93.002,13.352],[93.002,13.352],[93.001,13.351],[93.001,13.351],[93.001,13.351],[93.001,13.351],[93,13.351],[93,13.351],[92.998,13.35],[92.998,13.35],[92.998,13.349],[92.998,13.349],[92.997,13.348],[92.997,13.348],[92.995,13.346],[92.995,13.346],[92.994,13.346],[92.994,13.346],[92.993,13.345],[92.993,13.345],[92.992,13.344],[92.992,13.344],[92.992,13.344],[92.992,13.344],[92.991,13.343],[92.991,13.343],[92.991,13.343],[92.99,13.343],[92.99,13.342],[92.99,13.342],[92.99,13.342],[92.989,13.341],[92.989,13.341],[92.989,13.34],[92.989,13.34],[92.989,13.34],[92.989,13.339],[92.989,13.339],[92.989,13.339],[92.989,13.338],[92.989,13.338],[92.989,13.337],[92.989,13.337],[92.989,13.336],[92.989,13.336],[92.989,13.336],[92.989,13.335],[92.989,13.335],[92.989,13.334],[92.989,13.334],[92.989,13.334],[92.989,13.333],[92.989,13.333],[92.989,13.333],[92.989,13.332],[92.989,13.332],[92.989,13.331],[92.989,13.331],[92.989,13.33],[92.989,13.33],[92.988,13.329],[92.988,13.329],[92.987,13.329],[92.987,13.329],[92.986,13.329],[92.986,13.329],[92.985,13.329],[92.985,13.329],[92.985,13.329],[92.984,13.329],[92.984,13.33],[92.984,13.33],[92.984,13.33],[92.983,13.33],[92.983,13.331],[92.983,13.331],[92.982,13.331],[92.982,13.332],[92.982,13.332],[92.981,13.332],[92.981,13.333],[92.981,13.333],[92.981,13.333],[92.981,13.334],[92.98,13.334],[92.98,13.334],[92.98,13.335],[92.98,13.335],[92.979,13.336],[92.979,13.337],[92.98,13.337],[92.98,13.338],[92.98,13.338],[92.979,13.339],[92.979,13.339],[92.979,13.339],[92.979,13.34],[92.979,13.34],[92.978,13.341],[92.978,13.341],[92.978,13.342],[92.977,13.342],[92.977,13.342],[92.977,13.343],[92.977,13.343],[92.977,13.344],[92.977,13.344],[92.977,13.345],[92.977,13.345],[92.977,13.345],[92.977,13.346],[92.977,13.346],[92.977,13.346],[92.977,13.346],[92.978,13.347],[92.977,13.347],[92.977,13.347],[92.977,13.348],[92.977,13.348],[92.977,13.348],[92.977,13.349],[92.976,13.349],[92.976,13.349],[92.976,13.349],[92.976,13.35],[92.976,13.35],[92.975,13.35],[92.975,13.35],[92.974,13.35],[92.974,13.35],[92.974,13.35],[92.974,13.349],[92.973,13.349],[92.973,13.349],[92.973,13.348],[92.973,13.348],[92.972,13.348],[92.972,13.348],[92.972,13.348],[92.972,13.349],[92.971,13.349],[92.971,13.349],[92.971,13.349],[92.971,13.35],[92.971,13.35],[92.971,13.35],[92.971,13.35],[92.972,13.351],[92.972,13.351],[92.972,13.351],[92.972,13.351],[92.972,13.352],[92.972,13.352],[92.972,13.352],[92.972,13.353],[92.972,13.353],[92.972,13.354],[92.972,13.354],[92.972,13.354],[92.971,13.354],[92.971,13.354],[92.971,13.355],[92.97,13.355],[92.97,13.355],[92.97,13.356],[92.97,13.356],[92.97,13.357],[92.97,13.357],[92.97,13.358],[92.97,13.358],[92.97,13.358],[92.971,13.358],[92.971,13.359],[92.971,13.359],[92.971,13.359],[92.971,13.36],[92.971,13.36],[92.97,13.36],[92.97,13.36],[92.97,13.36],[92.969,13.361],[92.969,13.361],[92.969,13.361],[92.968,13.361],[92.968,13.361],[92.968,13.361],[92.967,13.361],[92.967,13.361],[92.967,13.361],[92.966,13.361],[92.966,13.36],[92.965,13.36],[92.965,13.36],[92.965,13.36],[92.964,13.36],[92.964,13.359],[92.964,13.359],[92.964,13.359],[92.963,13.358],[92.963,13.358],[92.963,13.358],[92.963,13.357],[92.963,13.356],[92.963,13.356],[92.963,13.356],[92.962,13.355],[92.962,13.355],[92.961,13.355],[92.961,13.355],[92.961,13.355],[92.96,13.354],[92.96,13.354],[92.96,13.354],[92.96,13.353],[92.96,13.353],[92.96,13.352],[92.959,13.352],[92.959,13.352],[92.959,13.351],[92.959,13.351],[92.959,13.35],[92.958,13.35],[92.958,13.349],[92.958,13.349],[92.957,13.348],[92.957,13.348],[92.957,13.348],[92.957,13.347],[92.957,13.347],[92.956,13.347],[92.956,13.346],[92.956,13.346],[92.956,13.345],[92.955,13.345],[92.955,13.344],[92.955,13.344],[92.954,13.344],[92.954,13.344],[92.953,13.344],[92.953,13.344],[92.953,13.344],[92.952,13.345],[92.952,13.345],[92.952,13.345],[92.951,13.345],[92.951,13.345],[92.951,13.345],[92.951,13.344],[92.951,13.344],[92.951,13.344],[92.951,13.344],[92.951,13.343],[92.951,13.343],[92.951,13.343],[92.951,13.342],[92.951,13.342],[92.951,13.342],[92.952,13.342],[92.952,13.341],[92.952,13.341],[92.953,13.341],[92.953,13.341],[92.953,13.34],[92.953,13.34],[92.953,13.34],[92.954,13.339],[92.954,13.339],[92.954,13.338],[92.954,13.338],[92.954,13.338],[92.954,13.337],[92.953,13.337],[92.954,13.336],[92.954,13.336],[92.953,13.335],[92.953,13.334],[92.953,13.334],[92.954,13.333],[92.954,13.333],[92.954,13.333],[92.954,13.332],[92.955,13.332],[92.955,13.332],[92.955,13.332],[92.956,13.332],[92.956,13.331],[92.956,13.331],[92.957,13.331],[92.957,13.33],[92.958,13.33],[92.958,13.329],[92.958,13.329],[92.959,13.329],[92.959,13.328],[92.959,13.328],[92.959,13.328],[92.959,13.328],[92.96,13.328],[92.96,13.328],[92.96,13.328],[92.961,13.328],[92.961,13.328],[92.961,13.328],[92.961,13.328],[92.962,13.328],[92.962,13.327],[92.962,13.327],[92.963,13.326],[92.963,13.326],[92.963,13.326],[92.963,13.326],[92.963,13.325],[92.964,13.325],[92.964,13.325],[92.964,13.325],[92.965,13.325],[92.965,13.324],[92.965,13.324],[92.966,13.324],[92.966,13.325],[92.967,13.325],[92.967,13.325],[92.968,13.324],[92.968,13.324],[92.969,13.324],[92.969,13.324],[92.969,13.324],[92.97,13.324],[92.97,13.324],[92.971,13.324],[92.971,13.324],[92.971,13.324],[92.972,13.324],[92.972,13.324],[92.973,13.324],[92.973,13.324],[92.973,13.324],[92.974,13.324],[92.974,13.324],[92.975,13.324],[92.975,13.324],[92.975,13.324],[92.976,13.324],[92.976,13.324],[92.977,13.324],[92.977,13.324],[92.978,13.324],[92.978,13.324],[92.978,13.324],[92.979,13.324],[92.979,13.323],[92.979,13.323],[92.98,13.322],[92.98,13.322],[92.98,13.322],[92.981,13.321],[92.981,13.321],[92.981,13.321],[92.982,13.321],[92.982,13.321],[92.982,13.321],[92.982,13.32],[92.983,13.32],[92.983,13.32],[92.984,13.32],[92.984,13.32],[92.984,13.32],[92.984,13.32],[92.985,13.32],[92.985,13.32],[92.985,13.32],[92.986,13.319],[92.986,13.319],[92.986,13.319],[92.986,13.318],[92.986,13.318],[92.986,13.318],[92.986,13.317],[92.987,13.317],[92.987,13.317],[92.989,13.317],[92.989,13.317],[92.989,13.317],[92.989,13.317],[92.99,13.317],[92.99,13.317],[92.991,13.317],[92.991,13.317],[92.991,13.317],[92.992,13.317],[92.992,13.316],[92.993,13.316],[92.993,13.316],[92.993,13.316],[92.994,13.316],[92.994,13.316],[92.994,13.316],[92.995,13.316],[92.995,13.316],[92.995,13.316],[92.996,13.316],[92.996,13.316],[92.996,13.316],[92.997,13.316],[92.997,13.316],[92.998,13.316],[92.998,13.315],[92.998,13.315],[92.999,13.314],[92.999,13.314],[92.999,13.314],[92.999,13.313],[92.998,13.313],[92.998,13.312],[92.998,13.312],[92.998,13.312],[93,13.311],[93,13.311],[93,13.312],[93.001,13.312],[93.001,13.313],[93.001,13.313],[93.001,13.313],[93.001,13.313],[93.001,13.314],[93.001,13.314],[93.002,13.314],[93.002,13.314],[93.002,13.315],[93.002,13.315],[93.003,13.316],[93.003,13.316],[93.003,13.316],[93.003,13.317],[93.003,13.317],[93.003,13.317],[93.006,13.32],[93.006,13.32],[93.006,13.32],[93.007,13.32],[93.007,13.32],[93.007,13.32],[93.008,13.32],[93.008,13.321],[93.009,13.321],[93.009,13.32],[93.009,13.317],[93.009,13.317],[93.009,13.316],[93.009,13.316],[93.009,13.316],[93.009,13.315],[93.009,13.315],[93.009,13.315],[93.009,13.314],[93.009,13.314],[93.008,13.313],[93.008,13.313],[93.008,13.313],[93.008,13.313],[93.007,13.312],[93.007,13.312],[93.007,13.311],[93.007,13.31],[93.007,13.309],[93.007,13.309],[93.007,13.309],[93.007,13.309],[93.008,13.31],[93.008,13.31],[93.009,13.31],[93.009,13.31],[93.009,13.31],[93.01,13.31],[93.01,13.31],[93.012,13.308],[93.012,13.308],[93.013,13.307],[93.013,13.307],[93.014,13.306],[93.014,13.306],[93.014,13.306],[93.014,13.305],[93.014,13.305],[93.014,13.304],[93.014,13.304],[93.014,13.304],[93.014,13.304],[93.014,13.303],[93.014,13.303],[93.014,13.302],[93.014,13.302],[93.013,13.301],[93.013,13.3],[93.014,13.3],[93.014,13.299],[93.014,13.299],[93.014,13.299],[93.014,13.299],[93.015,13.298],[93.016,13.298],[93.016,13.298],[93.018,13.298],[93.018,13.298],[93.018,13.297],[93.018,13.297],[93.018,13.297],[93.019,13.297],[93.019,13.297],[93.019,13.297],[93.02,13.297],[93.02,13.297],[93.02,13.297],[93.02,13.298],[93.021,13.298],[93.021,13.298],[93.022,13.297],[93.022,13.297],[93.022,13.297],[93.022,13.297],[93.022,13.296],[93.022,13.296],[93.022,13.296],[93.022,13.295],[93.022,13.294],[93.021,13.294],[93.02,13.294],[93.02,13.293],[93.018,13.293],[93.017,13.294],[93.017,13.294],[93.017,13.294],[93.017,13.294],[93.016,13.295],[93.015,13.295],[93.015,13.295],[93.014,13.295],[93.013,13.295],[93.013,13.295],[93.013,13.295],[93.013,13.295],[93.013,13.295],[93.013,13.294],[93.013,13.294],[93.014,13.293],[93.014,13.293],[93.014,13.293],[93.015,13.292],[93.016,13.292],[93.016,13.291],[93.016,13.291],[93.017,13.291],[93.017,13.29],[93.016,13.289],[93.016,13.289],[93.016,13.288],[93.016,13.288],[93.015,13.288],[93.015,13.288],[93.015,13.287],[93.015,13.287],[93.015,13.287],[93.015,13.286],[93.014,13.286],[93.014,13.286],[93.014,13.285],[93.014,13.285],[93.014,13.284],[93.013,13.284],[93.012,13.283],[93.012,13.283],[93.012,13.283],[93.012,13.283],[93.011,13.283],[93.011,13.283],[93.011,13.282],[93.011,13.281],[93.011,13.28],[93.011,13.279],[93.011,13.279],[93.011,13.279],[93.012,13.278],[93.012,13.278],[93.012,13.277],[93.013,13.277],[93.013,13.276],[93.014,13.276],[93.014,13.277],[93.015,13.277],[93.015,13.277],[93.015,13.277],[93.016,13.278],[93.016,13.278],[93.017,13.278],[93.017,13.278],[93.018,13.278],[93.018,13.278],[93.019,13.277],[93.02,13.277],[93.02,13.278],[93.021,13.278],[93.021,13.278],[93.021,13.278],[93.022,13.278],[93.022,13.279],[93.022,13.279],[93.024,13.281],[93.024,13.281],[93.024,13.281],[93.024,13.281],[93.025,13.282],[93.025,13.282],[93.025,13.283],[93.025,13.283],[93.025,13.283],[93.026,13.284],[93.026,13.284],[93.026,13.283],[93.026,13.283],[93.026,13.283],[93.026,13.282],[93.027,13.282],[93.028,13.282],[93.028,13.282],[93.028,13.282],[93.029,13.282],[93.03,13.281],[93.031,13.28],[93.031,13.28],[93.031,13.279],[93.031,13.279],[93.031,13.278],[93.031,13.278],[93.031,13.277],[93.032,13.276],[93.033,13.276],[93.033,13.276],[93.034,13.276],[93.034,13.276],[93.034,13.276],[93.034,13.277],[93.035,13.277],[93.035,13.277],[93.038,13.28],[93.038,13.28],[93.038,13.281],[93.039,13.281],[93.039,13.281],[93.04,13.281],[93.04,13.281],[93.04,13.281],[93.041,13.281],[93.041,13.28],[93.041,13.28],[93.041,13.28],[93.042,13.28],[93.042,13.28],[93.042,13.28],[93.043,13.279],[93.044,13.279],[93.044,13.28],[93.044,13.28],[93.044,13.281],[93.044,13.281],[93.045,13.282],[93.046,13.282],[93.046,13.282],[93.046,13.282],[93.047,13.281],[93.047,13.281],[93.047,13.28],[93.047,13.28],[93.047,13.279],[93.047,13.278],[93.047,13.278],[93.047,13.277],[93.047,13.277],[93.047,13.277],[93.046,13.276],[93.046,13.276],[93.043,13.272],[93.042,13.272],[93.041,13.271],[93.041,13.271],[93.041,13.271],[93.041,13.271],[93.04,13.27],[93.04,13.269],[93.041,13.269],[93.041,13.268],[93.042,13.267],[93.042,13.267],[93.043,13.266],[93.043,13.266],[93.043,13.266],[93.043,13.266],[93.043,13.265],[93.043,13.265],[93.043,13.265],[93.043,13.263],[93.043,13.263],[93.043,13.262],[93.044,13.262],[93.044,13.262],[93.045,13.261],[93.045,13.26],[93.046,13.259],[93.046,13.259],[93.047,13.26],[93.048,13.26],[93.049,13.261],[93.049,13.261],[93.049,13.262],[93.049,13.262],[93.05,13.262],[93.051,13.262],[93.051,13.262],[93.052,13.262],[93.052,13.262],[93.052,13.262],[93.053,13.263],[93.053,13.263],[93.054,13.263],[93.054,13.263],[93.054,13.263],[93.054,13.264],[93.055,13.265],[93.056,13.265],[93.056,13.266],[93.057,13.266],[93.058,13.267],[93.059,13.267],[93.059,13.268],[93.059,13.268],[93.059,13.268],[93.06,13.268],[93.06,13.268],[93.06,13.268],[93.061,13.269],[93.061,13.269],[93.063,13.27],[93.063,13.27],[93.063,13.271],[93.064,13.271],[93.064,13.271],[93.064,13.271],[93.066,13.273],[93.066,13.273],[93.067,13.273],[93.066,13.272],[93.066,13.272],[93.066,13.272],[93.066,13.271],[93.066,13.27],[93.066,13.269],[93.066,13.269],[93.066,13.267],[93.065,13.267],[93.065,13.266],[93.065,13.266],[93.065,13.265],[93.065,13.265],[93.065,13.264],[93.064,13.263],[93.063,13.263],[93.063,13.264],[93.062,13.263],[93.061,13.262],[93.06,13.261],[93.06,13.261],[93.059,13.261],[93.059,13.26],[93.059,13.26],[93.059,13.259],[93.059,13.259],[93.059,13.259],[93.058,13.258],[93.058,13.258],[93.058,13.258],[93.058,13.257],[93.058,13.257],[93.058,13.257],[93.058,13.256],[93.058,13.256],[93.058,13.255],[93.058,13.255],[93.058,13.254],[93.058,13.254],[93.058,13.253],[93.058,13.253],[93.058,13.252],[93.058,13.251],[93.058,13.251],[93.058,13.25],[93.058,13.248],[93.058,13.248],[93.058,13.247],[93.057,13.247],[93.057,13.246],[93.056,13.245],[93.056,13.244],[93.055,13.244],[93.055,13.244],[93.056,13.244],[93.056,13.242],[93.056,13.242],[93.056,13.242],[93.056,13.241],[93.056,13.24],[93.056,13.24],[93.056,13.239],[93.057,13.239],[93.057,13.238],[93.057,13.238],[93.057,13.237],[93.057,13.236],[93.057,13.235],[93.056,13.234],[93.056,13.234],[93.056,13.234],[93.056,13.233],[93.055,13.232],[93.055,13.232],[93.055,13.232],[93.054,13.232],[93.053,13.23],[93.053,13.23],[93.052,13.229],[93.052,13.229],[93.052,13.229],[93.052,13.228],[93.051,13.227],[93.051,13.227],[93.05,13.227],[93.05,13.226],[93.05,13.226],[93.049,13.226],[93.049,13.226],[93.048,13.225],[93.048,13.225],[93.048,13.225],[93.048,13.225],[93.048,13.225],[93.047,13.225],[93.047,13.225],[93.047,13.224],[93.046,13.224],[93.046,13.224],[93.046,13.224],[93.045,13.224],[93.045,13.224],[93.045,13.224],[93.044,13.224],[93.044,13.223],[93.043,13.223],[93.043,13.223],[93.043,13.223],[93.043,13.222],[93.043,13.222],[93.044,13.221],[93.044,13.22],[93.044,13.219],[93.044,13.217],[93.044,13.217],[93.045,13.216],[93.045,13.214],[93.045,13.213],[93.045,13.212],[93.045,13.211],[93.046,13.211],[93.046,13.211],[93.046,13.211],[93.046,13.21],[93.046,13.21],[93.045,13.209],[93.045,13.209],[93.044,13.209],[93.044,13.209],[93.044,13.209],[93.043,13.208],[93.043,13.208],[93.042,13.207],[93.042,13.207],[93.042,13.207],[93.042,13.206],[93.042,13.206],[93.042,13.206],[93.041,13.205],[93.041,13.205],[93.041,13.204],[93.041,13.204],[93.041,13.203],[93.041,13.201],[93.041,13.2],[93.041,13.2],[93.039,13.199],[93.039,13.199],[93.039,13.198],[93.039,13.198],[93.038,13.198],[93.038,13.198],[93.038,13.197],[93.038,13.197],[93.037,13.196],[93.037,13.196],[93.037,13.196],[93.037,13.196],[93.037,13.195],[93.037,13.195],[93.037,13.194],[93.037,13.193],[93.036,13.193],[93.036,13.192],[93.036,13.192],[93.036,13.192],[93.036,13.191],[93.036,13.191],[93.036,13.191],[93.036,13.19],[93.035,13.19],[93.035,13.188],[93.035,13.188],[93.035,13.188],[93.035,13.187],[93.035,13.187],[93.034,13.186],[93.034,13.186],[93.034,13.186],[93.034,13.185],[93.034,13.185],[93.034,13.185],[93.034,13.184],[93.034,13.184],[93.033,13.184],[93.033,13.182],[93.033,13.182],[93.033,13.181],[93.033,13.181],[93.033,13.18],[93.033,13.18],[93.033,13.179],[93.032,13.179],[93.032,13.178],[93.033,13.178],[93.033,13.177],[93.033,13.177],[93.034,13.177],[93.034,13.176],[93.035,13.175],[93.035,13.175],[93.037,13.173],[93.037,13.173],[93.037,13.172],[93.037,13.171],[93.037,13.171],[93.037,13.17],[93.037,13.17],[93.037,13.169],[93.037,13.169],[93.037,13.169],[93.036,13.168],[93.036,13.168],[93.035,13.167],[93.035,13.167],[93.035,13.167],[93.035,13.166],[93.035,13.166],[93.035,13.165],[93.034,13.165],[93.034,13.165],[93.034,13.164],[93.034,13.163],[93.034,13.162],[93.034,13.162],[93.034,13.161],[93.034,13.161],[93.034,13.16],[93.034,13.16],[93.034,13.159],[93.034,13.159],[93.034,13.157],[93.035,13.156],[93.035,13.155],[93.035,13.154],[93.036,13.153],[93.036,13.152],[93.036,13.151],[93.036,13.151],[93.036,13.15],[93.036,13.15],[93.036,13.149],[93.036,13.149],[93.036,13.148],[93.037,13.148],[93.037,13.147],[93.037,13.145],[93.037,13.144],[93.037,13.142],[93.037,13.141],[93.037,13.141],[93.037,13.14],[93.037,13.14],[93.037,13.139],[93.037,13.138],[93.037,13.138],[93.036,13.138],[93.036,13.137],[93.036,13.137],[93.035,13.136],[93.035,13.136],[93.035,13.135],[93.035,13.135],[93.035,13.134],[93.034,13.134],[93.034,13.133],[93.034,13.133],[93.033,13.132],[93.033,13.132],[93.033,13.131],[93.032,13.131],[93.032,13.131],[93.032,13.131],[93.032,13.13],[93.031,13.13],[93.031,13.129],[93.031,13.128],[93.031,13.128],[93.031,13.126],[93.031,13.126],[93.031,13.125],[93.032,13.125],[93.032,13.125],[93.032,13.124],[93.032,13.124],[93.033,13.123],[93.032,13.123],[93.033,13.123],[93.033,13.122],[93.032,13.122],[93.032,13.121],[93.033,13.121],[93.033,13.12],[93.033,13.12],[93.032,13.119],[93.032,13.119],[93.032,13.118],[93.032,13.118],[93.032,13.117],[93.032,13.117],[93.032,13.116],[93.032,13.116],[93.032,13.115],[93.032,13.114],[93.032,13.114],[93.033,13.113],[93.033,13.113],[93.033,13.112],[93.033,13.111],[93.033,13.111],[93.033,13.11],[93.033,13.109],[93.033,13.109],[93.033,13.108],[93.033,13.107],[93.034,13.107],[93.034,13.106],[93.034,13.106],[93.034,13.105],[93.034,13.104],[93.034,13.104],[93.034,13.103],[93.034,13.103],[93.034,13.103],[93.034,13.102],[93.034,13.101],[93.035,13.1],[93.035,13.1],[93.035,13.099],[93.036,13.098],[93.036,13.097],[93.035,13.096],[93.035,13.095],[93.035,13.095],[93.034,13.095],[93.034,13.094],[93.034,13.093],[93.034,13.093],[93.035,13.092],[93.035,13.092],[93.035,13.092],[93.036,13.091],[93.036,13.091],[93.036,13.09],[93.036,13.089],[93.036,13.089],[93.036,13.088],[93.035,13.088],[93.035,13.087],[93.035,13.087],[93.035,13.086],[93.035,13.086],[93.035,13.085],[93.035,13.085],[93.035,13.084],[93.035,13.083],[93.035,13.083],[93.035,13.082],[93.035,13.082],[93.035,13.081],[93.034,13.081],[93.034,13.08],[93.033,13.08],[93.033,13.08],[93.032,13.081],[93.032,13.081],[93.031,13.081],[93.031,13.081],[93.031,13.081],[93.03,13.081],[93.03,13.08],[93.029,13.08],[93.029,13.08],[93.029,13.079],[93.028,13.079],[93.028,13.079],[93.028,13.078],[93.028,13.078],[93.027,13.077],[93.027,13.077],[93.027,13.077],[93.027,13.076],[93.026,13.076],[93.026,13.075],[93.026,13.075],[93.026,13.074],[93.026,13.074],[93.026,13.073],[93.026,13.072],[93.026,13.072],[93.027,13.071],[93.027,13.071],[93.027,13.071],[93.028,13.07],[93.029,13.07],[93.03,13.07],[93.03,13.07],[93.03,13.07],[93.03,13.07],[93.03,13.069],[93.031,13.069],[93.031,13.069],[93.03,13.068],[93.03,13.067],[93.029,13.067],[93.029,13.066],[93.028,13.065],[93.028,13.064],[93.028,13.064],[93.028,13.064],[93.028,13.063],[93.028,13.063],[93.027,13.063],[93.027,13.062],[93.027,13.062],[93.027,13.061],[93.025,13.06],[93.025,13.059],[93.025,13.059],[93.025,13.059],[93.024,13.058],[93.024,13.058],[93.024,13.057],[93.024,13.057],[93.024,13.056],[93.024,13.056],[93.023,13.055],[93.023,13.055],[93.022,13.054],[93.022,13.054],[93.021,13.052],[93.021,13.052],[93.021,13.052],[93.021,13.051],[93.021,13.051],[93.021,13.05],[93.02,13.05],[93.019,13.05],[93.018,13.05],[93.018,13.05],[93.017,13.05],[93.016,13.05],[93.016,13.05],[93.015,13.05],[93.015,13.05],[93.014,13.05],[93.014,13.049],[93.013,13.049],[93.013,13.049],[93.013,13.048],[93.012,13.048],[93.012,13.047],[93.012,13.047],[93.012,13.046],[93.012,13.046],[93.013,13.046],[93.013,13.046],[93.013,13.045],[93.014,13.045],[93.014,13.045],[93.014,13.045],[93.014,13.044],[93.014,13.044],[93.014,13.044],[93.013,13.044],[93.013,13.044],[93.013,13.044],[93.012,13.044],[93.012,13.044],[93.011,13.044],[93.011,13.044],[93.01,13.044],[93.01,13.044],[93.009,13.043],[93.009,13.043],[93.009,13.043],[93.009,13.042],[93.01,13.042],[93.01,13.041],[93.01,13.041],[93.011,13.041],[93.011,13.041],[93.011,13.04],[93.011,13.04],[93.011,13.039],[93.01,13.039],[93.01,13.039],[93.01,13.038],[93.009,13.038],[93.009,13.037],[93.009,13.037],[93.01,13.036],[93.009,13.036],[93.009,13.036],[93.009,13.035],[93.009,13.034],[93.008,13.034],[93.008,13.033],[93.007,13.032],[93.007,13.032],[93.007,13.031],[93.006,13.031],[93.006,13.03],[93.005,13.03],[93.005,13.03],[93.004,13.029],[93.004,13.029],[93.003,13.028],[93.003,13.028],[93.003,13.029],[93.003,13.03],[93.003,13.03],[93.003,13.031],[93.003,13.031],[93.002,13.031],[93.002,13.032],[93.002,13.032],[93.001,13.032],[93,13.032],[93,13.032],[93,13.032],[92.999,13.032],[92.999,13.032],[92.999,13.032],[92.999,13.032],[92.998,13.032],[92.998,13.032],[92.997,13.033],[92.997,13.033],[92.997,13.033],[92.997,13.034],[92.996,13.034],[92.996,13.034],[92.996,13.035],[92.996,13.035],[92.996,13.035],[92.995,13.035],[92.995,13.035],[92.995,13.035],[92.994,13.035],[92.994,13.035],[92.994,13.035],[92.993,13.035],[92.993,13.034],[92.992,13.034],[92.992,13.034],[92.992,13.034],[92.991,13.034],[92.991,13.033],[92.991,13.033],[92.99,13.032],[92.99,13.032],[92.99,13.031],[92.99,13.031],[92.99,13.03],[92.99,13.03],[92.99,13.029],[92.99,13.028],[92.99,13.028],[92.99,13.028],[92.991,13.027],[92.99,13.027],[92.99,13.026],[92.99,13.026],[92.989,13.026],[92.989,13.026],[92.989,13.026],[92.988,13.026],[92.988,13.026],[92.987,13.026],[92.987,13.026],[92.987,13.026],[92.986,13.026],[92.986,13.026],[92.985,13.026],[92.985,13.026],[92.985,13.026],[92.985,13.026],[92.984,13.026],[92.984,13.026],[92.984,13.025],[92.984,13.025],[92.984,13.025],[92.983,13.025],[92.983,13.024],[92.983,13.024],[92.982,13.024],[92.982,13.024],[92.982,13.025],[92.982,13.025],[92.982,13.026],[92.982,13.026],[92.981,13.026],[92.981,13.026],[92.981,13.027],[92.981,13.027],[92.98,13.027],[92.98,13.027],[92.98,13.028],[92.979,13.028],[92.979,13.028],[92.979,13.028],[92.978,13.028],[92.978,13.028],[92.978,13.028],[92.978,13.028],[92.977,13.028],[92.977,13.029],[92.977,13.029],[92.977,13.029],[92.976,13.029],[92.976,13.029],[92.976,13.029],[92.975,13.029],[92.975,13.029],[92.974,13.029],[92.974,13.029],[92.973,13.029],[92.973,13.029],[92.973,13.029],[92.972,13.029],[92.972,13.029],[92.972,13.029],[92.972,13.029],[92.971,13.029],[92.971,13.03],[92.971,13.03],[92.97,13.03],[92.97,13.031],[92.97,13.031],[92.97,13.031],[92.97,13.032],[92.97,13.032],[92.97,13.032],[92.97,13.032],[92.969,13.033],[92.969,13.033],[92.969,13.033],[92.968,13.034],[92.968,13.034],[92.968,13.034],[92.967,13.035],[92.967,13.035],[92.967,13.035],[92.967,13.035],[92.966,13.035],[92.966,13.035],[92.966,13.035],[92.966,13.035],[92.966,13.034],[92.966,13.034],[92.966,13.034],[92.966,13.033],[92.966,13.033],[92.966,13.032],[92.966,13.032],[92.966,13.031],[92.966,13.031],[92.966,13.031],[92.966,13.031],[92.966,13.03],[92.966,13.029],[92.966,13.029],[92.966,13.028],[92.966,13.028],[92.966,13.028],[92.966,13.027],[92.966,13.027],[92.966,13.027],[92.966,13.026],[92.966,13.026],[92.966,13.026],[92.967,13.025],[92.967,13.025],[92.967,13.025],[92.968,13.024],[92.968,13.024],[92.968,13.024],[92.968,13.023],[92.968,13.023],[92.969,13.022],[92.969,13.022],[92.969,13.022],[92.969,13.021],[92.969,13.021],[92.969,13.02],[92.969,13.02],[92.968,13.019],[92.968,13.019],[92.969,13.019],[92.969,13.018],[92.969,13.018],[92.969,13.017],[92.969,13.017],[92.97,13.017],[92.97,13.016],[92.97,13.016],[92.97,13.016],[92.971,13.016],[92.971,13.016],[92.972,13.016],[92.972,13.015],[92.972,13.015],[92.972,13.015],[92.973,13.015],[92.973,13.015],[92.973,13.015],[92.973,13.015],[92.974,13.015],[92.974,13.015],[92.974,13.015],[92.974,13.016],[92.974,13.016],[92.975,13.016],[92.975,13.016],[92.975,13.016],[92.975,13.016],[92.976,13.015],[92.976,13.015],[92.976,13.014],[92.976,13.014],[92.976,13.014],[92.975,13.013],[92.975,13.013],[92.975,13.013],[92.974,13.013],[92.974,13.013],[92.973,13.013],[92.973,13.013],[92.973,13.013],[92.972,13.013],[92.972,13.013],[92.971,13.013],[92.971,13.013],[92.971,13.013],[92.97,13.013],[92.97,13.013],[92.969,13.013],[92.969,13.013],[92.969,13.013],[92.968,13.013],[92.968,13.013],[92.967,13.013],[92.967,13.013],[92.967,13.014],[92.966,13.014],[92.966,13.014],[92.966,13.015],[92.966,13.015],[92.965,13.015],[92.965,13.015],[92.965,13.016],[92.965,13.016],[92.964,13.016],[92.964,13.016],[92.964,13.016],[92.964,13.017],[92.963,13.017],[92.963,13.017],[92.963,13.017],[92.962,13.017],[92.962,13.016],[92.962,13.016],[92.961,13.016],[92.961,13.016],[92.961,13.016],[92.961,13.015],[92.961,13.015],[92.96,13.015],[92.96,13.015],[92.96,13.015],[92.959,13.016],[92.959,13.016],[92.959,13.017],[92.958,13.017],[92.958,13.017],[92.958,13.017],[92.957,13.018],[92.957,13.018],[92.956,13.018],[92.956,13.018],[92.956,13.018],[92.955,13.018],[92.955,13.019],[92.955,13.019],[92.955,13.019],[92.955,13.02],[92.955,13.02],[92.955,13.02],[92.955,13.021],[92.954,13.021],[92.954,13.021],[92.955,13.022],[92.955,13.022],[92.955,13.022],[92.955,13.023],[92.954,13.023],[92.954,13.024],[92.954,13.024],[92.954,13.025],[92.954,13.025],[92.953,13.025],[92.953,13.026],[92.953,13.026],[92.953,13.026],[92.952,13.026],[92.952,13.027],[92.952,13.027],[92.952,13.027],[92.952,13.028],[92.952,13.028],[92.952,13.028],[92.951,13.029],[92.951,13.029],[92.951,13.029],[92.951,13.03],[92.95,13.03],[92.95,13.03],[92.95,13.03],[92.949,13.03],[92.949,13.031],[92.949,13.031],[92.949,13.031],[92.948,13.031],[92.948,13.031],[92.948,13.031],[92.947,13.031],[92.947,13.031],[92.947,13.031],[92.946,13.032],[92.946,13.032],[92.946,13.032],[92.946,13.032],[92.945,13.032],[92.945,13.032],[92.944,13.033],[92.944,13.033],[92.944,13.033],[92.943,13.033],[92.943,13.033],[92.942,13.034],[92.942,13.034],[92.942,13.035],[92.941,13.035],[92.941,13.035],[92.94,13.036],[92.94,13.036],[92.94,13.036],[92.939,13.037],[92.939,13.037],[92.939,13.037],[92.938,13.038],[92.938,13.038],[92.938,13.038],[92.937,13.039],[92.937,13.039],[92.937,13.039],[92.937,13.04],[92.936,13.04],[92.937,13.041],[92.936,13.041],[92.936,13.041],[92.936,13.042],[92.935,13.042],[92.935,13.042],[92.935,13.043],[92.935,13.043],[92.934,13.044],[92.934,13.045],[92.934,13.045],[92.934,13.045],[92.934,13.046],[92.934,13.046],[92.934,13.047],[92.934,13.047],[92.934,13.047],[92.934,13.048],[92.934,13.048],[92.934,13.049],[92.934,13.049],[92.935,13.049],[92.935,13.05],[92.935,13.05],[92.935,13.051],[92.935,13.051],[92.936,13.052],[92.936,13.052],[92.937,13.052],[92.937,13.052],[92.938,13.052],[92.938,13.052],[92.938,13.052],[92.939,13.052],[92.939,13.052],[92.939,13.052],[92.94,13.052],[92.94,13.052],[92.94,13.052],[92.941,13.052],[92.941,13.053],[92.941,13.053],[92.941,13.053],[92.942,13.053],[92.942,13.053],[92.942,13.054],[92.942,13.054],[92.942,13.054],[92.943,13.055],[92.943,13.055],[92.943,13.055],[92.943,13.056],[92.942,13.056],[92.942,13.056],[92.942,13.057],[92.942,13.057],[92.941,13.057],[92.941,13.058],[92.941,13.058],[92.941,13.059],[92.941,13.059],[92.941,13.06],[92.941,13.06],[92.941,13.061],[92.941,13.061],[92.941,13.062],[92.942,13.062],[92.942,13.063],[92.942,13.063],[92.942,13.063],[92.942,13.063],[92.942,13.064],[92.942,13.064],[92.941,13.064],[92.941,13.065],[92.941,13.065],[92.941,13.066],[92.94,13.066],[92.94,13.067],[92.94,13.067],[92.939,13.068],[92.939,13.068],[92.939,13.069],[92.939,13.069],[92.939,13.07],[92.939,13.07],[92.938,13.071],[92.938,13.071],[92.938,13.072],[92.938,13.072],[92.938,13.073],[92.938,13.073],[92.938,13.074],[92.938,13.074],[92.939,13.075],[92.939,13.075],[92.939,13.076],[92.939,13.076],[92.939,13.077],[92.939,13.077],[92.939,13.077],[92.939,13.077],[92.939,13.078],[92.939,13.078],[92.939,13.078],[92.938,13.078],[92.938,13.079],[92.938,13.079],[92.938,13.079],[92.938,13.08],[92.938,13.08],[92.938,13.081],[92.938,13.082],[92.938,13.082],[92.938,13.083],[92.937,13.084],[92.937,13.084],[92.937,13.085],[92.936,13.085],[92.936,13.084],[92.936,13.084],[92.936,13.083],[92.936,13.083],[92.936,13.083],[92.936,13.082],[92.936,13.082],[92.936,13.082],[92.936,13.081],[92.936,13.081],[92.936,13.08],[92.936,13.08],[92.936,13.08],[92.936,13.079],[92.937,13.079],[92.937,13.078],[92.937,13.078],[92.937,13.078],[92.937,13.077],[92.937,13.077],[92.937,13.076],[92.937,13.075],[92.937,13.075],[92.937,13.074],[92.937,13.074],[92.936,13.073],[92.936,13.072],[92.936,13.072],[92.936,13.071],[92.936,13.071],[92.936,13.07],[92.936,13.07],[92.936,13.069],[92.936,13.069],[92.936,13.068],[92.936,13.067],[92.936,13.066],[92.936,13.066],[92.936,13.065],[92.936,13.065],[92.936,13.064],[92.936,13.064],[92.936,13.063],[92.936,13.063],[92.935,13.062],[92.935,13.062],[92.935,13.061],[92.935,13.061],[92.934,13.061],[92.934,13.061],[92.934,13.061],[92.933,13.061],[92.933,13.061],[92.933,13.061],[92.932,13.061],[92.932,13.062],[92.932,13.062],[92.931,13.062],[92.931,13.062],[92.931,13.062],[92.93,13.062],[92.93,13.062],[92.929,13.062],[92.929,13.062],[92.929,13.062],[92.928,13.062],[92.928,13.062],[92.928,13.062],[92.928,13.062],[92.927,13.062],[92.926,13.061],[92.926,13.061],[92.926,13.06],[92.926,13.06],[92.926,13.06],[92.926,13.059],[92.926,13.059],[92.926,13.058],[92.925,13.058],[92.925,13.057],[92.925,13.057],[92.924,13.057],[92.924,13.057],[92.923,13.056],[92.923,13.056],[92.923,13.057],[92.922,13.057],[92.922,13.057],[92.922,13.057],[92.921,13.057],[92.921,13.058],[92.921,13.058],[92.921,13.058],[92.92,13.059],[92.92,13.059],[92.92,13.06],[92.92,13.06],[92.919,13.061],[92.919,13.061],[92.919,13.062],[92.919,13.062],[92.919,13.063],[92.919,13.063],[92.919,13.064],[92.919,13.064],[92.918,13.065],[92.918,13.065],[92.918,13.065],[92.918,13.066],[92.918,13.066],[92.918,13.066],[92.918,13.066],[92.918,13.067],[92.917,13.067],[92.917,13.068],[92.917,13.068],[92.917,13.068],[92.916,13.068],[92.916,13.069],[92.916,13.069],[92.915,13.07],[92.915,13.07],[92.915,13.07],[92.914,13.07],[92.913,13.07],[92.913,13.07],[92.913,13.07],[92.913,13.07],[92.913,13.068],[92.913,13.067],[92.913,13.067],[92.913,13.066],[92.913,13.066],[92.912,13.066],[92.912,13.064],[92.912,13.063],[92.911,13.063],[92.911,13.063],[92.911,13.063],[92.911,13.062],[92.911,13.062],[92.911,13.062],[92.911,13.061],[92.91,13.061],[92.91,13.061],[92.91,13.061],[92.909,13.061],[92.909,13.061],[92.909,13.061],[92.908,13.061],[92.908,13.06],[92.908,13.06],[92.907,13.06],[92.907,13.06],[92.907,13.06],[92.906,13.06],[92.906,13.06],[92.906,13.06],[92.905,13.06],[92.905,13.059],[92.904,13.059],[92.903,13.06],[92.902,13.06],[92.902,13.059],[92.902,13.06],[92.9,13.06],[92.9,13.059],[92.899,13.059],[92.898,13.059],[92.898,13.059],[92.897,13.059],[92.897,13.059],[92.897,13.059],[92.897,13.059],[92.896,13.058],[92.896,13.058],[92.894,13.057],[92.894,13.057],[92.894,13.056],[92.894,13.056],[92.894,13.055],[92.89,13.052],[92.89,13.051],[92.89,13.051],[92.89,13.051],[92.889,13.051],[92.889,13.05],[92.889,13.049],[92.888,13.048],[92.888,13.047],[92.888,13.047],[92.888,13.046],[92.888,13.046],[92.888,13.046],[92.889,13.046],[92.889,13.046],[92.889,13.046],[92.889,13.046],[92.889,13.046],[92.89,13.047],[92.89,13.047],[92.89,13.048],[92.89,13.049],[92.89,13.049],[92.89,13.05],[92.891,13.051],[92.892,13.052],[92.892,13.052],[92.893,13.053],[92.893,13.053],[92.895,13.054],[92.895,13.055],[92.896,13.056],[92.896,13.056],[92.896,13.057],[92.897,13.057],[92.897,13.058],[92.898,13.058],[92.899,13.058],[92.899,13.058],[92.899,13.058],[92.901,13.058],[92.901,13.058],[92.902,13.058],[92.903,13.058],[92.905,13.058],[92.905,13.058],[92.906,13.058],[92.906,13.058],[92.906,13.058],[92.907,13.057],[92.907,13.057],[92.908,13.057],[92.908,13.057],[92.909,13.057],[92.909,13.057],[92.91,13.057],[92.91,13.057],[92.911,13.056],[92.911,13.056],[92.911,13.056],[92.912,13.056],[92.912,13.056],[92.913,13.056],[92.913,13.055],[92.913,13.055],[92.914,13.055],[92.914,13.055],[92.914,13.055],[92.915,13.055],[92.915,13.055],[92.915,13.055],[92.916,13.055],[92.916,13.054],[92.916,13.054],[92.916,13.054],[92.916,13.053],[92.916,13.053],[92.916,13.053],[92.916,13.052],[92.916,13.052],[92.916,13.051],[92.916,13.051],[92.916,13.05],[92.916,13.05],[92.916,13.049],[92.915,13.049],[92.915,13.048],[92.915,13.048],[92.915,13.048],[92.914,13.047],[92.914,13.047],[92.914,13.046],[92.914,13.046],[92.914,13.046],[92.914,13.045],[92.914,13.045],[92.914,13.045],[92.913,13.044],[92.913,13.044],[92.912,13.043],[92.912,13.043],[92.912,13.043],[92.912,13.043],[92.912,13.042],[92.912,13.042],[92.912,13.042],[92.912,13.041],[92.912,13.041],[92.912,13.041],[92.912,13.04],[92.912,13.04],[92.912,13.04],[92.911,13.039],[92.911,13.039],[92.911,13.038],[92.911,13.038],[92.91,13.038],[92.91,13.037],[92.91,13.037],[92.91,13.037],[92.91,13.036],[92.91,13.036],[92.91,13.036],[92.91,13.035],[92.91,13.035],[92.91,13.035],[92.91,13.034],[92.91,13.034],[92.91,13.034],[92.909,13.033],[92.909,13.033],[92.909,13.032],[92.909,13.032],[92.908,13.032],[92.908,13.031],[92.908,13.031],[92.908,13.031],[92.908,13.03],[92.907,13.03],[92.907,13.03],[92.907,13.029],[92.907,13.029],[92.906,13.029],[92.906,13.029],[92.906,13.028],[92.906,13.028],[92.906,13.027],[92.905,13.027],[92.905,13.027],[92.905,13.026],[92.905,13.026],[92.905,13.025],[92.905,13.025],[92.905,13.025],[92.904,13.024],[92.904,13.024],[92.904,13.023],[92.904,13.023],[92.904,13.023],[92.904,13.023],[92.904,13.022],[92.904,13.022],[92.903,13.022],[92.902,13.023],[92.902,13.022],[92.902,13.022],[92.902,13.022],[92.902,13.022],[92.903,13.022],[92.903,13.021],[92.903,13.021],[92.903,13.02],[92.904,13.02],[92.904,13.02],[92.904,13.02],[92.904,13.019],[92.904,13.019],[92.905,13.019],[92.905,13.019],[92.905,13.018],[92.905,13.018],[92.906,13.017],[92.906,13.017],[92.906,13.016],[92.905,13.016],[92.905,13.016],[92.905,13.015],[92.905,13.015],[92.905,13.015],[92.905,13.015],[92.905,13.014],[92.906,13.014],[92.906,13.014],[92.906,13.013],[92.906,13.013],[92.906,13.013],[92.906,13.012],[92.906,13.012],[92.906,13.012],[92.906,13.011],[92.906,13.011],[92.906,13.011],[92.906,13.01],[92.906,13.01],[92.907,13.01],[92.907,13.009],[92.907,13.009],[92.907,13.009],[92.907,13.008],[92.908,13.008],[92.908,13.007],[92.908,13.007],[92.908,13.006],[92.908,13.006],[92.908,13.005],[92.908,13.005],[92.908,13.004],[92.908,13.003],[92.908,13.003],[92.908,13.003],[92.908,13.002],[92.908,13.002],[92.909,13.002],[92.909,13.001],[92.909,13.001],[92.909,13.001],[92.908,13],[92.909,13],[92.909,13],[92.909,12.999],[92.91,12.999],[92.91,12.999],[92.91,12.999],[92.911,12.998],[92.911,12.998],[92.912,12.998],[92.912,12.998],[92.912,12.998],[92.912,12.998],[92.913,12.999],[92.913,12.999],[92.913,13],[92.914,13],[92.913,13],[92.913,13.001],[92.914,13.001],[92.914,13.002],[92.914,13.001],[92.914,13.002],[92.915,13.002],[92.915,13.001],[92.915,13.001],[92.916,13.001],[92.916,13],[92.916,13],[92.916,12.999],[92.916,12.999],[92.916,12.998],[92.916,12.997],[92.916,12.997],[92.916,12.996],[92.916,12.996],[92.916,12.995],[92.916,12.995],[92.916,12.994],[92.916,12.994],[92.916,12.993],[92.916,12.993],[92.916,12.993],[92.917,12.992],[92.917,12.992],[92.917,12.991],[92.918,12.991],[92.919,12.991],[92.918,12.99],[92.918,12.99],[92.917,12.99],[92.917,12.989],[92.917,12.989],[92.917,12.989],[92.918,12.988],[92.918,12.988],[92.918,12.988],[92.919,12.987],[92.919,12.987],[92.919,12.987],[92.919,12.987],[92.92,12.987],[92.92,12.986],[92.921,12.986],[92.921,12.986],[92.921,12.986],[92.922,12.986],[92.922,12.987],[92.923,12.987],[92.923,12.987],[92.923,12.987],[92.924,12.988],[92.924,12.988],[92.925,12.988],[92.925,12.988],[92.925,12.988],[92.926,12.988],[92.926,12.989],[92.926,12.989],[92.926,12.989],[92.927,12.989],[92.927,12.989],[92.927,12.989],[92.928,12.989],[92.928,12.989],[92.929,12.989],[92.929,12.989],[92.929,12.99],[92.93,12.99],[92.93,12.99],[92.931,12.99],[92.931,12.99],[92.932,12.99],[92.933,12.99],[92.933,12.989],[92.933,12.989],[92.933,12.988],[92.933,12.988],[92.933,12.987],[92.933,12.987],[92.933,12.986],[92.933,12.986],[92.933,12.986],[92.932,12.985],[92.932,12.985],[92.932,12.985],[92.931,12.984],[92.931,12.984],[92.931,12.984],[92.931,12.983],[92.931,12.983],[92.931,12.982],[92.931,12.981],[92.931,12.981],[92.931,12.98],[92.931,12.98],[92.932,12.98],[92.932,12.98],[92.933,12.98],[92.933,12.98],[92.934,12.981],[92.934,12.981],[92.935,12.981],[92.935,12.981],[92.936,12.982],[92.937,12.981],[92.937,12.981],[92.937,12.981],[92.938,12.98],[92.938,12.98],[92.938,12.979],[92.938,12.979],[92.938,12.978],[92.938,12.978],[92.938,12.977],[92.938,12.977],[92.938,12.977],[92.939,12.976],[92.939,12.976],[92.938,12.975],[92.938,12.975],[92.938,12.974],[92.938,12.974],[92.938,12.974],[92.938,12.973],[92.938,12.973],[92.938,12.973],[92.938,12.972],[92.938,12.972],[92.939,12.971],[92.938,12.971],[92.938,12.97],[92.938,12.97],[92.938,12.97],[92.937,12.969],[92.937,12.969],[92.937,12.969],[92.937,12.968],[92.937,12.968],[92.936,12.968],[92.936,12.967],[92.936,12.967],[92.935,12.967],[92.935,12.967],[92.935,12.966],[92.934,12.966],[92.934,12.967],[92.933,12.967],[92.933,12.967],[92.933,12.967],[92.932,12.966],[92.932,12.966],[92.932,12.966],[92.932,12.966],[92.931,12.966],[92.931,12.965],[92.931,12.965],[92.931,12.964],[92.931,12.963],[92.931,12.963],[92.931,12.962],[92.931,12.962],[92.931,12.961],[92.93,12.961],[92.93,12.96],[92.929,12.96],[92.929,12.959],[92.929,12.959],[92.928,12.958],[92.928,12.958],[92.928,12.958],[92.927,12.958],[92.926,12.958],[92.926,12.958],[92.926,12.958],[92.925,12.959],[92.925,12.959],[92.924,12.96],[92.924,12.96],[92.923,12.96],[92.923,12.96],[92.923,12.961],[92.922,12.961],[92.922,12.961],[92.922,12.961],[92.922,12.96],[92.921,12.96],[92.921,12.96],[92.921,12.96],[92.92,12.96],[92.92,12.96],[92.92,12.96],[92.919,12.96],[92.919,12.96],[92.919,12.959],[92.919,12.959],[92.919,12.958],[92.918,12.957],[92.918,12.957],[92.918,12.957],[92.917,12.957],[92.917,12.957],[92.917,12.957],[92.917,12.957],[92.917,12.956],[92.917,12.956],[92.917,12.956],[92.917,12.955],[92.917,12.955],[92.916,12.954],[92.916,12.953],[92.916,12.953],[92.916,12.952],[92.915,12.952],[92.915,12.951],[92.915,12.951],[92.915,12.95],[92.914,12.95],[92.914,12.95],[92.914,12.949],[92.914,12.949],[92.914,12.948],[92.914,12.948],[92.914,12.948],[92.913,12.947],[92.913,12.947],[92.913,12.946],[92.912,12.947],[92.912,12.947],[92.911,12.947],[92.911,12.947],[92.91,12.948],[92.91,12.948],[92.91,12.948],[92.909,12.949],[92.909,12.949],[92.909,12.95],[92.908,12.951],[92.908,12.951],[92.908,12.952],[92.908,12.953],[92.908,12.953],[92.908,12.953],[92.908,12.954],[92.908,12.954],[92.909,12.954],[92.909,12.954],[92.909,12.954],[92.909,12.955],[92.909,12.955],[92.908,12.956],[92.908,12.957],[92.908,12.957],[92.908,12.958],[92.908,12.959],[92.908,12.959],[92.909,12.96],[92.909,12.961],[92.909,12.961],[92.91,12.962],[92.91,12.962],[92.91,12.962],[92.91,12.963],[92.909,12.963],[92.909,12.963],[92.909,12.963],[92.909,12.964],[92.908,12.964],[92.908,12.964],[92.908,12.965],[92.908,12.965],[92.907,12.965],[92.907,12.966],[92.907,12.966],[92.907,12.967],[92.907,12.967],[92.906,12.968],[92.906,12.969],[92.906,12.969],[92.906,12.97],[92.907,12.97],[92.907,12.97],[92.907,12.971],[92.907,12.971],[92.907,12.972],[92.907,12.972],[92.907,12.972],[92.907,12.973],[92.907,12.974],[92.906,12.974],[92.906,12.974],[92.906,12.975],[92.906,12.976],[92.906,12.976],[92.907,12.977],[92.907,12.977],[92.907,12.978],[92.907,12.978],[92.907,12.978],[92.907,12.979],[92.907,12.979],[92.907,12.979],[92.906,12.98],[92.906,12.981],[92.906,12.981],[92.907,12.982],[92.907,12.982],[92.907,12.983],[92.907,12.983],[92.907,12.983],[92.907,12.983],[92.908,12.984],[92.907,12.984],[92.907,12.984],[92.907,12.984],[92.907,12.985],[92.907,12.985],[92.907,12.985],[92.906,12.986],[92.906,12.986],[92.905,12.986],[92.905,12.986],[92.904,12.986],[92.904,12.986],[92.903,12.986],[92.903,12.986],[92.902,12.986],[92.902,12.986],[92.902,12.986],[92.901,12.986],[92.901,12.986],[92.9,12.986],[92.9,12.986],[92.899,12.986],[92.899,12.987],[92.898,12.987],[92.898,12.988],[92.898,12.988],[92.898,12.989],[92.898,12.989],[92.898,12.99],[92.898,12.99],[92.898,12.991],[92.899,12.992],[92.899,12.992],[92.899,12.993],[92.899,12.993],[92.899,12.993],[92.899,12.994],[92.899,12.994],[92.899,12.994],[92.899,12.994],[92.898,12.995],[92.898,12.995],[92.898,12.995],[92.897,12.995],[92.897,12.995],[92.897,12.995],[92.897,12.995],[92.897,12.995],[92.896,12.995],[92.896,12.994],[92.896,12.994],[92.896,12.994],[92.896,12.993],[92.895,12.993],[92.895,12.993],[92.895,12.992],[92.895,12.992],[92.894,12.992],[92.894,12.991],[92.894,12.991],[92.893,12.991],[92.893,12.99],[92.892,12.99],[92.892,12.99],[92.892,12.99],[92.892,12.99],[92.892,12.989],[92.891,12.989],[92.891,12.989],[92.891,12.989],[92.891,12.988],[92.891,12.988],[92.891,12.988],[92.89,12.987],[92.89,12.987],[92.89,12.986],[92.89,12.986],[92.889,12.985],[92.889,12.985],[92.889,12.984],[92.889,12.984],[92.888,12.983],[92.888,12.983],[92.888,12.983],[92.888,12.983],[92.887,12.982],[92.887,12.983],[92.887,12.983],[92.887,12.983],[92.886,12.984],[92.886,12.984],[92.886,12.983],[92.886,12.983],[92.885,12.983],[92.884,12.983],[92.884,12.983],[92.883,12.983],[92.883,12.983],[92.882,12.983],[92.882,12.982],[92.882,12.982],[92.882,12.981],[92.882,12.981],[92.882,12.981],[92.883,12.981],[92.883,12.98],[92.883,12.98],[92.884,12.979],[92.884,12.979],[92.883,12.978],[92.883,12.978],[92.883,12.977],[92.883,12.977],[92.883,12.976],[92.882,12.976],[92.882,12.976],[92.882,12.975],[92.881,12.975],[92.881,12.974],[92.881,12.974],[92.88,12.974],[92.88,12.973],[92.88,12.973],[92.88,12.973],[92.879,12.973],[92.88,12.972],[92.88,12.972],[92.88,12.972],[92.88,12.971],[92.881,12.971],[92.881,12.971],[92.881,12.97],[92.882,12.97],[92.882,12.969],[92.881,12.969],[92.881,12.968],[92.881,12.967],[92.88,12.967],[92.88,12.967],[92.879,12.967],[92.879,12.967],[92.879,12.967],[92.878,12.967],[92.878,12.967],[92.877,12.966],[92.877,12.966],[92.877,12.966],[92.876,12.965],[92.876,12.965],[92.876,12.965],[92.875,12.964],[92.875,12.964],[92.875,12.963],[92.875,12.963],[92.875,12.963],[92.876,12.962],[92.876,12.962],[92.876,12.962],[92.876,12.961],[92.877,12.961],[92.877,12.961],[92.877,12.96],[92.877,12.96],[92.878,12.959],[92.877,12.959],[92.877,12.958],[92.877,12.958],[92.877,12.957],[92.877,12.957],[92.876,12.956],[92.876,12.956],[92.875,12.956],[92.875,12.955],[92.875,12.955],[92.875,12.954],[92.874,12.954],[92.874,12.954],[92.874,12.954],[92.874,12.953],[92.874,12.953],[92.874,12.952],[92.874,12.952],[92.874,12.952],[92.874,12.951],[92.873,12.951],[92.873,12.951],[92.873,12.95],[92.873,12.95],[92.873,12.95],[92.873,12.949],[92.873,12.949],[92.873,12.949],[92.873,12.949],[92.874,12.949],[92.874,12.948],[92.874,12.948],[92.875,12.948],[92.875,12.948],[92.876,12.948],[92.876,12.948],[92.877,12.947],[92.877,12.947],[92.877,12.947],[92.877,12.946],[92.877,12.946],[92.877,12.945],[92.877,12.945],[92.877,12.944],[92.877,12.944],[92.876,12.944],[92.876,12.944],[92.875,12.943],[92.875,12.943],[92.875,12.942],[92.874,12.942],[92.874,12.941],[92.874,12.941],[92.873,12.94],[92.873,12.94],[92.873,12.939],[92.873,12.939],[92.872,12.939],[92.872,12.938],[92.872,12.938],[92.872,12.937],[92.872,12.937],[92.871,12.937],[92.871,12.936],[92.87,12.936],[92.87,12.935],[92.87,12.935],[92.869,12.935],[92.869,12.934],[92.868,12.934],[92.868,12.934],[92.867,12.934],[92.867,12.934],[92.867,12.934],[92.866,12.934],[92.866,12.934],[92.865,12.934],[92.865,12.934],[92.864,12.934],[92.864,12.934],[92.863,12.934],[92.863,12.934],[92.862,12.934],[92.862,12.934],[92.862,12.934],[92.861,12.934],[92.861,12.934],[92.86,12.934],[92.86,12.934],[92.86,12.934],[92.859,12.935],[92.859,12.935],[92.859,12.935],[92.858,12.935],[92.858,12.935],[92.857,12.934],[92.857,12.933],[92.858,12.933],[92.858,12.932],[92.858,12.932],[92.858,12.931],[92.857,12.931],[92.857,12.931],[92.857,12.931],[92.857,12.93],[92.856,12.93],[92.856,12.93],[92.856,12.93],[92.855,12.93],[92.855,12.929],[92.855,12.929],[92.855,12.929],[92.855,12.928],[92.855,12.928],[92.854,12.927],[92.854,12.927],[92.854,12.927],[92.854,12.926],[92.854,12.926],[92.854,12.926],[92.854,12.925],[92.854,12.925],[92.854,12.924],[92.854,12.924],[92.854,12.923],[92.854,12.923],[92.854,12.922],[92.854,12.922],[92.854,12.921],[92.855,12.921],[92.855,12.92],[92.855,12.92],[92.855,12.919],[92.855,12.919],[92.855,12.918],[92.854,12.918],[92.854,12.918],[92.854,12.917],[92.854,12.917],[92.854,12.917],[92.854,12.916],[92.854,12.916],[92.854,12.916],[92.855,12.916],[92.855,12.916],[92.855,12.915],[92.856,12.915],[92.856,12.914],[92.856,12.914],[92.856,12.914],[92.856,12.913],[92.856,12.913],[92.856,12.913],[92.856,12.913],[92.857,12.913],[92.858,12.913],[92.858,12.913],[92.859,12.913],[92.859,12.913],[92.86,12.912],[92.859,12.912],[92.859,12.911],[92.859,12.911],[92.858,12.91],[92.858,12.91],[92.858,12.91],[92.857,12.909],[92.857,12.909],[92.857,12.909],[92.857,12.908],[92.857,12.908],[92.857,12.908],[92.857,12.907],[92.857,12.907],[92.858,12.907],[92.858,12.906],[92.858,12.906],[92.858,12.906],[92.858,12.905],[92.858,12.905],[92.858,12.904],[92.859,12.904],[92.859,12.904],[92.859,12.903],[92.859,12.903],[92.859,12.903],[92.86,12.903],[92.86,12.903],[92.86,12.903],[92.861,12.903],[92.861,12.902],[92.862,12.902],[92.863,12.902],[92.864,12.902],[92.864,12.902],[92.865,12.902],[92.865,12.902],[92.865,12.902],[92.866,12.903],[92.866,12.903],[92.866,12.903],[92.866,12.904],[92.866,12.904],[92.866,12.905],[92.866,12.905],[92.866,12.905],[92.867,12.906],[92.867,12.906],[92.867,12.906],[92.868,12.907],[92.868,12.907],[92.869,12.908],[92.869,12.908],[92.87,12.908],[92.87,12.909],[92.871,12.909],[92.871,12.909],[92.872,12.909],[92.872,12.91],[92.873,12.91],[92.874,12.91],[92.874,12.91],[92.875,12.909],[92.875,12.909],[92.875,12.909],[92.876,12.909],[92.876,12.909],[92.876,12.908],[92.876,12.908],[92.877,12.907],[92.877,12.907],[92.877,12.906],[92.876,12.905],[92.876,12.905],[92.876,12.905],[92.875,12.904],[92.875,12.904],[92.875,12.904],[92.874,12.903],[92.874,12.903],[92.874,12.902],[92.873,12.902],[92.873,12.902],[92.873,12.901],[92.873,12.901],[92.872,12.901],[92.872,12.9],[92.872,12.9],[92.872,12.899],[92.872,12.899],[92.872,12.898],[92.872,12.898],[92.872,12.898],[92.872,12.897],[92.872,12.897],[92.871,12.897],[92.871,12.896],[92.871,12.896],[92.871,12.895],[92.871,12.895],[92.871,12.894],[92.871,12.894],[92.871,12.893],[92.87,12.893],[92.87,12.892],[92.87,12.892],[92.87,12.891],[92.87,12.891],[92.87,12.89],[92.87,12.89],[92.87,12.889],[92.87,12.889],[92.87,12.889],[92.87,12.888],[92.87,12.888],[92.87,12.887],[92.871,12.887],[92.871,12.887],[92.871,12.886],[92.872,12.886],[92.872,12.885],[92.873,12.885],[92.873,12.884],[92.873,12.884],[92.873,12.884],[92.873,12.883],[92.873,12.883],[92.872,12.883],[92.872,12.883],[92.872,12.882],[92.871,12.882],[92.871,12.882],[92.87,12.882],[92.87,12.882],[92.869,12.882],[92.869,12.882],[92.869,12.882],[92.868,12.882],[92.868,12.881],[92.867,12.882],[92.867,12.882],[92.866,12.881],[92.866,12.881],[92.865,12.881],[92.865,12.881],[92.864,12.881],[92.864,12.881],[92.864,12.881],[92.863,12.881],[92.863,12.881],[92.863,12.881],[92.862,12.881],[92.862,12.881],[92.861,12.881],[92.861,12.88],[92.86,12.88],[92.86,12.88],[92.86,12.88],[92.859,12.879],[92.858,12.879],[92.858,12.879],[92.858,12.879],[92.857,12.879],[92.857,12.879],[92.856,12.879],[92.856,12.878],[92.855,12.878],[92.855,12.878],[92.854,12.879],[92.854,12.879],[92.854,12.879],[92.853,12.879],[92.853,12.879],[92.852,12.879],[92.852,12.879],[92.852,12.879],[92.851,12.879],[92.851,12.879],[92.85,12.878],[92.85,12.878],[92.849,12.878],[92.849,12.878],[92.848,12.878],[92.848,12.878],[92.847,12.878],[92.847,12.877],[92.846,12.877],[92.846,12.877],[92.845,12.877],[92.845,12.877],[92.844,12.877],[92.844,12.876],[92.843,12.876],[92.843,12.876],[92.842,12.877],[92.842,12.877],[92.842,12.877],[92.841,12.877],[92.841,12.877],[92.841,12.878],[92.841,12.878],[92.841,12.879],[92.841,12.879],[92.841,12.879],[92.842,12.88],[92.842,12.881],[92.842,12.881],[92.842,12.881],[92.842,12.882],[92.842,12.882],[92.842,12.882],[92.842,12.883],[92.843,12.883],[92.843,12.883],[92.843,12.884],[92.843,12.884],[92.843,12.884],[92.844,12.885],[92.844,12.885],[92.844,12.886],[92.844,12.886],[92.844,12.887],[92.844,12.888],[92.844,12.888],[92.844,12.889],[92.844,12.89],[92.843,12.891],[92.843,12.892],[92.843,12.892],[92.842,12.892],[92.842,12.892],[92.842,12.892],[92.839,12.892],[92.838,12.892],[92.838,12.891],[92.837,12.891],[92.837,12.891],[92.836,12.89],[92.836,12.89],[92.835,12.889],[92.835,12.889],[92.834,12.888],[92.834,12.888],[92.833,12.888],[92.833,12.887],[92.832,12.887],[92.832,12.887],[92.831,12.886],[92.831,12.886],[92.83,12.886],[92.83,12.886],[92.83,12.886],[92.829,12.887],[92.829,12.887],[92.828,12.887],[92.828,12.888],[92.828,12.888],[92.828,12.889],[92.828,12.889],[92.827,12.89],[92.827,12.891],[92.827,12.891],[92.827,12.892],[92.827,12.892],[92.827,12.894],[92.826,12.895],[92.826,12.895],[92.826,12.896],[92.826,12.896],[92.825,12.896],[92.825,12.896],[92.825,12.897],[92.824,12.897],[92.824,12.897],[92.823,12.897],[92.822,12.897],[92.822,12.897],[92.822,12.897],[92.821,12.897],[92.821,12.897],[92.82,12.897],[92.82,12.897],[92.819,12.897],[92.819,12.897],[92.819,12.898],[92.818,12.898],[92.818,12.898],[92.817,12.898],[92.817,12.898],[92.816,12.898],[92.816,12.898],[92.815,12.899],[92.815,12.899],[92.814,12.899],[92.814,12.899],[92.813,12.899],[92.812,12.9],[92.812,12.9],[92.811,12.9],[92.81,12.9],[92.81,12.9],[92.809,12.9],[92.808,12.9],[92.807,12.9],[92.807,12.9],[92.806,12.9],[92.806,12.9],[92.805,12.899],[92.805,12.899],[92.804,12.899],[92.804,12.899],[92.804,12.899],[92.804,12.899],[92.803,12.899],[92.803,12.899],[92.803,12.899],[92.802,12.899],[92.802,12.9],[92.802,12.9],[92.802,12.9],[92.801,12.901],[92.801,12.901],[92.801,12.902],[92.801,12.902],[92.801,12.902],[92.801,12.903],[92.801,12.903],[92.801,12.904],[92.801,12.904],[92.8,12.905],[92.8,12.905],[92.8,12.906],[92.8,12.906],[92.799,12.907],[92.799,12.907],[92.799,12.907],[92.799,12.908],[92.799,12.908],[92.799,12.908],[92.798,12.909],[92.798,12.909],[92.798,12.909],[92.798,12.91],[92.798,12.91],[92.798,12.911],[92.797,12.911],[92.797,12.912],[92.796,12.912],[92.796,12.913],[92.796,12.913],[92.796,12.913],[92.795,12.913],[92.794,12.914],[92.794,12.914],[92.794,12.915],[92.795,12.916],[92.795,12.916],[92.795,12.917],[92.795,12.917],[92.795,12.918],[92.795,12.919],[92.795,12.919],[92.795,12.92],[92.795,12.92],[92.795,12.921],[92.795,12.921],[92.795,12.922],[92.795,12.922],[92.795,12.923],[92.795,12.923],[92.795,12.924],[92.795,12.924],[92.795,12.925],[92.795,12.925],[92.795,12.926],[92.795,12.926],[92.795,12.927],[92.794,12.927],[92.794,12.928],[92.794,12.929],[92.794,12.929],[92.794,12.929],[92.794,12.93],[92.794,12.93],[92.794,12.93],[92.794,12.931],[92.794,12.931],[92.794,12.931],[92.795,12.931],[92.795,12.931],[92.795,12.931],[92.796,12.93],[92.796,12.93],[92.796,12.93],[92.797,12.93],[92.797,12.93],[92.798,12.93],[92.798,12.93],[92.798,12.93],[92.798,12.931],[92.799,12.931],[92.799,12.931],[92.799,12.931],[92.799,12.931],[92.799,12.932],[92.799,12.932],[92.799,12.933],[92.799,12.934],[92.8,12.934],[92.8,12.934],[92.8,12.935],[92.801,12.935],[92.801,12.935],[92.801,12.936],[92.801,12.936],[92.801,12.936],[92.801,12.937],[92.801,12.937],[92.801,12.938],[92.802,12.938],[92.802,12.939],[92.802,12.939],[92.801,12.939],[92.801,12.94],[92.801,12.94],[92.801,12.941],[92.8,12.941],[92.8,12.942],[92.8,12.942],[92.799,12.943],[92.799,12.943],[92.8,12.944],[92.8,12.944],[92.8,12.945],[92.8,12.945],[92.801,12.946],[92.801,12.946],[92.801,12.946],[92.801,12.947],[92.8,12.947],[92.8,12.948],[92.8,12.948],[92.8,12.948],[92.8,12.948],[92.8,12.949],[92.799,12.949],[92.799,12.949],[92.799,12.949],[92.798,12.949],[92.798,12.949],[92.797,12.949],[92.797,12.949],[92.796,12.949],[92.796,12.95],[92.795,12.95],[92.795,12.95],[92.795,12.95],[92.795,12.95],[92.794,12.951],[92.794,12.951],[92.794,12.951],[92.793,12.951],[92.793,12.951],[92.793,12.952],[92.793,12.952],[92.793,12.953],[92.793,12.954],[92.793,12.954],[92.793,12.954],[92.793,12.955],[92.793,12.955],[92.792,12.955],[92.792,12.955],[92.792,12.956],[92.792,12.956],[92.792,12.956],[92.792,12.957],[92.792,12.957],[92.792,12.957],[92.792,12.958],[92.793,12.958],[92.793,12.959],[92.792,12.96],[92.793,12.96],[92.793,12.961],[92.793,12.962],[92.793,12.962],[92.792,12.961],[92.792,12.961],[92.792,12.961],[92.792,12.962],[92.792,12.962],[92.792,12.962],[92.792,12.964],[92.792,12.965],[92.792,12.965],[92.792,12.966],[92.792,12.966],[92.792,12.966],[92.792,12.966],[92.792,12.967],[92.792,12.967],[92.793,12.967],[92.793,12.967],[92.793,12.968],[92.793,12.968],[92.793,12.968],[92.794,12.968],[92.794,12.968],[92.794,12.968],[92.795,12.967],[92.795,12.967],[92.795,12.966],[92.796,12.966],[92.796,12.965],[92.796,12.965],[92.796,12.965],[92.797,12.965],[92.797,12.965],[92.797,12.965],[92.797,12.965],[92.797,12.965],[92.797,12.966],[92.797,12.966],[92.796,12.967],[92.797,12.967],[92.797,12.968],[92.797,12.968],[92.797,12.968],[92.798,12.971],[92.798,12.971],[92.797,12.972],[92.797,12.972],[92.796,12.973],[92.796,12.973],[92.796,12.974],[92.796,12.974],[92.795,12.974],[92.794,12.975],[92.794,12.976],[92.794,12.977],[92.794,12.977],[92.793,12.979],[92.793,12.979],[92.793,12.98],[92.793,12.98],[92.793,12.98],[92.793,12.981],[92.793,12.981],[92.793,12.982],[92.793,12.982],[92.794,12.983],[92.794,12.983],[92.794,12.983],[92.794,12.984],[92.794,12.984],[92.794,12.985],[92.794,12.986],[92.794,12.986],[92.794,12.986],[92.795,12.986],[92.795,12.986],[92.795,12.986],[92.795,12.987],[92.795,12.987],[92.795,12.987],[92.795,12.988],[92.795,12.988],[92.798,12.989],[92.798,12.99],[92.799,12.99],[92.799,12.991],[92.799,12.991],[92.799,12.991],[92.799,12.991],[92.799,12.991],[92.8,12.992],[92.8,12.992],[92.801,12.991],[92.801,12.991],[92.801,12.99],[92.802,12.99],[92.802,12.99],[92.802,12.989],[92.802,12.989],[92.803,12.988],[92.803,12.988],[92.803,12.987],[92.803,12.987],[92.803,12.986],[92.804,12.986],[92.804,12.985],[92.804,12.985],[92.804,12.984],[92.805,12.984],[92.805,12.984],[92.805,12.984],[92.806,12.983],[92.806,12.983],[92.806,12.983],[92.808,12.983],[92.808,12.983],[92.809,12.983],[92.809,12.983],[92.81,12.984],[92.81,12.984],[92.811,12.984],[92.811,12.984],[92.811,12.984],[92.812,12.984],[92.812,12.984],[92.812,12.983],[92.813,12.983],[92.813,12.983],[92.813,12.983],[92.814,12.983],[92.814,12.983],[92.814,12.984],[92.815,12.984],[92.815,12.985],[92.815,12.985],[92.815,12.986],[92.815,12.986],[92.815,12.986],[92.815,12.987],[92.816,12.987],[92.816,12.987],[92.816,12.987],[92.817,12.987],[92.817,12.987],[92.817,12.987],[92.818,12.987],[92.818,12.987],[92.818,12.987],[92.819,12.988],[92.819,12.988],[92.819,12.989],[92.819,12.989],[92.819,12.989],[92.818,12.989],[92.818,12.99],[92.818,12.99],[92.817,12.991],[92.817,12.991],[92.817,12.991],[92.816,12.991],[92.815,12.991],[92.814,12.991],[92.813,12.991],[92.813,12.992],[92.813,12.992],[92.813,12.993],[92.812,12.993],[92.812,12.993],[92.812,12.994],[92.812,12.994],[92.811,12.994],[92.811,12.994],[92.81,12.994],[92.81,12.994],[92.81,12.994],[92.809,12.994],[92.808,12.994],[92.808,12.994],[92.809,12.994],[92.809,12.994],[92.809,12.995],[92.809,12.995],[92.809,12.995],[92.809,12.996],[92.809,12.996],[92.809,12.997],[92.809,12.997],[92.809,12.997],[92.809,12.997],[92.809,12.998],[92.809,12.998],[92.809,12.998],[92.809,12.998],[92.809,12.998],[92.81,12.998],[92.81,12.998],[92.811,12.998],[92.811,12.999],[92.811,12.999],[92.812,12.999],[92.812,12.999],[92.813,12.999],[92.813,12.998],[92.813,12.998],[92.814,12.998],[92.814,12.998],[92.814,12.998],[92.814,12.999],[92.815,12.999],[92.815,12.999],[92.815,12.999],[92.816,12.999],[92.816,12.999],[92.816,12.999],[92.817,12.999],[92.817,12.999],[92.818,13],[92.818,13],[92.819,13.001],[92.819,13.001],[92.819,13.001],[92.819,13.002],[92.819,13.002],[92.819,13.003],[92.82,13.004],[92.82,13.004],[92.82,13.004],[92.82,13.005],[92.82,13.005],[92.821,13.006],[92.821,13.006],[92.821,13.006],[92.823,13.006],[92.823,13.006],[92.823,13.006],[92.823,13.006],[92.823,13.007],[92.824,13.007],[92.824,13.009],[92.824,13.009],[92.824,13.009],[92.824,13.01],[92.824,13.01],[92.825,13.011],[92.825,13.011],[92.825,13.011],[92.825,13.012],[92.825,13.012],[92.825,13.013],[92.825,13.013],[92.825,13.013],[92.824,13.013],[92.823,13.012],[92.823,13.012],[92.823,13.012],[92.822,13.012],[92.822,13.012],[92.822,13.011],[92.821,13.012],[92.821,13.011],[92.821,13.012],[92.82,13.012],[92.819,13.011],[92.819,13.011],[92.818,13.011],[92.818,13.011],[92.818,13.011],[92.817,13.011],[92.817,13.011],[92.817,13.011],[92.816,13.01],[92.816,13.01],[92.816,13.009],[92.816,13.009],[92.816,13.009],[92.816,13.008],[92.815,13.008],[92.815,13.007],[92.815,13.007],[92.815,13.007],[92.813,13.009],[92.813,13.009],[92.813,13.009],[92.811,13.009],[92.811,13.009],[92.81,13.009],[92.81,13.009],[92.809,13.009],[92.809,13.008],[92.809,13.008],[92.809,13.008],[92.808,13.008],[92.807,13.007],[92.807,13.007],[92.807,13.007],[92.806,13.007],[92.806,13.007],[92.806,13.007],[92.805,13.008],[92.805,13.009],[92.805,13.009],[92.805,13.01],[92.806,13.011],[92.806,13.011],[92.805,13.012],[92.804,13.012],[92.804,13.012],[92.804,13.012],[92.804,13.012],[92.803,13.012],[92.803,13.012],[92.802,13.011],[92.802,13.011],[92.801,13.01],[92.8,13.01],[92.8,13.01],[92.8,13.009],[92.799,13.009],[92.799,13.01],[92.798,13.01],[92.797,13.011],[92.797,13.011],[92.797,13.011],[92.796,13.011],[92.796,13.011],[92.794,13.011],[92.794,13.011],[92.793,13.011],[92.793,13.011],[92.792,13.011],[92.791,13.012],[92.791,13.012],[92.791,13.012],[92.791,13.013],[92.791,13.013],[92.791,13.013],[92.791,13.014],[92.789,13.015],[92.789,13.015],[92.79,13.016],[92.789,13.016],[92.789,13.016],[92.789,13.016],[92.789,13.017],[92.789,13.017],[92.789,13.017],[92.789,13.018],[92.788,13.018],[92.788,13.019],[92.789,13.02],[92.789,13.021],[92.79,13.021],[92.79,13.022],[92.79,13.022],[92.79,13.023],[92.79,13.023],[92.79,13.024],[92.791,13.024],[92.791,13.025],[92.791,13.026],[92.792,13.026],[92.792,13.026],[92.792,13.026],[92.793,13.027],[92.793,13.028],[92.794,13.028],[92.794,13.029],[92.794,13.03],[92.794,13.03],[92.795,13.031],[92.795,13.031],[92.794,13.032],[92.794,13.032],[92.794,13.033],[92.794,13.033],[92.793,13.034],[92.793,13.034],[92.793,13.034],[92.793,13.035],[92.793,13.036],[92.793,13.036],[92.793,13.037],[92.793,13.037],[92.793,13.038],[92.794,13.038],[92.794,13.038],[92.795,13.04],[92.795,13.04],[92.796,13.041],[92.796,13.041],[92.795,13.041],[92.795,13.042],[92.795,13.042],[92.795,13.042],[92.795,13.043],[92.795,13.043],[92.794,13.043],[92.794,13.046],[92.795,13.046],[92.795,13.046],[92.794,13.046],[92.794,13.047],[92.793,13.048],[92.793,13.048],[92.794,13.048],[92.795,13.048],[92.796,13.049],[92.796,13.05],[92.796,13.051],[92.796,13.051],[92.795,13.051],[92.795,13.052],[92.794,13.052],[92.794,13.053],[92.793,13.054],[92.793,13.054],[92.793,13.055],[92.793,13.056],[92.793,13.056],[92.793,13.057],[92.793,13.057],[92.793,13.059],[92.793,13.059],[92.793,13.059],[92.794,13.059],[92.794,13.063],[92.795,13.065],[92.795,13.065],[92.796,13.066],[92.796,13.066],[92.796,13.066],[92.796,13.067],[92.796,13.067],[92.796,13.068],[92.797,13.068],[92.797,13.068],[92.797,13.069],[92.796,13.069],[92.796,13.07],[92.796,13.071],[92.796,13.072],[92.796,13.072],[92.796,13.073],[92.797,13.073],[92.797,13.074],[92.797,13.074],[92.797,13.075],[92.796,13.075],[92.796,13.076],[92.796,13.076],[92.796,13.076],[92.797,13.077],[92.797,13.077],[92.797,13.078],[92.797,13.079],[92.797,13.079],[92.797,13.082],[92.797,13.082],[92.797,13.083],[92.797,13.083],[92.797,13.083],[92.796,13.084],[92.796,13.084],[92.796,13.085],[92.796,13.085],[92.796,13.085],[92.797,13.086],[92.797,13.088],[92.797,13.088],[92.797,13.089],[92.797,13.089],[92.797,13.089],[92.797,13.089],[92.798,13.09],[92.798,13.09],[92.799,13.091],[92.799,13.091],[92.8,13.091],[92.8,13.091],[92.8,13.091],[92.801,13.091],[92.801,13.091],[92.801,13.091],[92.801,13.09],[92.801,13.09],[92.801,13.089],[92.801,13.089],[92.801,13.089],[92.802,13.088],[92.802,13.088],[92.802,13.088],[92.802,13.087],[92.802,13.087],[92.802,13.087],[92.802,13.086],[92.802,13.084],[92.801,13.084],[92.801,13.084],[92.801,13.083],[92.801,13.083],[92.801,13.083],[92.801,13.083],[92.802,13.081],[92.802,13.081],[92.802,13.081],[92.802,13.081],[92.802,13.08],[92.803,13.08],[92.803,13.079],[92.803,13.079],[92.803,13.078],[92.803,13.077],[92.803,13.077],[92.805,13.076],[92.805,13.076],[92.806,13.075],[92.807,13.075],[92.807,13.075],[92.808,13.075],[92.808,13.076],[92.809,13.076],[92.809,13.076],[92.809,13.076],[92.81,13.075],[92.81,13.075],[92.811,13.076],[92.811,13.076],[92.811,13.076],[92.811,13.076],[92.811,13.076],[92.811,13.077],[92.812,13.077],[92.812,13.077],[92.811,13.078],[92.811,13.079],[92.811,13.079],[92.809,13.079],[92.809,13.08],[92.809,13.08],[92.808,13.08],[92.808,13.08],[92.807,13.08],[92.807,13.081],[92.808,13.082],[92.808,13.082],[92.809,13.083],[92.809,13.083],[92.808,13.084],[92.808,13.084],[92.808,13.084],[92.807,13.084],[92.807,13.085],[92.806,13.085],[92.806,13.086],[92.806,13.086],[92.805,13.086],[92.805,13.088],[92.806,13.088],[92.806,13.089],[92.806,13.089],[92.806,13.089],[92.806,13.089],[92.806,13.09],[92.806,13.09],[92.806,13.091],[92.807,13.091],[92.807,13.091],[92.807,13.092],[92.807,13.092],[92.807,13.093],[92.807,13.093],[92.808,13.094],[92.808,13.096],[92.808,13.096],[92.808,13.097],[92.808,13.097],[92.808,13.099],[92.808,13.1],[92.809,13.101],[92.809,13.101],[92.81,13.101],[92.81,13.102],[92.811,13.102],[92.811,13.102],[92.812,13.103],[92.813,13.103],[92.813,13.103],[92.813,13.104],[92.814,13.104],[92.815,13.103],[92.815,13.103],[92.815,13.102],[92.815,13.102],[92.815,13.101],[92.815,13.101],[92.816,13.1],[92.816,13.1],[92.817,13.1],[92.817,13.1],[92.817,13.099],[92.818,13.099],[92.819,13.098],[92.819,13.098],[92.82,13.097],[92.82,13.097],[92.82,13.097],[92.82,13.096],[92.821,13.095],[92.821,13.095],[92.822,13.096],[92.822,13.096],[92.822,13.096],[92.822,13.097],[92.822,13.097],[92.822,13.098],[92.822,13.098],[92.822,13.098],[92.821,13.099],[92.821,13.099],[92.821,13.099],[92.821,13.099],[92.821,13.1],[92.821,13.1],[92.82,13.101],[92.82,13.101],[92.82,13.101],[92.82,13.102],[92.821,13.103],[92.821,13.104],[92.821,13.104],[92.821,13.104],[92.821,13.104],[92.821,13.105],[92.821,13.105],[92.821,13.106],[92.821,13.106],[92.821,13.108],[92.821,13.108],[92.821,13.108],[92.821,13.109],[92.821,13.109],[92.822,13.11],[92.822,13.11],[92.822,13.11],[92.822,13.111],[92.822,13.111],[92.822,13.112],[92.823,13.113],[92.824,13.113],[92.824,13.113],[92.824,13.113],[92.825,13.114],[92.825,13.114],[92.825,13.114],[92.825,13.114],[92.824,13.116],[92.823,13.116],[92.823,13.115],[92.822,13.115],[92.822,13.115],[92.821,13.115],[92.821,13.115],[92.82,13.115],[92.82,13.115],[92.819,13.115],[92.818,13.115],[92.818,13.115],[92.818,13.115],[92.818,13.115],[92.818,13.114],[92.817,13.114],[92.817,13.115],[92.817,13.115],[92.817,13.115],[92.816,13.115],[92.816,13.115],[92.816,13.116],[92.816,13.116],[92.816,13.116],[92.816,13.116],[92.816,13.117],[92.815,13.117],[92.815,13.118],[92.815,13.118],[92.815,13.118],[92.815,13.118],[92.815,13.119],[92.814,13.119],[92.814,13.119],[92.814,13.119],[92.814,13.12],[92.814,13.12],[92.814,13.12],[92.813,13.121],[92.813,13.121],[92.811,13.123],[92.811,13.125],[92.811,13.125],[92.811,13.125],[92.81,13.126],[92.81,13.127],[92.811,13.128],[92.811,13.128],[92.811,13.127],[92.814,13.127],[92.815,13.128],[92.816,13.128],[92.816,13.128],[92.819,13.128],[92.819,13.129],[92.819,13.129],[92.82,13.129],[92.82,13.129],[92.82,13.13],[92.82,13.131],[92.82,13.131],[92.82,13.131],[92.82,13.132],[92.82,13.132],[92.82,13.132],[92.821,13.133],[92.821,13.133],[92.821,13.133],[92.822,13.133],[92.823,13.134],[92.824,13.134],[92.825,13.133],[92.825,13.133],[92.826,13.132],[92.826,13.132],[92.826,13.131],[92.826,13.131],[92.827,13.13],[92.827,13.13],[92.828,13.131],[92.828,13.131],[92.829,13.132],[92.829,13.132],[92.829,13.132],[92.83,13.132],[92.83,13.132],[92.83,13.13],[92.831,13.129],[92.831,13.129],[92.831,13.128],[92.831,13.128],[92.832,13.128],[92.832,13.127],[92.832,13.127],[92.832,13.126],[92.831,13.126],[92.831,13.126],[92.832,13.125],[92.832,13.125],[92.833,13.125],[92.834,13.126],[92.834,13.126],[92.834,13.126],[92.834,13.126],[92.835,13.127],[92.835,13.127],[92.835,13.127],[92.835,13.128],[92.834,13.129],[92.834,13.13],[92.835,13.13],[92.835,13.13],[92.835,13.13],[92.836,13.13],[92.836,13.13],[92.837,13.13],[92.837,13.129],[92.837,13.129],[92.838,13.128],[92.839,13.128],[92.839,13.128],[92.839,13.128],[92.839,13.128],[92.84,13.128],[92.84,13.127],[92.841,13.127],[92.841,13.128],[92.842,13.127],[92.843,13.128],[92.843,13.129],[92.843,13.129],[92.843,13.131],[92.843,13.132],[92.843,13.133],[92.842,13.134],[92.841,13.134],[92.841,13.134],[92.841,13.134],[92.84,13.134],[92.84,13.135],[92.84,13.136],[92.84,13.136],[92.841,13.137],[92.841,13.137],[92.842,13.139],[92.842,13.139],[92.842,13.139],[92.842,13.139],[92.843,13.139],[92.844,13.139],[92.844,13.139],[92.845,13.139],[92.845,13.139],[92.846,13.139],[92.846,13.138],[92.847,13.138],[92.847,13.139],[92.848,13.14],[92.847,13.141],[92.846,13.141],[92.846,13.141],[92.846,13.141],[92.845,13.142],[92.845,13.142],[92.844,13.143],[92.844,13.143],[92.844,13.144],[92.844,13.144],[92.843,13.145],[92.843,13.145],[92.843,13.146],[92.842,13.146],[92.842,13.146],[92.842,13.146],[92.842,13.146],[92.841,13.146],[92.841,13.146],[92.84,13.146],[92.84,13.145],[92.839,13.145],[92.838,13.146],[92.838,13.146],[92.838,13.146],[92.836,13.146],[92.835,13.145],[92.835,13.145],[92.835,13.145],[92.833,13.145],[92.833,13.145],[92.833,13.146],[92.833,13.146],[92.833,13.146],[92.833,13.147],[92.833,13.147],[92.833,13.148],[92.832,13.149],[92.829,13.149],[92.829,13.149],[92.829,13.149],[92.828,13.148],[92.828,13.148],[92.828,13.148],[92.827,13.148],[92.827,13.148],[92.827,13.148],[92.827,13.148],[92.826,13.148],[92.826,13.147],[92.825,13.147],[92.825,13.146],[92.825,13.146],[92.824,13.146],[92.824,13.146],[92.824,13.146],[92.824,13.146],[92.823,13.146],[92.823,13.146],[92.823,13.145],[92.822,13.145],[92.822,13.145],[92.822,13.145],[92.822,13.145],[92.821,13.146],[92.821,13.146],[92.821,13.146],[92.821,13.146],[92.821,13.147],[92.821,13.148],[92.817,13.15],[92.817,13.15],[92.817,13.15],[92.816,13.15],[92.816,13.151],[92.815,13.151],[92.814,13.152],[92.813,13.152],[92.812,13.152],[92.811,13.152],[92.811,13.152],[92.811,13.152],[92.81,13.153],[92.81,13.154],[92.81,13.154],[92.81,13.154],[92.81,13.154],[92.81,13.155],[92.812,13.157],[92.812,13.157],[92.813,13.157],[92.813,13.157],[92.813,13.158],[92.813,13.158],[92.813,13.159],[92.813,13.161],[92.813,13.161],[92.813,13.161],[92.813,13.162],[92.813,13.162],[92.813,13.163],[92.813,13.163],[92.813,13.163],[92.813,13.164],[92.813,13.165],[92.813,13.166],[92.814,13.166],[92.814,13.167],[92.814,13.167],[92.814,13.167],[92.816,13.169],[92.816,13.17],[92.816,13.17],[92.816,13.171],[92.816,13.171],[92.816,13.171],[92.815,13.172],[92.815,13.172],[92.814,13.173],[92.814,13.173],[92.814,13.173],[92.814,13.174],[92.815,13.174],[92.816,13.174],[92.818,13.173],[92.818,13.173],[92.818,13.173],[92.819,13.173],[92.819,13.173],[92.819,13.173],[92.821,13.173],[92.821,13.173],[92.821,13.173],[92.822,13.173],[92.822,13.173],[92.823,13.174],[92.823,13.174],[92.824,13.174],[92.825,13.173],[92.826,13.173],[92.827,13.174],[92.828,13.174],[92.828,13.174],[92.828,13.174],[92.829,13.173],[92.829,13.173],[92.83,13.172],[92.83,13.172],[92.831,13.172],[92.831,13.172],[92.831,13.171],[92.831,13.171],[92.832,13.171],[92.832,13.171],[92.832,13.171],[92.834,13.171],[92.834,13.171],[92.834,13.172],[92.835,13.172],[92.835,13.172],[92.835,13.173],[92.835,13.173],[92.835,13.173],[92.835,13.174],[92.836,13.174],[92.835,13.174],[92.835,13.175],[92.834,13.176],[92.834,13.176],[92.833,13.176],[92.833,13.176],[92.832,13.177],[92.832,13.177],[92.832,13.177],[92.832,13.177],[92.831,13.178],[92.831,13.178],[92.831,13.178],[92.83,13.178],[92.83,13.178],[92.83,13.178],[92.829,13.178],[92.829,13.179],[92.827,13.181],[92.827,13.181],[92.827,13.181],[92.826,13.181],[92.826,13.181],[92.826,13.18],[92.825,13.18],[92.825,13.179],[92.825,13.179],[92.824,13.179],[92.824,13.179],[92.824,13.179],[92.823,13.179],[92.823,13.18],[92.822,13.181],[92.822,13.181],[92.822,13.182],[92.822,13.182],[92.821,13.183],[92.82,13.183],[92.819,13.184],[92.819,13.184],[92.819,13.184],[92.82,13.185],[92.82,13.185],[92.82,13.185],[92.82,13.185],[92.821,13.185],[92.821,13.186],[92.821,13.186],[92.822,13.186],[92.822,13.187],[92.822,13.187],[92.822,13.187],[92.823,13.188],[92.823,13.188],[92.823,13.188],[92.823,13.189],[92.823,13.19],[92.823,13.19],[92.824,13.191],[92.824,13.191],[92.824,13.191],[92.824,13.193],[92.823,13.194],[92.823,13.194],[92.823,13.194],[92.822,13.194],[92.822,13.195],[92.821,13.195],[92.82,13.194],[92.82,13.194],[92.819,13.194],[92.819,13.194],[92.819,13.194],[92.819,13.195],[92.819,13.195],[92.819,13.196],[92.819,13.196],[92.82,13.197],[92.82,13.197],[92.82,13.197],[92.82,13.198],[92.82,13.198],[92.82,13.198],[92.819,13.199],[92.819,13.199],[92.818,13.2],[92.818,13.2],[92.818,13.201],[92.818,13.201],[92.818,13.202],[92.819,13.202],[92.819,13.202],[92.819,13.202],[92.821,13.203],[92.822,13.203],[92.822,13.204],[92.823,13.204],[92.823,13.205],[92.823,13.205],[92.823,13.206],[92.824,13.206],[92.824,13.206],[92.824,13.206],[92.825,13.207],[92.825,13.207],[92.825,13.207],[92.826,13.208],[92.826,13.208],[92.827,13.208],[92.827,13.208],[92.828,13.208],[92.829,13.209],[92.829,13.209],[92.829,13.209],[92.83,13.211],[92.831,13.212],[92.831,13.212],[92.831,13.213],[92.831,13.213],[92.832,13.213],[92.832,13.214],[92.831,13.215],[92.829,13.215],[92.829,13.215],[92.829,13.215],[92.829,13.215],[92.828,13.216],[92.828,13.216],[92.827,13.216],[92.826,13.216],[92.826,13.216],[92.825,13.216],[92.825,13.217],[92.825,13.217],[92.824,13.217],[92.824,13.217],[92.826,13.219],[92.826,13.219],[92.826,13.219],[92.826,13.22],[92.827,13.221],[92.828,13.221],[92.828,13.222],[92.829,13.222],[92.829,13.222],[92.829,13.222],[92.829,13.223],[92.829,13.223],[92.829,13.223],[92.829,13.224],[92.829,13.224],[92.829,13.224],[92.829,13.224],[92.828,13.224],[92.828,13.224],[92.828,13.224],[92.827,13.224],[92.827,13.223],[92.827,13.223],[92.826,13.224],[92.826,13.225],[92.826,13.225],[92.826,13.226],[92.827,13.227],[92.827,13.228],[92.828,13.228],[92.828,13.23],[92.828,13.23],[92.828,13.231],[92.828,13.231],[92.828,13.232],[92.828,13.232],[92.828,13.234],[92.828,13.234],[92.828,13.234],[92.827,13.234],[92.827,13.236],[92.828,13.236],[92.828,13.237],[92.828,13.237],[92.828,13.237],[92.829,13.237],[92.83,13.239],[92.83,13.239],[92.83,13.239],[92.83,13.24],[92.831,13.24],[92.831,13.241],[92.831,13.241],[92.831,13.242],[92.831,13.242],[92.831,13.242],[92.832,13.243],[92.832,13.243],[92.832,13.243],[92.832,13.243],[92.833,13.243],[92.833,13.243],[92.835,13.243],[92.835,13.243],[92.835,13.243],[92.836,13.243],[92.836,13.243],[92.836,13.244],[92.837,13.244],[92.837,13.243],[92.838,13.243],[92.838,13.243],[92.839,13.243],[92.839,13.243],[92.839,13.243],[92.839,13.243],[92.84,13.242],[92.84,13.242],[92.841,13.241],[92.841,13.241],[92.842,13.24],[92.842,13.239],[92.842,13.239],[92.842,13.239],[92.842,13.238],[92.842,13.238],[92.843,13.237],[92.844,13.237],[92.844,13.237],[92.844,13.237],[92.845,13.237],[92.845,13.237],[92.845,13.237],[92.846,13.237],[92.846,13.238],[92.846,13.238],[92.846,13.238],[92.847,13.238],[92.848,13.238],[92.848,13.239],[92.849,13.239],[92.849,13.239],[92.849,13.239],[92.849,13.239],[92.849,13.239],[92.85,13.239],[92.85,13.239],[92.85,13.24],[92.851,13.24],[92.851,13.241],[92.85,13.242],[92.85,13.242],[92.85,13.243],[92.85,13.243],[92.85,13.244],[92.85,13.244],[92.85,13.244],[92.851,13.244],[92.851,13.245],[92.851,13.245],[92.851,13.245],[92.851,13.246],[92.851,13.246],[92.851,13.246],[92.851,13.247],[92.852,13.247],[92.852,13.247],[92.852,13.247],[92.852,13.248],[92.852,13.248],[92.852,13.249],[92.853,13.249],[92.853,13.249],[92.853,13.25],[92.853,13.25],[92.853,13.251],[92.853,13.251],[92.853,13.252],[92.853,13.253],[92.854,13.254],[92.854,13.255],[92.854,13.256],[92.854,13.256],[92.854,13.256],[92.854,13.257],[92.854,13.257],[92.854,13.258],[92.853,13.259],[92.852,13.259],[92.851,13.26],[92.851,13.26],[92.851,13.26],[92.85,13.26],[92.849,13.261],[92.849,13.261],[92.848,13.262],[92.848,13.262],[92.848,13.262],[92.846,13.262],[92.846,13.262],[92.845,13.262],[92.845,13.262],[92.843,13.262],[92.843,13.262],[92.843,13.261],[92.842,13.261],[92.842,13.261],[92.842,13.261],[92.841,13.261],[92.84,13.26],[92.84,13.26],[92.84,13.259],[92.839,13.259],[92.839,13.259],[92.839,13.259],[92.839,13.26],[92.838,13.26],[92.838,13.26],[92.838,13.261],[92.838,13.261],[92.838,13.262],[92.837,13.262],[92.838,13.262],[92.837,13.262],[92.837,13.263],[92.837,13.263],[92.837,13.264],[92.837,13.264],[92.837,13.264],[92.837,13.264],[92.836,13.265],[92.836,13.266],[92.836,13.266],[92.836,13.267],[92.836,13.267],[92.836,13.267],[92.835,13.268],[92.835,13.268],[92.834,13.269],[92.834,13.269],[92.834,13.269],[92.833,13.269],[92.833,13.269],[92.832,13.269],[92.832,13.269],[92.832,13.269],[92.832,13.269],[92.831,13.269],[92.831,13.269],[92.83,13.269],[92.83,13.268],[92.829,13.268],[92.828,13.267],[92.828,13.267],[92.827,13.266],[92.827,13.266],[92.827,13.266],[92.827,13.267],[92.828,13.268],[92.827,13.269],[92.827,13.269],[92.827,13.27],[92.825,13.271],[92.825,13.271],[92.825,13.272],[92.825,13.274],[92.824,13.274],[92.824,13.275],[92.823,13.277],[92.823,13.278],[92.823,13.279],[92.824,13.28],[92.825,13.28],[92.825,13.281],[92.825,13.283],[92.826,13.283],[92.826,13.284],[92.825,13.284],[92.825,13.284],[92.825,13.285],[92.825,13.285],[92.825,13.286],[92.825,13.286],[92.825,13.286],[92.824,13.287],[92.824,13.287],[92.824,13.288],[92.824,13.288],[92.825,13.289],[92.825,13.289],[92.825,13.288],[92.826,13.288],[92.826,13.289],[92.827,13.288],[92.829,13.288],[92.831,13.287],[92.831,13.287],[92.831,13.286],[92.832,13.286],[92.832,13.286],[92.832,13.286],[92.833,13.285],[92.834,13.285],[92.834,13.286],[92.834,13.286],[92.835,13.286],[92.836,13.286],[92.836,13.286],[92.837,13.286],[92.837,13.286],[92.838,13.286],[92.838,13.286],[92.838,13.286],[92.839,13.287],[92.839,13.288],[92.838,13.289],[92.838,13.289],[92.837,13.29],[92.837,13.291],[92.836,13.292],[92.836,13.292],[92.836,13.293],[92.836,13.293],[92.836,13.293],[92.836,13.294],[92.836,13.294],[92.836,13.294],[92.836,13.295],[92.836,13.295],[92.836,13.296],[92.838,13.298],[92.839,13.298],[92.839,13.298],[92.839,13.298],[92.842,13.301],[92.842,13.302],[92.842,13.302],[92.842,13.302],[92.842,13.303],[92.842,13.304],[92.842,13.304],[92.841,13.304],[92.841,13.304],[92.839,13.306],[92.839,13.306],[92.839,13.307],[92.837,13.307],[92.837,13.306],[92.837,13.306],[92.836,13.306],[92.836,13.306],[92.835,13.305],[92.834,13.305],[92.833,13.306],[92.832,13.306],[92.832,13.306],[92.83,13.306],[92.829,13.306],[92.829,13.306],[92.829,13.307],[92.827,13.307],[92.826,13.307],[92.826,13.307],[92.825,13.308],[92.824,13.308],[92.824,13.309],[92.823,13.309],[92.822,13.309],[92.822,13.309],[92.822,13.31],[92.822,13.31],[92.822,13.31],[92.822,13.311],[92.822,13.311],[92.823,13.311],[92.823,13.311],[92.823,13.311],[92.823,13.311],[92.824,13.311],[92.824,13.312],[92.827,13.312],[92.828,13.312],[92.829,13.312],[92.831,13.313],[92.831,13.314],[92.831,13.314],[92.831,13.314],[92.831,13.315],[92.831,13.315],[92.831,13.316],[92.831,13.316],[92.831,13.317],[92.83,13.317],[92.83,13.317],[92.83,13.317],[92.829,13.317],[92.829,13.317],[92.829,13.318],[92.829,13.317],[92.827,13.319],[92.827,13.319],[92.827,13.319],[92.827,13.32],[92.827,13.32],[92.827,13.321],[92.827,13.321],[92.827,13.322],[92.827,13.322],[92.827,13.323],[92.827,13.323],[92.827,13.324],[92.827,13.324],[92.827,13.325],[92.827,13.326],[92.827,13.326],[92.826,13.326],[92.826,13.327],[92.827,13.328],[92.827,13.329],[92.827,13.329],[92.827,13.329],[92.827,13.329],[92.827,13.33],[92.828,13.331],[92.828,13.331],[92.829,13.332],[92.829,13.332],[92.83,13.333],[92.83,13.333],[92.831,13.334],[92.832,13.334],[92.832,13.334],[92.833,13.335],[92.833,13.336],[92.833,13.336],[92.833,13.336],[92.833,13.336],[92.834,13.336],[92.834,13.337],[92.834,13.338],[92.835,13.338],[92.835,13.338],[92.834,13.339],[92.834,13.339],[92.834,13.339],[92.834,13.34],[92.834,13.34],[92.834,13.34],[92.834,13.341],[92.834,13.342],[92.834,13.342],[92.835,13.343],[92.835,13.343],[92.835,13.343],[92.835,13.344],[92.835,13.344],[92.835,13.346],[92.836,13.346],[92.836,13.347],[92.835,13.347],[92.835,13.348],[92.835,13.348],[92.835,13.348],[92.834,13.349],[92.834,13.349],[92.834,13.35],[92.834,13.35],[92.834,13.351],[92.834,13.352],[92.834,13.352],[92.834,13.353],[92.834,13.354],[92.834,13.354],[92.834,13.354],[92.834,13.355],[92.835,13.356],[92.835,13.356],[92.836,13.356],[92.836,13.356],[92.836,13.357],[92.836,13.357],[92.836,13.358],[92.836,13.36],[92.836,13.36],[92.836,13.361],[92.837,13.362],[92.837,13.362],[92.836,13.362],[92.836,13.363],[92.836,13.363],[92.836,13.366],[92.836,13.366],[92.836,13.367],[92.838,13.369],[92.838,13.369],[92.839,13.369],[92.839,13.37],[92.839,13.37],[92.839,13.371],[92.839,13.372],[92.839,13.374],[92.839,13.374],[92.839,13.375],[92.84,13.375],[92.84,13.376],[92.84,13.376],[92.84,13.376],[92.842,13.378],[92.843,13.378],[92.843,13.377],[92.844,13.377],[92.844,13.377],[92.845,13.377],[92.845,13.377],[92.845,13.377],[92.846,13.377],[92.846,13.376],[92.846,13.376],[92.846,13.375],[92.847,13.375],[92.847,13.375],[92.848,13.374],[92.848,13.374],[92.848,13.373],[92.848,13.373],[92.848,13.372],[92.848,13.372],[92.849,13.371],[92.849,13.371],[92.85,13.371],[92.851,13.371],[92.851,13.371],[92.851,13.371],[92.851,13.371],[92.851,13.372],[92.852,13.372],[92.852,13.374],[92.852,13.374],[92.852,13.374],[92.852,13.375],[92.852,13.375],[92.853,13.376],[92.853,13.376],[92.855,13.379],[92.856,13.379],[92.856,13.379],[92.857,13.379],[92.858,13.379],[92.859,13.379],[92.859,13.38],[92.86,13.38],[92.86,13.38],[92.86,13.38],[92.861,13.38],[92.861,13.38],[92.861,13.38],[92.861,13.38],[92.861,13.381],[92.862,13.381],[92.862,13.381],[92.864,13.381],[92.864,13.381],[92.865,13.381],[92.865,13.381],[92.865,13.381],[92.866,13.382],[92.866,13.382],[92.866,13.382],[92.866,13.384],[92.866,13.384],[92.866,13.384],[92.867,13.385],[92.867,13.385],[92.867,13.386],[92.867,13.387],[92.867,13.387],[92.867,13.387],[92.866,13.388],[92.866,13.388],[92.865,13.389],[92.865,13.389],[92.864,13.39],[92.863,13.389],[92.863,13.389],[92.863,13.389],[92.861,13.386],[92.86,13.386],[92.86,13.386],[92.86,13.386],[92.859,13.385],[92.859,13.385],[92.859,13.386],[92.858,13.386],[92.858,13.386],[92.858,13.386],[92.857,13.386],[92.857,13.386],[92.857,13.387],[92.854,13.387],[92.853,13.387],[92.853,13.387],[92.851,13.389],[92.851,13.389],[92.85,13.389],[92.85,13.389],[92.85,13.389],[92.849,13.389],[92.849,13.39],[92.849,13.39],[92.849,13.39],[92.847,13.39],[92.847,13.39],[92.847,13.39],[92.846,13.391],[92.846,13.392],[92.845,13.393],[92.844,13.393],[92.844,13.393],[92.844,13.393],[92.843,13.393],[92.843,13.394],[92.843,13.394],[92.842,13.394],[92.842,13.395],[92.843,13.395],[92.843,13.396],[92.842,13.397],[92.842,13.398],[92.842,13.398],[92.842,13.399],[92.842,13.4],[92.843,13.4],[92.843,13.4],[92.843,13.401],[92.843,13.402],[92.843,13.402],[92.843,13.402],[92.843,13.403],[92.843,13.403],[92.844,13.403],[92.844,13.403],[92.845,13.405],[92.845,13.405],[92.845,13.405],[92.844,13.405],[92.844,13.406],[92.844,13.406],[92.844,13.406],[92.844,13.407],[92.845,13.407],[92.845,13.407],[92.845,13.408],[92.845,13.408],[92.845,13.408],[92.845,13.409],[92.846,13.409],[92.846,13.409],[92.847,13.41],[92.847,13.41],[92.847,13.411],[92.848,13.411],[92.848,13.411],[92.849,13.411],[92.849,13.411],[92.849,13.411],[92.85,13.411],[92.85,13.412],[92.851,13.412],[92.852,13.411],[92.852,13.411],[92.853,13.411],[92.853,13.411],[92.853,13.411],[92.853,13.41],[92.853,13.409],[92.853,13.409],[92.853,13.409],[92.854,13.409],[92.854,13.409],[92.855,13.409],[92.856,13.409],[92.856,13.409],[92.856,13.409],[92.856,13.409],[92.857,13.409],[92.858,13.409],[92.858,13.409],[92.859,13.409],[92.859,13.409],[92.86,13.408],[92.86,13.407],[92.861,13.406],[92.861,13.406],[92.86,13.406],[92.86,13.405],[92.861,13.405],[92.861,13.404],[92.861,13.404],[92.861,13.404],[92.861,13.404],[92.862,13.404],[92.862,13.404],[92.863,13.404],[92.864,13.403],[92.864,13.403],[92.864,13.402],[92.865,13.402],[92.865,13.402],[92.865,13.402],[92.866,13.401],[92.866,13.401],[92.866,13.402],[92.866,13.402],[92.867,13.402],[92.867,13.402],[92.867,13.402],[92.868,13.402],[92.868,13.402],[92.869,13.403],[92.869,13.404],[92.869,13.404],[92.869,13.404],[92.869,13.405],[92.869,13.405],[92.87,13.405],[92.87,13.407],[92.869,13.407],[92.869,13.408],[92.87,13.409],[92.87,13.409],[92.87,13.409],[92.87,13.41],[92.871,13.411],[92.871,13.411],[92.872,13.412],[92.872,13.412],[92.872,13.412],[92.873,13.41],[92.873,13.409],[92.873,13.409],[92.873,13.408],[92.874,13.408],[92.874,13.408],[92.875,13.408],[92.874,13.409],[92.874,13.41],[92.874,13.411],[92.874,13.411],[92.874,13.412],[92.874,13.412],[92.874,13.412],[92.874,13.413],[92.873,13.413],[92.873,13.414],[92.873,13.414],[92.873,13.415],[92.872,13.416],[92.872,13.416],[92.871,13.416],[92.871,13.416],[92.87,13.416],[92.87,13.416],[92.87,13.416],[92.869,13.416],[92.869,13.417],[92.869,13.417],[92.869,13.418],[92.868,13.418],[92.868,13.419],[92.868,13.419],[92.87,13.421],[92.87,13.421],[92.87,13.421],[92.87,13.421],[92.869,13.422],[92.869,13.423],[92.87,13.423],[92.87,13.423],[92.87,13.423],[92.87,13.424],[92.87,13.424],[92.87,13.425],[92.871,13.425],[92.871,13.425],[92.871,13.426],[92.872,13.426],[92.872,13.426],[92.873,13.426],[92.874,13.424],[92.874,13.424],[92.875,13.423],[92.875,13.423],[92.875,13.424],[92.876,13.424],[92.876,13.424],[92.876,13.425],[92.876,13.425],[92.877,13.426],[92.877,13.426],[92.877,13.427],[92.877,13.427],[92.878,13.427],[92.878,13.428],[92.878,13.428],[92.879,13.428],[92.879,13.428],[92.879,13.428],[92.879,13.428],[92.88,13.428],[92.88,13.428],[92.881,13.428],[92.881,13.429],[92.881,13.429],[92.882,13.429],[92.882,13.429],[92.882,13.429],[92.883,13.429],[92.883,13.429],[92.883,13.429],[92.884,13.43],[92.884,13.43],[92.884,13.431],[92.884,13.432],[92.884,13.432],[92.884,13.432],[92.884,13.432],[92.884,13.433],[92.884,13.434],[92.884,13.435],[92.883,13.435],[92.883,13.435],[92.883,13.436],[92.883,13.436],[92.882,13.436],[92.882,13.437],[92.882,13.438],[92.882,13.438],[92.882,13.438],[92.882,13.439],[92.882,13.439],[92.882,13.439],[92.883,13.439],[92.883,13.44],[92.882,13.441],[92.882,13.441],[92.882,13.441],[92.882,13.441],[92.881,13.442],[92.881,13.442],[92.881,13.443],[92.881,13.443],[92.881,13.443],[92.881,13.444],[92.88,13.445],[92.879,13.445],[92.879,13.444],[92.879,13.444],[92.879,13.444],[92.878,13.444],[92.878,13.444],[92.878,13.444],[92.878,13.444],[92.878,13.444],[92.877,13.444],[92.876,13.444],[92.876,13.444],[92.875,13.445],[92.875,13.445],[92.875,13.445],[92.875,13.445],[92.874,13.446],[92.874,13.447],[92.873,13.447],[92.873,13.448],[92.873,13.448],[92.873,13.448],[92.874,13.449],[92.874,13.449],[92.874,13.45],[92.874,13.451],[92.874,13.451],[92.874,13.451],[92.874,13.451],[92.874,13.453],[92.874,13.453],[92.874,13.454],[92.875,13.454],[92.875,13.454],[92.875,13.454],[92.875,13.455],[92.875,13.455],[92.875,13.456],[92.876,13.457],[92.876,13.458],[92.876,13.458],[92.876,13.459],[92.876,13.459],[92.876,13.46],[92.875,13.462],[92.874,13.462],[92.874,13.462],[92.873,13.462],[92.872,13.463],[92.872,13.463],[92.872,13.464],[92.872,13.464],[92.871,13.465],[92.871,13.465],[92.871,13.465],[92.871,13.466],[92.871,13.466],[92.872,13.466],[92.872,13.467],[92.872,13.467],[92.872,13.468],[92.872,13.468],[92.872,13.47],[92.872,13.47],[92.872,13.471],[92.872,13.471],[92.873,13.473],[92.874,13.471],[92.874,13.471],[92.874,13.471],[92.875,13.471],[92.875,13.471],[92.876,13.471],[92.876,13.471],[92.876,13.471],[92.876,13.471],[92.877,13.472],[92.877,13.472],[92.877,13.473],[92.877,13.473],[92.877,13.473],[92.877,13.474],[92.877,13.474],[92.877,13.475],[92.877,13.475],[92.878,13.475],[92.878,13.476],[92.878,13.476],[92.879,13.476],[92.879,13.476],[92.879,13.476],[92.879,13.476],[92.88,13.476],[92.88,13.476],[92.88,13.476],[92.88,13.476],[92.881,13.476],[92.881,13.476],[92.881,13.476],[92.884,13.476],[92.885,13.477],[92.885,13.477],[92.886,13.477],[92.886,13.477],[92.886,13.478],[92.886,13.478],[92.887,13.478],[92.889,13.478],[92.889,13.478],[92.892,13.478],[92.892,13.477],[92.893,13.477],[92.895,13.475],[92.896,13.475],[92.896,13.475],[92.897,13.475],[92.897,13.476],[92.897,13.476],[92.898,13.476],[92.898,13.476],[92.899,13.476],[92.899,13.476],[92.901,13.478],[92.901,13.478],[92.901,13.478],[92.901,13.479],[92.901,13.479],[92.901,13.48],[92.901,13.48],[92.901,13.481],[92.902,13.481],[92.902,13.482],[92.902,13.482],[92.902,13.483],[92.902,13.483],[92.902,13.483],[92.903,13.484],[92.903,13.484],[92.903,13.484],[92.903,13.484],[92.904,13.485],[92.904,13.488],[92.904,13.488],[92.904,13.489],[92.904,13.489],[92.904,13.489],[92.904,13.489],[92.904,13.49],[92.905,13.49],[92.905,13.492],[92.904,13.493],[92.904,13.493],[92.904,13.493],[92.904,13.494],[92.904,13.494],[92.904,13.494],[92.904,13.494],[92.904,13.495],[92.903,13.496],[92.903,13.497],[92.904,13.497],[92.904,13.498],[92.905,13.498],[92.906,13.498],[92.906,13.498],[92.907,13.499],[92.909,13.499],[92.91,13.498],[92.911,13.498],[92.911,13.498],[92.912,13.498],[92.912,13.498],[92.913,13.498],[92.913,13.498],[92.914,13.498],[92.914,13.498],[92.914,13.498],[92.914,13.498],[92.914,13.498],[92.915,13.499],[92.915,13.499],[92.915,13.499],[92.915,13.5],[92.916,13.5],[92.916,13.5],[92.917,13.5],[92.918,13.501],[92.92,13.501],[92.92,13.5],[92.92,13.5],[92.921,13.499],[92.921,13.498],[92.921,13.498],[92.921,13.497],[92.921,13.496],[92.921,13.496],[92.922,13.496],[92.923,13.496],[92.923,13.496],[92.923,13.496],[92.924,13.496],[92.925,13.496],[92.925,13.497],[92.925,13.497],[92.926,13.497],[92.926,13.498],[92.926,13.498],[92.926,13.498],[92.926,13.498],[92.927,13.498],[92.927,13.499],[92.927,13.499],[92.927,13.5],[92.928,13.501],[92.928,13.501],[92.929,13.501],[92.929,13.501],[92.929,13.502],[92.929,13.502],[92.93,13.502],[92.93,13.503],[92.929,13.503],[92.929,13.503],[92.928,13.504],[92.928,13.504],[92.927,13.505],[92.927,13.505],[92.927,13.505],[92.927,13.506],[92.927,13.506],[92.927,13.506],[92.926,13.507],[92.926,13.508],[92.925,13.508],[92.925,13.508],[92.925,13.509],[92.925,13.509],[92.925,13.509],[92.925,13.51],[92.923,13.512],[92.923,13.512],[92.923,13.513],[92.923,13.513],[92.923,13.513],[92.923,13.514],[92.924,13.514],[92.924,13.514],[92.924,13.514],[92.924,13.514],[92.925,13.514],[92.925,13.515],[92.926,13.515],[92.926,13.515],[92.926,13.515],[92.927,13.516],[92.927,13.517],[92.927,13.517],[92.927,13.517],[92.927,13.518],[92.927,13.519],[92.928,13.519],[92.928,13.52],[92.927,13.521],[92.926,13.521],[92.926,13.521],[92.926,13.521],[92.925,13.521],[92.925,13.521],[92.925,13.521],[92.924,13.521],[92.924,13.521],[92.924,13.521],[92.923,13.521],[92.922,13.521],[92.922,13.521],[92.922,13.521],[92.921,13.521],[92.921,13.521],[92.921,13.521],[92.921,13.521],[92.92,13.521],[92.92,13.521],[92.92,13.522],[92.919,13.522],[92.919,13.522],[92.919,13.522],[92.918,13.522],[92.918,13.522],[92.918,13.522],[92.916,13.524],[92.916,13.524],[92.915,13.525],[92.915,13.526],[92.914,13.526],[92.914,13.528],[92.914,13.529],[92.914,13.529],[92.914,13.529],[92.914,13.53],[92.914,13.531],[92.914,13.531],[92.914,13.532],[92.914,13.532],[92.914,13.532],[92.915,13.533],[92.915,13.533],[92.917,13.535],[92.917,13.536],[92.917,13.536],[92.917,13.536],[92.918,13.536],[92.918,13.536],[92.918,13.537],[92.918,13.537],[92.919,13.537],[92.919,13.537],[92.919,13.537],[92.92,13.537],[92.92,13.538],[92.921,13.538],[92.921,13.537],[92.921,13.537],[92.922,13.537],[92.924,13.537],[92.926,13.539],[92.927,13.539],[92.927,13.539],[92.927,13.539],[92.927,13.539],[92.928,13.539],[92.928,13.539],[92.93,13.539],[92.93,13.539],[92.931,13.539],[92.931,13.539],[92.931,13.539],[92.932,13.539],[92.932,13.539],[92.933,13.539],[92.933,13.539],[92.936,13.539],[92.937,13.539],[92.938,13.539],[92.939,13.539],[92.939,13.538],[92.939,13.538],[92.939,13.538],[92.939,13.537],[92.94,13.537],[92.941,13.537],[92.942,13.537],[92.942,13.536],[92.942,13.536],[92.943,13.537],[92.943,13.537],[92.944,13.537],[92.944,13.537],[92.944,13.537],[92.945,13.537],[92.946,13.537],[92.946,13.537],[92.946,13.537],[92.947,13.537],[92.948,13.537],[92.948,13.537],[92.949,13.539],[92.949,13.539],[92.95,13.539],[92.95,13.54],[92.95,13.54],[92.95,13.541],[92.951,13.542],[92.951,13.543],[92.951,13.543],[92.951,13.543],[92.951,13.543],[92.953,13.543],[92.954,13.544],[92.956,13.544],[92.956,13.544],[92.957,13.544],[92.957,13.543],[92.958,13.543],[92.959,13.542],[92.961,13.542],[92.962,13.543],[92.962,13.543],[92.963,13.544],[92.963,13.544],[92.963,13.544],[92.964,13.544],[92.964,13.544],[92.964,13.544],[92.964,13.544],[92.965,13.544],[92.965,13.544],[92.965,13.544],[92.965,13.544],[92.966,13.544],[92.966,13.544],[92.966,13.543],[92.967,13.543],[92.967,13.543],[92.968,13.543],[92.968,13.543],[92.969,13.543],[92.969,13.542],[92.969,13.541],[92.969,13.541],[92.969,13.54],[92.969,13.539],[92.969,13.539],[92.97,13.539],[92.97,13.539],[92.97,13.539],[92.97,13.539],[92.971,13.539],[92.971,13.539],[92.971,13.539],[92.972,13.538],[92.972,13.538],[92.974,13.536],[92.974,13.536],[92.974,13.536],[92.974,13.534],[92.974,13.534],[92.974,13.534],[92.974,13.533],[92.974,13.533],[92.975,13.533],[92.975,13.532],[92.975,13.532],[92.975,13.529],[92.975,13.529],[92.975,13.529],[92.976,13.528],[92.977,13.528],[92.977,13.528],[92.978,13.528],[92.978,13.528],[92.979,13.528],[92.979,13.528],[92.979,13.528],[92.979,13.528],[92.98,13.528],[92.98,13.528],[92.98,13.528],[92.981,13.527],[92.981,13.527],[92.981,13.527],[92.982,13.527],[92.982,13.527],[92.983,13.527],[92.984,13.526],[92.984,13.527],[92.985,13.527],[92.985,13.527],[92.986,13.527],[92.986,13.528],[92.988,13.528],[92.988,13.528],[92.989,13.528],[92.989,13.528],[92.989,13.529],[92.99,13.529],[92.99,13.53],[92.99,13.53],[92.99,13.53],[92.989,13.531],[92.989,13.531],[92.99,13.531],[92.99,13.531],[92.99,13.532],[92.99,13.532],[92.99,13.532],[92.99,13.533],[92.991,13.533],[92.991,13.533],[92.991,13.534],[92.991,13.534],[92.992,13.535],[92.992,13.535],[92.992,13.535],[92.992,13.536],[92.992,13.536],[92.992,13.536],[92.992,13.536],[92.992,13.536],[92.992,13.537],[92.99,13.537],[92.99,13.536],[92.99,13.537],[92.99,13.537],[92.989,13.537],[92.989,13.538],[92.989,13.538],[92.989,13.538],[92.989,13.538],[92.989,13.539],[92.988,13.54],[92.988,13.54],[92.987,13.541],[92.987,13.541],[92.987,13.542],[92.987,13.544],[92.987,13.544],[92.987,13.545],[92.986,13.545],[92.986,13.545],[92.985,13.545],[92.982,13.548],[92.982,13.549],[92.982,13.549],[92.982,13.549],[92.981,13.55],[92.981,13.551],[92.981,13.551],[92.981,13.552],[92.981,13.552],[92.981,13.553],[92.981,13.553],[92.981,13.553],[92.981,13.554],[92.982,13.554],[92.982,13.554],[92.982,13.554],[92.984,13.555],[92.984,13.555],[92.985,13.556],[92.985,13.556],[92.985,13.557],[92.985,13.557],[92.985,13.557],[92.985,13.558],[92.985,13.558],[92.985,13.559],[92.985,13.559],[92.985,13.56],[92.985,13.56],[92.985,13.561],[92.984,13.561],[92.984,13.562],[92.985,13.562],[92.985,13.562],[92.986,13.563],[92.986,13.563],[92.988,13.565],[92.988,13.565],[92.988,13.566],[92.988,13.566],[92.988,13.566],[92.988,13.567],[92.988,13.567],[92.988,13.568],[92.988,13.569],[92.988,13.57],[92.988,13.57],[92.988,13.569],[92.987,13.569],[92.987,13.569],[92.987,13.571],[92.987,13.571],[92.987,13.572],[92.988,13.572],[92.988,13.572],[92.988,13.573],[92.988,13.573],[92.989,13.574],[92.989,13.574],[92.989,13.574],[92.99,13.574],[92.991,13.574],[92.991,13.573],[92.991,13.572],[92.992,13.573],[92.993,13.571],[92.994,13.571],[92.993,13.57],[92.994,13.57],[92.994,13.57],[92.994,13.569],[92.994,13.569],[92.994,13.569],[92.994,13.569],[92.994,13.568],[92.994,13.568],[92.994,13.568],[92.994,13.568],[92.993,13.567],[92.993,13.566],[92.994,13.565],[92.994,13.565],[92.994,13.565],[92.995,13.565],[92.995,13.565],[92.996,13.565],[92.996,13.564],[92.997,13.564],[92.997,13.564],[92.998,13.563],[92.999,13.562],[92.999,13.561],[93,13.561],[93,13.561],[93.001,13.561],[93.001,13.562],[93.002,13.562],[93.002,13.561],[93.002,13.561],[93.003,13.561],[93.003,13.561],[93.003,13.56],[93.003,13.56],[93.003,13.56],[93.003,13.559],[93.004,13.559],[93.004,13.558],[93.004,13.557],[93.005,13.557],[93.005,13.556],[93.006,13.556],[93.006,13.554],[93.006,13.553],[93.006,13.553],[93.006,13.553],[93.006,13.551],[93.007,13.551],[93.007,13.55],[93.007,13.55],[93.007,13.549],[93.007,13.549],[93.007,13.549],[93.007,13.548],[93.007,13.548],[93.008,13.548],[93.008,13.547],[93.008,13.547],[93.008,13.546],[93.008,13.546],[93.008,13.546],[93.008,13.545],[93.007,13.545],[93.007,13.544],[93.008,13.544],[93.008,13.545],[93.008,13.545],[93.009,13.545],[93.009,13.545],[93.009,13.545],[93.01,13.545],[93.01,13.544],[93.009,13.544],[93.009,13.544],[93.009,13.544],[93.008,13.543],[93.009,13.543],[93.009,13.542],[93.009,13.542],[93.01,13.542],[93.01,13.542],[93.01,13.542],[93.01,13.542],[93.01,13.542],[93.01,13.543],[93.01,13.543],[93.01,13.543],[93.01,13.544],[93.011,13.544],[93.011,13.544],[93.012,13.544],[93.012,13.544],[93.012,13.544],[93.013,13.544],[93.013,13.544],[93.013,13.544],[93.014,13.543],[93.014,13.543],[93.014,13.544],[93.014,13.544],[93.014,13.544],[93.014,13.545],[93.014,13.545],[93.014,13.545],[93.013,13.545],[93.014,13.546],[93.014,13.546],[93.014,13.546],[93.014,13.547],[93.014,13.547],[93.014,13.548],[93.014,13.548],[93.015,13.548],[93.015,13.549],[93.015,13.549],[93.016,13.55],[93.016,13.55],[93.015,13.551],[93.015,13.552],[93.015,13.552],[93.015,13.553],[93.015,13.554],[93.015,13.554],[93.015,13.555],[93.014,13.555],[93.014,13.556],[93.014,13.556],[93.014,13.557],[93.014,13.557],[93.015,13.557],[93.015,13.557],[93.015,13.557],[93.015,13.557],[93.016,13.557],[93.016,13.557],[93.016,13.558],[93.016,13.558],[93.017,13.559],[93.017,13.559],[93.017,13.56],[93.017,13.561],[93.017,13.561],[93.017,13.562],[93.017,13.562],[93.017,13.563],[93.017,13.563],[93.017,13.564],[93.017,13.564],[93.016,13.563],[93.016,13.563],[93.016,13.562],[93.016,13.562],[93.016,13.561],[93.016,13.56],[93.016,13.56],[93.016,13.559],[93.015,13.558],[93.015,13.558],[93.015,13.559],[93.015,13.56],[93.015,13.56],[93.014,13.56],[93.014,13.56],[93.014,13.561],[93.014,13.562],[93.014,13.563],[93.015,13.563],[93.015,13.564],[93.015,13.564],[93.015,13.564],[93.015,13.564],[93.015,13.565],[93.016,13.565],[93.016,13.565],[93.016,13.566],[93.016,13.566],[93.016,13.567],[93.016,13.567],[93.017,13.568],[93.017,13.569],[93.016,13.57],[93.016,13.57],[93.016,13.57],[93.016,13.571],[93.017,13.572],[93.018,13.572],[93.018,13.572],[93.018,13.573],[93.019,13.574],[93.019,13.574],[93.02,13.573],[93.02,13.573],[93.02,13.573],[93.021,13.573],[93.021,13.573],[93.023,13.573],[93.024,13.574],[93.024,13.575],[93.025,13.576],[93.025,13.576],[93.026,13.577],[93.026,13.577],[93.026,13.578],[93.026,13.578],[93.026,13.579],[93.027,13.579],[93.027,13.579],[93.028,13.578],[93.028,13.578],[93.029,13.578],[93.029,13.577],[93.029,13.577],[93.029,13.577],[93.029,13.576],[93.029,13.576],[93.029,13.576],[93.029,13.574],[93.029,13.574],[93.029,13.574],[93.029,13.573]]],[[[92.897,13.602],[92.897,13.601],[92.898,13.601],[92.898,13.601],[92.899,13.601],[92.899,13.601],[92.901,13.601],[92.901,13.601],[92.902,13.601],[92.902,13.601],[92.902,13.601],[92.904,13.599],[92.904,13.599],[92.904,13.598],[92.904,13.598],[92.904,13.598],[92.904,13.597],[92.904,13.597],[92.904,13.596],[92.903,13.596],[92.903,13.596],[92.901,13.594],[92.901,13.594],[92.9,13.592],[92.9,13.592],[92.9,13.592],[92.9,13.592],[92.898,13.59],[92.898,13.59],[92.897,13.59],[92.897,13.59],[92.897,13.589],[92.896,13.589],[92.895,13.588],[92.895,13.588],[92.894,13.588],[92.894,13.588],[92.893,13.586],[92.893,13.586],[92.892,13.585],[92.892,13.585],[92.892,13.584],[92.892,13.584],[92.891,13.583],[92.891,13.583],[92.89,13.582],[92.89,13.581],[92.89,13.581],[92.89,13.58],[92.889,13.579],[92.889,13.579],[92.889,13.578],[92.889,13.578],[92.889,13.578],[92.889,13.577],[92.889,13.577],[92.888,13.577],[92.888,13.576],[92.888,13.576],[92.887,13.575],[92.887,13.575],[92.886,13.574],[92.886,13.574],[92.886,13.574],[92.885,13.574],[92.884,13.575],[92.884,13.575],[92.884,13.576],[92.884,13.576],[92.883,13.577],[92.883,13.577],[92.883,13.577],[92.883,13.578],[92.883,13.578],[92.883,13.578],[92.882,13.579],[92.882,13.579],[92.882,13.58],[92.882,13.581],[92.882,13.581],[92.882,13.581],[92.882,13.582],[92.882,13.582],[92.881,13.583],[92.881,13.583],[92.881,13.583],[92.882,13.583],[92.882,13.583],[92.882,13.582],[92.883,13.583],[92.884,13.583],[92.884,13.583],[92.884,13.584],[92.884,13.585],[92.884,13.585],[92.884,13.586],[92.884,13.586],[92.884,13.586],[92.885,13.587],[92.885,13.587],[92.886,13.588],[92.886,13.588],[92.886,13.588],[92.886,13.589],[92.886,13.589],[92.886,13.59],[92.887,13.59],[92.887,13.592],[92.886,13.592],[92.886,13.593],[92.888,13.594],[92.888,13.595],[92.889,13.597],[92.89,13.597],[92.89,13.597],[92.891,13.597],[92.891,13.598],[92.892,13.598],[92.893,13.599],[92.893,13.599],[92.894,13.601],[92.895,13.601],[92.895,13.601],[92.896,13.601],[92.896,13.601],[92.896,13.601],[92.897,13.602],[92.897,13.602]]],[[[93.064,13.654],[93.065,13.653],[93.066,13.653],[93.067,13.651],[93.067,13.651],[93.067,13.65],[93.067,13.65],[93.066,13.649],[93.065,13.648],[93.065,13.648],[93.065,13.647],[93.064,13.647],[93.064,13.648],[93.064,13.648],[93.063,13.648],[93.063,13.648],[93.062,13.648],[93.062,13.647],[93.061,13.647],[93.061,13.647],[93.06,13.647],[93.06,13.647],[93.059,13.647],[93.059,13.646],[93.058,13.646],[93.058,13.646],[93.058,13.645],[93.058,13.645],[93.057,13.644],[93.056,13.644],[93.056,13.643],[93.055,13.643],[93.055,13.642],[93.055,13.641],[93.055,13.64],[93.055,13.637],[93.055,13.637],[93.055,13.636],[93.055,13.636],[93.054,13.635],[93.054,13.635],[93.054,13.635],[93.054,13.634],[93.054,13.634],[93.054,13.634],[93.054,13.633],[93.054,13.633],[93.054,13.633],[93.053,13.632],[93.053,13.631],[93.052,13.631],[93.052,13.631],[93.052,13.631],[93.052,13.63],[93.052,13.63],[93.052,13.63],[93.052,13.629],[93.052,13.629],[93.051,13.629],[93.051,13.628],[93.051,13.627],[93.05,13.626],[93.05,13.626],[93.049,13.625],[93.049,13.625],[93.049,13.624],[93.049,13.624],[93.048,13.624],[93.048,13.623],[93.049,13.623],[93.049,13.623],[93.049,13.622],[93.049,13.622],[93.049,13.622],[93.049,13.622],[93.048,13.621],[93.048,13.621],[93.048,13.621],[93.048,13.621],[93.047,13.621],[93.047,13.621],[93.046,13.621],[93.046,13.622],[93.047,13.623],[93.047,13.623],[93.047,13.623],[93.046,13.623],[93.046,13.624],[93.046,13.626],[93.046,13.626],[93.046,13.627],[93.046,13.628],[93.045,13.629],[93.045,13.629],[93.045,13.629],[93.045,13.63],[93.045,13.63],[93.045,13.63],[93.045,13.631],[93.045,13.631],[93.044,13.631],[93.044,13.632],[93.044,13.632],[93.044,13.632],[93.044,13.633],[93.044,13.633],[93.044,13.633],[93.044,13.633],[93.043,13.634],[93.043,13.634],[93.043,13.635],[93.043,13.636],[93.043,13.636],[93.043,13.637],[93.045,13.639],[93.045,13.64],[93.046,13.64],[93.046,13.641],[93.046,13.641],[93.046,13.641],[93.046,13.642],[93.047,13.642],[93.048,13.643],[93.048,13.643],[93.048,13.643],[93.049,13.643],[93.05,13.645],[93.05,13.645],[93.051,13.646],[93.051,13.646],[93.052,13.647],[93.052,13.647],[93.052,13.647],[93.052,13.648],[93.053,13.648],[93.053,13.649],[93.053,13.649],[93.053,13.65],[93.053,13.65],[93.053,13.651],[93.054,13.651],[93.054,13.652],[93.055,13.652],[93.055,13.652],[93.055,13.652],[93.055,13.652],[93.055,13.653],[93.056,13.653],[93.056,13.653],[93.056,13.654],[93.056,13.654],[93.061,13.654],[93.061,13.654],[93.062,13.654],[93.063,13.655],[93.063,13.655],[93.064,13.654],[93.064,13.654]]],[[[93.024,13.671],[93.023,13.671],[93.023,13.671],[93.023,13.672],[93.023,13.672],[93.023,13.672],[93.023,13.673],[93.023,13.673],[93.023,13.673],[93.023,13.673],[93.023,13.674],[93.023,13.674],[93.023,13.674],[93.023,13.674],[93.023,13.674],[93.024,13.674],[93.024,13.673],[93.024,13.673],[93.024,13.673],[93.024,13.672],[93.024,13.672],[93.024,13.671],[93.024,13.671]]],[[[93.016,13.676],[93.016,13.676],[93.017,13.676],[93.017,13.675],[93.018,13.675],[93.018,13.675],[93.018,13.675],[93.019,13.674],[93.019,13.674],[93.019,13.674],[93.019,13.673],[93.019,13.673],[93.019,13.672],[93.02,13.672],[93.021,13.671],[93.021,13.671],[93.021,13.671],[93.022,13.67],[93.022,13.67],[93.022,13.67],[93.022,13.67],[93.022,13.67],[93.022,13.669],[93.022,13.669],[93.022,13.669],[93.022,13.667],[93.022,13.667],[93.022,13.666],[93.023,13.666],[93.023,13.665],[93.023,13.665],[93.023,13.665],[93.023,13.664],[93.023,13.664],[93.024,13.664],[93.024,13.663],[93.024,13.663],[93.024,13.662],[93.025,13.662],[93.025,13.661],[93.026,13.661],[93.026,13.659],[93.025,13.659],[93.025,13.659],[93.024,13.658],[93.024,13.657],[93.025,13.657],[93.025,13.656],[93.025,13.656],[93.025,13.656],[93.026,13.656],[93.026,13.655],[93.026,13.655],[93.026,13.654],[93.026,13.654],[93.026,13.654],[93.026,13.653],[93.026,13.652],[93.026,13.652],[93.026,13.65],[93.025,13.649],[93.025,13.648],[93.026,13.648],[93.026,13.648],[93.026,13.648],[93.026,13.647],[93.026,13.647],[93.026,13.646],[93.026,13.646],[93.026,13.646],[93.027,13.645],[93.027,13.645],[93.027,13.645],[93.027,13.644],[93.028,13.644],[93.028,13.644],[93.028,13.643],[93.028,13.643],[93.029,13.643],[93.029,13.642],[93.029,13.642],[93.029,13.641],[93.029,13.641],[93.029,13.641],[93.029,13.64],[93.029,13.639],[93.03,13.639],[93.03,13.637],[93.03,13.637],[93.03,13.636],[93.032,13.634],[93.032,13.634],[93.032,13.634],[93.032,13.633],[93.032,13.633],[93.032,13.632],[93.032,13.632],[93.032,13.63],[93.031,13.629],[93.031,13.629],[93.03,13.628],[93.03,13.628],[93.029,13.628],[93.029,13.628],[93.029,13.627],[93.028,13.627],[93.028,13.627],[93.027,13.627],[93.027,13.627],[93.026,13.627],[93.026,13.627],[93.025,13.627],[93.025,13.627],[93.024,13.627],[93.024,13.627],[93.024,13.627],[93.02,13.632],[93.019,13.632],[93.019,13.632],[93.019,13.632],[93.018,13.633],[93.018,13.633],[93.018,13.633],[93.018,13.633],[93.018,13.633],[93.018,13.635],[93.017,13.636],[93.017,13.636],[93.016,13.638],[93.016,13.638],[93.015,13.638],[93.015,13.639],[93.015,13.639],[93.015,13.641],[93.015,13.641],[93.015,13.642],[93.016,13.642],[93.016,13.643],[93.015,13.644],[93.012,13.644],[93.011,13.644],[93.011,13.644],[93.011,13.644],[93.01,13.644],[93.009,13.646],[93.008,13.646],[93.008,13.646],[93.007,13.646],[93.007,13.646],[93.007,13.646],[93.006,13.647],[93.006,13.647],[93.006,13.647],[93.003,13.647],[93.003,13.648],[93.003,13.648],[93.001,13.649],[93.001,13.649],[93.001,13.649],[93.001,13.649],[93,13.649],[93,13.649],[93,13.649],[93,13.648],[92.999,13.648],[92.999,13.648],[92.999,13.647],[92.999,13.647],[92.998,13.647],[92.997,13.647],[92.997,13.646],[92.996,13.646],[92.995,13.645],[92.995,13.645],[92.994,13.644],[92.994,13.644],[92.994,13.644],[92.994,13.645],[92.993,13.645],[92.993,13.645],[92.992,13.645],[92.992,13.645],[92.991,13.645],[92.991,13.644],[92.989,13.644],[92.988,13.643],[92.988,13.643],[92.988,13.643],[92.986,13.643],[92.986,13.643],[92.986,13.643],[92.986,13.643],[92.985,13.643],[92.985,13.644],[92.984,13.644],[92.984,13.644],[92.984,13.644],[92.984,13.645],[92.984,13.646],[92.985,13.646],[92.985,13.646],[92.984,13.647],[92.984,13.647],[92.984,13.647],[92.984,13.648],[92.984,13.648],[92.984,13.648],[92.984,13.648],[92.984,13.649],[92.982,13.651],[92.982,13.651],[92.981,13.652],[92.981,13.652],[92.98,13.652],[92.98,13.652],[92.98,13.652],[92.979,13.652],[92.979,13.653],[92.979,13.653],[92.978,13.653],[92.978,13.653],[92.977,13.654],[92.977,13.654],[92.977,13.654],[92.977,13.655],[92.977,13.655],[92.977,13.656],[92.977,13.657],[92.977,13.657],[92.977,13.657],[92.978,13.657],[92.978,13.658],[92.978,13.658],[92.978,13.657],[92.979,13.658],[92.979,13.658],[92.981,13.659],[92.981,13.66],[92.981,13.66],[92.981,13.66],[92.981,13.661],[92.981,13.661],[92.981,13.662],[92.981,13.662],[92.98,13.663],[92.98,13.664],[92.98,13.664],[92.982,13.665],[92.982,13.665],[92.982,13.666],[92.983,13.666],[92.983,13.666],[92.984,13.666],[92.984,13.666],[92.984,13.666],[92.985,13.666],[92.985,13.666],[92.985,13.666],[92.986,13.666],[92.986,13.666],[92.987,13.666],[92.988,13.666],[92.988,13.666],[92.988,13.666],[92.988,13.666],[92.989,13.666],[92.989,13.666],[92.989,13.666],[92.99,13.667],[92.991,13.667],[92.991,13.667],[92.991,13.667],[92.992,13.667],[92.992,13.667],[92.993,13.668],[92.993,13.668],[92.993,13.668],[92.994,13.668],[92.994,13.668],[92.995,13.668],[92.995,13.668],[92.996,13.668],[92.996,13.668],[92.997,13.668],[92.997,13.668],[92.998,13.668],[92.999,13.668],[93,13.669],[93,13.669],[93.001,13.669],[93.001,13.669],[93.001,13.669],[93.001,13.67],[93.001,13.67],[93.002,13.67],[93.002,13.67],[93.003,13.67],[93.003,13.671],[93.004,13.671],[93.005,13.67],[93.005,13.669],[93.005,13.669],[93.005,13.668],[93.005,13.668],[93.005,13.668],[93.006,13.668],[93.006,13.668],[93.007,13.668],[93.007,13.668],[93.007,13.669],[93.007,13.669],[93.007,13.67],[93.007,13.671],[93.007,13.671],[93.007,13.672],[93.008,13.672],[93.008,13.672],[93.008,13.673],[93.008,13.673],[93.008,13.673],[93.009,13.674],[93.009,13.674],[93.009,13.674],[93.01,13.674],[93.01,13.674],[93.011,13.674],[93.011,13.675],[93.012,13.675],[93.012,13.674],[93.013,13.674],[93.013,13.674],[93.013,13.674],[93.013,13.674],[93.014,13.674],[93.014,13.674],[93.015,13.674],[93.015,13.674],[93.014,13.675],[93.014,13.675],[93.014,13.675],[93.014,13.675],[93.014,13.676],[93.015,13.676],[93.015,13.676],[93.016,13.676]]],[[[93.224,14.016],[93.227,14.014],[93.227,14.013],[93.227,14.012],[93.227,14.011],[93.227,14.011],[93.227,14.011],[93.226,14.01],[93.226,14.01],[93.227,14.01],[93.227,14.009],[93.227,14.009],[93.227,14.007],[93.226,14.007],[93.226,14.007],[93.226,14.006],[93.226,14.005],[93.226,14.004],[93.226,14.004],[93.225,14.004],[93.225,14.002],[93.225,14.001],[93.225,14.001],[93.226,14.001],[93.226,14.001],[93.226,14],[93.226,14],[93.226,13.999],[93.227,13.999],[93.227,13.999],[93.227,13.998],[93.227,13.998],[93.228,13.998],[93.228,13.998],[93.228,13.997],[93.228,13.997],[93.228,13.997],[93.228,13.996],[93.228,13.995],[93.228,13.995],[93.229,13.994],[93.229,13.992],[93.229,13.992],[93.229,13.992],[93.23,13.991],[93.23,13.991],[93.23,13.99],[93.23,13.99],[93.23,13.99],[93.23,13.989],[93.231,13.989],[93.231,13.989],[93.231,13.988],[93.231,13.988],[93.231,13.987],[93.232,13.987],[93.232,13.986],[93.232,13.986],[93.232,13.986],[93.232,13.985],[93.232,13.985],[93.232,13.984],[93.232,13.983],[93.232,13.982],[93.232,13.982],[93.232,13.981],[93.232,13.981],[93.232,13.98],[93.231,13.98],[93.231,13.979],[93.231,13.979],[93.231,13.979],[93.231,13.978],[93.231,13.977],[93.231,13.977],[93.231,13.976],[93.231,13.976],[93.231,13.975],[93.231,13.975],[93.23,13.974],[93.23,13.974],[93.229,13.974],[93.228,13.973],[93.227,13.973],[93.227,13.973],[93.226,13.972],[93.225,13.973],[93.225,13.972],[93.225,13.972],[93.224,13.972],[93.224,13.972],[93.224,13.972],[93.223,13.972],[93.222,13.972],[93.222,13.972],[93.222,13.973],[93.221,13.974],[93.22,13.974],[93.22,13.974],[93.22,13.974],[93.219,13.974],[93.219,13.974],[93.219,13.974],[93.219,13.975],[93.219,13.975],[93.219,13.975],[93.218,13.976],[93.218,13.976],[93.218,13.977],[93.219,13.978],[93.219,13.979],[93.219,13.98],[93.219,13.981],[93.22,13.982],[93.22,13.983],[93.22,13.984],[93.22,13.984],[93.22,13.986],[93.22,13.986],[93.22,13.987],[93.221,13.987],[93.221,13.988],[93.221,13.988],[93.221,13.99],[93.221,13.994],[93.221,13.994],[93.221,13.994],[93.221,13.996],[93.221,13.996],[93.221,13.998],[93.221,13.999],[93.221,13.999],[93.221,14],[93.221,14],[93.221,14],[93.22,14.001],[93.22,14.003],[93.22,14.003],[93.22,14.004],[93.22,14.004],[93.22,14.004],[93.221,14.004],[93.221,14.005],[93.221,14.006],[93.221,14.007],[93.221,14.007],[93.221,14.008],[93.22,14.008],[93.22,14.009],[93.22,14.009],[93.22,14.009],[93.22,14.01],[93.22,14.011],[93.219,14.011],[93.219,14.012],[93.22,14.012],[93.22,14.014],[93.22,14.015],[93.22,14.015],[93.22,14.016],[93.221,14.016],[93.221,14.016],[93.221,14.016],[93.222,14.016],[93.222,14.016],[93.222,14.016],[93.223,14.017],[93.223,14.017],[93.224,14.016],[93.224,14.016],[93.224,14.016],[93.224,14.016]]],[[[93.367,14.047],[93.366,14.047],[93.366,14.047],[93.366,14.047],[93.365,14.047],[93.364,14.047],[93.364,14.047],[93.364,14.048],[93.364,14.049],[93.364,14.049],[93.364,14.049],[93.364,14.049],[93.364,14.05],[93.364,14.05],[93.365,14.051],[93.365,14.053],[93.365,14.054],[93.365,14.054],[93.364,14.054],[93.364,14.054],[93.364,14.055],[93.364,14.055],[93.364,14.056],[93.364,14.057],[93.365,14.057],[93.365,14.057],[93.365,14.056],[93.366,14.056],[93.366,14.056],[93.366,14.055],[93.366,14.055],[93.366,14.054],[93.366,14.054],[93.366,14.054],[93.367,14.053],[93.367,14.053],[93.367,14.052],[93.367,14.052],[93.367,14.052],[93.366,14.052],[93.366,14.052],[93.366,14.051],[93.366,14.051],[93.366,14.05],[93.366,14.05],[93.366,14.049],[93.366,14.049],[93.366,14.049],[93.367,14.048],[93.367,14.047]]],[[[93.384,14.128],[93.384,14.127],[93.383,14.127],[93.382,14.127],[93.382,14.127],[93.382,14.127],[93.381,14.127],[93.381,14.128],[93.381,14.128],[93.381,14.129],[93.382,14.129],[93.382,14.129],[93.383,14.128],[93.383,14.128],[93.384,14.128]]],[[[93.366,14.156],[93.366,14.156],[93.367,14.156],[93.367,14.155],[93.367,14.155],[93.367,14.154],[93.367,14.154],[93.367,14.152],[93.368,14.151],[93.368,14.151],[93.368,14.15],[93.368,14.149],[93.368,14.148],[93.369,14.148],[93.37,14.148],[93.37,14.148],[93.371,14.148],[93.371,14.148],[93.371,14.148],[93.373,14.148],[93.373,14.149],[93.377,14.149],[93.377,14.148],[93.378,14.148],[93.378,14.148],[93.378,14.148],[93.379,14.148],[93.379,14.147],[93.378,14.146],[93.377,14.146],[93.377,14.146],[93.376,14.146],[93.376,14.146],[93.376,14.146],[93.375,14.145],[93.375,14.146],[93.374,14.146],[93.374,14.145],[93.373,14.145],[93.373,14.146],[93.372,14.146],[93.371,14.145],[93.371,14.145],[93.371,14.145],[93.37,14.145],[93.37,14.144],[93.37,14.144],[93.37,14.143],[93.37,14.143],[93.37,14.141],[93.369,14.141],[93.369,14.141],[93.37,14.14],[93.37,14.14],[93.37,14.139],[93.37,14.139],[93.37,14.139],[93.37,14.138],[93.37,14.136],[93.37,14.136],[93.37,14.135],[93.37,14.135],[93.37,14.134],[93.371,14.134],[93.371,14.132],[93.371,14.131],[93.371,14.131],[93.371,14.131],[93.371,14.13],[93.371,14.13],[93.371,14.13],[93.372,14.129],[93.372,14.129],[93.372,14.128],[93.372,14.128],[93.373,14.127],[93.373,14.127],[93.375,14.126],[93.375,14.125],[93.376,14.124],[93.376,14.123],[93.377,14.123],[93.378,14.123],[93.378,14.122],[93.378,14.121],[93.378,14.121],[93.378,14.12],[93.378,14.12],[93.378,14.12],[93.377,14.119],[93.377,14.119],[93.377,14.119],[93.377,14.118],[93.377,14.118],[93.377,14.117],[93.377,14.117],[93.377,14.116],[93.376,14.116],[93.376,14.115],[93.376,14.115],[93.376,14.114],[93.376,14.114],[93.376,14.113],[93.375,14.113],[93.375,14.112],[93.375,14.112],[93.375,14.111],[93.375,14.111],[93.375,14.111],[93.375,14.11],[93.375,14.109],[93.376,14.109],[93.376,14.108],[93.376,14.108],[93.376,14.108],[93.376,14.107],[93.376,14.106],[93.376,14.106],[93.376,14.105],[93.375,14.104],[93.375,14.103],[93.375,14.103],[93.375,14.102],[93.374,14.102],[93.374,14.101],[93.375,14.101],[93.375,14.1],[93.375,14.1],[93.375,14.098],[93.376,14.098],[93.376,14.096],[93.375,14.096],[93.375,14.096],[93.375,14.096],[93.375,14.094],[93.375,14.094],[93.375,14.092],[93.375,14.092],[93.374,14.091],[93.374,14.091],[93.373,14.091],[93.373,14.091],[93.372,14.09],[93.372,14.09],[93.373,14.089],[93.373,14.089],[93.372,14.088],[93.372,14.087],[93.371,14.087],[93.371,14.087],[93.371,14.086],[93.371,14.086],[93.371,14.086],[93.371,14.086],[93.371,14.084],[93.371,14.084],[93.371,14.083],[93.371,14.083],[93.371,14.082],[93.37,14.082],[93.37,14.081],[93.37,14.081],[93.37,14.081],[93.37,14.08],[93.37,14.08],[93.37,14.08],[93.37,14.079],[93.37,14.079],[93.37,14.079],[93.369,14.078],[93.369,14.078],[93.369,14.077],[93.369,14.077],[93.369,14.076],[93.369,14.076],[93.369,14.076],[93.37,14.075],[93.37,14.075],[93.369,14.075],[93.369,14.074],[93.369,14.074],[93.369,14.074],[93.369,14.074],[93.369,14.073],[93.369,14.072],[93.369,14.072],[93.37,14.072],[93.37,14.072],[93.369,14.071],[93.369,14.071],[93.368,14.071],[93.368,14.071],[93.367,14.07],[93.367,14.07],[93.367,14.069],[93.367,14.069],[93.366,14.069],[93.366,14.067],[93.367,14.066],[93.367,14.066],[93.367,14.066],[93.367,14.065],[93.368,14.064],[93.368,14.064],[93.368,14.064],[93.367,14.063],[93.367,14.063],[93.366,14.062],[93.366,14.061],[93.365,14.061],[93.365,14.06],[93.365,14.059],[93.364,14.059],[93.364,14.059],[93.363,14.06],[93.364,14.06],[93.364,14.06],[93.364,14.061],[93.365,14.061],[93.365,14.062],[93.364,14.063],[93.364,14.063],[93.364,14.063],[93.364,14.064],[93.364,14.064],[93.364,14.064],[93.363,14.065],[93.363,14.066],[93.362,14.066],[93.362,14.066],[93.361,14.067],[93.361,14.069],[93.361,14.069],[93.361,14.07],[93.36,14.07],[93.36,14.071],[93.359,14.071],[93.359,14.071],[93.359,14.072],[93.358,14.072],[93.357,14.072],[93.356,14.072],[93.356,14.072],[93.355,14.072],[93.355,14.073],[93.354,14.073],[93.354,14.073],[93.354,14.073],[93.354,14.074],[93.353,14.075],[93.353,14.076],[93.353,14.076],[93.353,14.077],[93.352,14.077],[93.352,14.077],[93.353,14.078],[93.353,14.078],[93.353,14.078],[93.353,14.078],[93.354,14.079],[93.354,14.079],[93.355,14.08],[93.355,14.08],[93.355,14.081],[93.355,14.081],[93.355,14.082],[93.354,14.082],[93.354,14.083],[93.355,14.083],[93.355,14.083],[93.356,14.083],[93.356,14.083],[93.357,14.083],[93.357,14.083],[93.358,14.083],[93.358,14.083],[93.358,14.084],[93.358,14.084],[93.359,14.084],[93.359,14.084],[93.359,14.085],[93.359,14.085],[93.359,14.086],[93.359,14.088],[93.36,14.088],[93.36,14.089],[93.361,14.091],[93.361,14.091],[93.362,14.091],[93.362,14.092],[93.362,14.092],[93.362,14.093],[93.363,14.093],[93.363,14.093],[93.363,14.094],[93.363,14.094],[93.363,14.094],[93.363,14.095],[93.363,14.095],[93.363,14.096],[93.364,14.096],[93.364,14.097],[93.364,14.097],[93.364,14.097],[93.364,14.098],[93.364,14.098],[93.364,14.099],[93.363,14.1],[93.363,14.1],[93.363,14.101],[93.363,14.102],[93.363,14.102],[93.363,14.102],[93.363,14.103],[93.363,14.104],[93.363,14.104],[93.363,14.104],[93.363,14.105],[93.363,14.105],[93.363,14.106],[93.363,14.106],[93.363,14.106],[93.362,14.107],[93.362,14.108],[93.362,14.108],[93.362,14.109],[93.362,14.109],[93.362,14.11],[93.362,14.11],[93.362,14.113],[93.362,14.113],[93.362,14.114],[93.361,14.114],[93.361,14.114],[93.362,14.115],[93.362,14.116],[93.361,14.116],[93.361,14.116],[93.361,14.117],[93.361,14.118],[93.36,14.118],[93.36,14.119],[93.36,14.119],[93.36,14.12],[93.36,14.12],[93.36,14.12],[93.36,14.121],[93.36,14.121],[93.361,14.121],[93.361,14.122],[93.36,14.122],[93.36,14.123],[93.36,14.123],[93.36,14.124],[93.36,14.124],[93.36,14.124],[93.359,14.124],[93.359,14.125],[93.359,14.125],[93.359,14.127],[93.359,14.127],[93.359,14.127],[93.359,14.128],[93.359,14.129],[93.359,14.129],[93.359,14.129],[93.359,14.13],[93.358,14.13],[93.357,14.131],[93.357,14.131],[93.357,14.132],[93.357,14.132],[93.357,14.132],[93.357,14.133],[93.357,14.134],[93.357,14.134],[93.357,14.134],[93.357,14.135],[93.357,14.136],[93.357,14.136],[93.356,14.137],[93.356,14.138],[93.356,14.138],[93.355,14.141],[93.355,14.141],[93.355,14.142],[93.355,14.142],[93.354,14.143],[93.354,14.143],[93.354,14.144],[93.354,14.144],[93.354,14.144],[93.353,14.145],[93.353,14.146],[93.353,14.147],[93.354,14.148],[93.354,14.15],[93.354,14.15],[93.356,14.15],[93.357,14.15],[93.357,14.15],[93.357,14.15],[93.358,14.15],[93.359,14.152],[93.36,14.152],[93.363,14.156],[93.364,14.156],[93.364,14.156],[93.364,14.156],[93.365,14.156],[93.365,14.156],[93.365,14.157],[93.365,14.157],[93.366,14.157],[93.366,14.156],[93.366,14.156]]],[[[93.357,14.193],[93.357,14.192],[93.357,14.192],[93.358,14.192],[93.359,14.192],[93.359,14.192],[93.359,14.192],[93.36,14.192],[93.36,14.192],[93.36,14.192],[93.361,14.192],[93.361,14.192],[93.361,14.191],[93.361,14.191],[93.361,14.191],[93.36,14.19],[93.359,14.19],[93.359,14.19],[93.359,14.19],[93.359,14.189],[93.358,14.189],[93.358,14.189],[93.357,14.189],[93.357,14.189],[93.357,14.19],[93.356,14.19],[93.356,14.19],[93.356,14.19],[93.355,14.19],[93.355,14.191],[93.355,14.191],[93.355,14.191],[93.355,14.192],[93.356,14.192],[93.356,14.192],[93.356,14.193],[93.357,14.193]]],[[[93.37,14.193],[93.371,14.193],[93.371,14.193],[93.372,14.192],[93.372,14.192],[93.372,14.192],[93.372,14.191],[93.373,14.191],[93.373,14.19],[93.372,14.189],[93.372,14.189],[93.372,14.189],[93.372,14.188],[93.372,14.188],[93.372,14.188],[93.372,14.187],[93.372,14.187],[93.371,14.186],[93.371,14.186],[93.371,14.186],[93.371,14.185],[93.371,14.185],[93.371,14.184],[93.37,14.184],[93.37,14.184],[93.37,14.184],[93.37,14.183],[93.37,14.183],[93.37,14.183],[93.369,14.183],[93.369,14.182],[93.369,14.181],[93.369,14.181],[93.367,14.179],[93.367,14.179],[93.367,14.179],[93.366,14.18],[93.366,14.18],[93.366,14.181],[93.366,14.181],[93.365,14.182],[93.363,14.182],[93.363,14.182],[93.361,14.182],[93.36,14.183],[93.361,14.183],[93.361,14.186],[93.36,14.186],[93.36,14.186],[93.36,14.187],[93.36,14.187],[93.36,14.187],[93.36,14.188],[93.361,14.189],[93.363,14.189],[93.364,14.189],[93.364,14.19],[93.364,14.191],[93.364,14.191],[93.365,14.191],[93.365,14.191],[93.368,14.191],[93.369,14.192],[93.37,14.193],[93.37,14.193]]],[[[93.551,14.784],[93.55,14.784],[93.55,14.784],[93.549,14.785],[93.549,14.786],[93.549,14.786],[93.55,14.786],[93.55,14.787],[93.55,14.788],[93.55,14.788],[93.55,14.788],[93.551,14.788],[93.551,14.788],[93.551,14.785],[93.551,14.784],[93.551,14.784]]],[[[93.571,14.846],[93.571,14.846],[93.57,14.846],[93.57,14.847],[93.57,14.847],[93.569,14.848],[93.569,14.848],[93.569,14.848],[93.569,14.849],[93.569,14.849],[93.57,14.85],[93.57,14.849],[93.57,14.849],[93.571,14.849],[93.572,14.849],[93.572,14.848],[93.572,14.848],[93.572,14.847],[93.572,14.847],[93.572,14.847],[93.571,14.847],[93.571,14.846]]],[[[93.572,14.859],[93.572,14.859],[93.571,14.859],[93.571,14.859],[93.571,14.859],[93.57,14.86],[93.57,14.86],[93.57,14.86],[93.57,14.861],[93.57,14.861],[93.57,14.861],[93.571,14.861],[93.573,14.86],[93.573,14.86],[93.572,14.859]]],[[[93.573,14.87],[93.573,14.87],[93.573,14.869],[93.573,14.868],[93.572,14.868],[93.572,14.868],[93.572,14.869],[93.572,14.869],[93.571,14.869],[93.571,14.869],[93.571,14.869],[93.57,14.869],[93.57,14.87],[93.569,14.87],[93.569,14.87],[93.569,14.87],[93.569,14.87],[93.568,14.87],[93.568,14.871],[93.568,14.871],[93.569,14.872],[93.569,14.872],[93.57,14.872],[93.57,14.872],[93.57,14.872],[93.571,14.871],[93.571,14.871],[93.572,14.871],[93.572,14.871],[93.573,14.87]]],[[[93.641,14.902],[93.643,14.901],[93.643,14.901],[93.643,14.901],[93.643,14.899],[93.643,14.899],[93.643,14.898],[93.643,14.898],[93.643,14.898],[93.643,14.897],[93.643,14.897],[93.642,14.897],[93.642,14.897],[93.642,14.897],[93.641,14.897],[93.638,14.893],[93.638,14.893],[93.638,14.893],[93.638,14.892],[93.637,14.892],[93.637,14.892],[93.637,14.891],[93.637,14.891],[93.637,14.89],[93.637,14.89],[93.637,14.889],[93.637,14.889],[93.637,14.889],[93.637,14.888],[93.637,14.888],[93.637,14.887],[93.637,14.887],[93.637,14.886],[93.637,14.886],[93.637,14.886],[93.636,14.885],[93.636,14.884],[93.636,14.883],[93.636,14.882],[93.636,14.882],[93.636,14.881],[93.636,14.881],[93.636,14.88],[93.636,14.88],[93.636,14.88],[93.636,14.879],[93.636,14.879],[93.636,14.879],[93.636,14.878],[93.636,14.878],[93.636,14.877],[93.635,14.877],[93.635,14.876],[93.636,14.875],[93.636,14.875],[93.636,14.875],[93.636,14.874],[93.636,14.874],[93.636,14.874],[93.635,14.874],[93.635,14.874],[93.635,14.874],[93.634,14.874],[93.633,14.874],[93.633,14.874],[93.633,14.874],[93.632,14.873],[93.632,14.873],[93.631,14.873],[93.631,14.873],[93.631,14.872],[93.63,14.872],[93.629,14.871],[93.629,14.871],[93.629,14.871],[93.628,14.871],[93.628,14.87],[93.628,14.87],[93.626,14.868],[93.626,14.868],[93.625,14.868],[93.624,14.868],[93.623,14.866],[93.623,14.866],[93.622,14.865],[93.622,14.865],[93.622,14.864],[93.622,14.864],[93.622,14.864],[93.622,14.863],[93.622,14.863],[93.622,14.863],[93.621,14.862],[93.621,14.862],[93.621,14.862],[93.621,14.861],[93.619,14.86],[93.619,14.859],[93.619,14.859],[93.619,14.859],[93.619,14.858],[93.619,14.858],[93.618,14.858],[93.618,14.857],[93.618,14.857],[93.618,14.855],[93.618,14.855],[93.618,14.854],[93.617,14.854],[93.617,14.854],[93.617,14.853],[93.617,14.853],[93.616,14.853],[93.616,14.852],[93.616,14.852],[93.616,14.851],[93.616,14.851],[93.616,14.851],[93.614,14.849],[93.614,14.849],[93.614,14.849],[93.614,14.849],[93.613,14.847],[93.613,14.847],[93.613,14.847],[93.613,14.847],[93.612,14.846],[93.612,14.846],[93.612,14.845],[93.612,14.844],[93.611,14.844],[93.611,14.843],[93.612,14.843],[93.612,14.843],[93.612,14.842],[93.612,14.842],[93.613,14.841],[93.613,14.841],[93.612,14.84],[93.612,14.84],[93.612,14.839],[93.612,14.838],[93.612,14.838],[93.612,14.837],[93.612,14.837],[93.613,14.837],[93.613,14.836],[93.613,14.836],[93.613,14.836],[93.612,14.836],[93.611,14.836],[93.611,14.836],[93.611,14.837],[93.611,14.837],[93.61,14.837],[93.61,14.838],[93.61,14.839],[93.61,14.839],[93.609,14.84],[93.609,14.841],[93.609,14.842],[93.609,14.843],[93.609,14.843],[93.609,14.843],[93.609,14.844],[93.609,14.844],[93.609,14.845],[93.609,14.846],[93.609,14.847],[93.609,14.847],[93.609,14.847],[93.609,14.848],[93.609,14.848],[93.609,14.849],[93.61,14.849],[93.61,14.851],[93.61,14.851],[93.61,14.852],[93.61,14.852],[93.61,14.853],[93.611,14.853],[93.611,14.853],[93.611,14.854],[93.611,14.854],[93.611,14.855],[93.611,14.856],[93.611,14.857],[93.611,14.857],[93.611,14.857],[93.612,14.858],[93.612,14.859],[93.612,14.86],[93.612,14.862],[93.612,14.863],[93.612,14.863],[93.612,14.865],[93.612,14.865],[93.612,14.867],[93.612,14.868],[93.612,14.869],[93.612,14.87],[93.612,14.87],[93.613,14.871],[93.613,14.872],[93.613,14.872],[93.613,14.873],[93.613,14.874],[93.613,14.874],[93.614,14.874],[93.616,14.877],[93.616,14.878],[93.617,14.878],[93.617,14.878],[93.617,14.879],[93.617,14.879],[93.618,14.879],[93.618,14.879],[93.618,14.88],[93.618,14.88],[93.619,14.881],[93.619,14.881],[93.619,14.882],[93.619,14.882],[93.619,14.882],[93.619,14.882],[93.62,14.883],[93.62,14.883],[93.62,14.883],[93.62,14.884],[93.621,14.884],[93.621,14.885],[93.621,14.885],[93.621,14.885],[93.621,14.886],[93.621,14.886],[93.621,14.886],[93.621,14.887],[93.622,14.887],[93.622,14.887],[93.622,14.887],[93.622,14.888],[93.622,14.888],[93.622,14.888],[93.622,14.889],[93.622,14.889],[93.623,14.889],[93.623,14.89],[93.623,14.89],[93.623,14.891],[93.623,14.891],[93.623,14.892],[93.624,14.892],[93.624,14.893],[93.624,14.894],[93.624,14.895],[93.625,14.896],[93.625,14.897],[93.625,14.898],[93.625,14.898],[93.625,14.898],[93.628,14.901],[93.629,14.901],[93.629,14.901],[93.63,14.901],[93.63,14.901],[93.63,14.901],[93.631,14.901],[93.631,14.901],[93.631,14.9],[93.632,14.9],[93.632,14.9],[93.632,14.901],[93.633,14.901],[93.633,14.901],[93.634,14.901],[93.634,14.901],[93.636,14.901],[93.637,14.901],[93.637,14.901],[93.637,14.902],[93.637,14.902],[93.638,14.902],[93.638,14.902],[93.638,14.902],[93.639,14.902],[93.639,14.902],[93.639,14.902],[93.639,14.903],[93.64,14.903],[93.641,14.903],[93.641,14.902]]],[[[93.648,14.935],[93.649,14.934],[93.649,14.934],[93.65,14.934],[93.651,14.934],[93.652,14.933],[93.652,14.932],[93.652,14.931],[93.651,14.931],[93.651,14.93],[93.651,14.93],[93.65,14.93],[93.65,14.931],[93.649,14.931],[93.648,14.932],[93.648,14.933],[93.648,14.933],[93.648,14.933],[93.647,14.934],[93.646,14.934],[93.646,14.935],[93.646,14.935],[93.647,14.936],[93.647,14.936],[93.647,14.936],[93.648,14.935],[93.648,14.935],[93.648,14.935]]]]}},{"type":"Feature","properties":{"NAME_1":"Andaman and Nicobar","NAME_2":"Nicobar Islands"},"geometry":{"type":"MultiPolygon","coordinates":[[[[93.788,6.853],[93.788,6.853],[93.789,6.853],[93.789,6.852],[93.79,6.852],[93.79,6.852],[93.79,6.852],[93.791,6.852],[93.791,6.851],[93.791,6.851],[93.791,6.851],[93.79,6.85],[93.79,6.85],[93.789,6.85],[93.789,6.849],[93.788,6.849],[93.788,6.849],[93.788,6.848],[93.788,6.848],[93.787,6.848],[93.786,6.848],[93.786,6.848],[93.785,6.848],[93.784,6.849],[93.784,6.849],[93.785,6.85],[93.786,6.851],[93.787,6.851],[93.787,6.852],[93.787,6.852],[93.787,6.852],[93.787,6.852],[93.787,6.853],[93.788,6.853]]],[[[93.72,7.208],[93.72,7.207],[93.719,7.206],[93.719,7.206],[93.718,7.207],[93.717,7.207],[93.716,7.207],[93.716,7.207],[93.715,7.207],[93.715,7.207],[93.714,7.207],[93.713,7.207],[93.713,7.207],[93.712,7.208],[93.712,7.209],[93.712,7.209],[93.712,7.215],[93.711,7.216],[93.711,7.216],[93.711,7.217],[93.71,7.218],[93.71,7.219],[93.709,7.22],[93.709,7.222],[93.708,7.223],[93.708,7.224],[93.708,7.224],[93.708,7.224],[93.707,7.225],[93.707,7.225],[93.707,7.226],[93.707,7.226],[93.706,7.226],[93.706,7.227],[93.707,7.227],[93.707,7.228],[93.707,7.228],[93.707,7.228],[93.707,7.228],[93.707,7.229],[93.708,7.229],[93.708,7.23],[93.709,7.231],[93.709,7.231],[93.71,7.231],[93.71,7.231],[93.711,7.23],[93.711,7.23],[93.711,7.229],[93.711,7.228],[93.711,7.228],[93.712,7.227],[93.712,7.227],[93.712,7.227],[93.712,7.226],[93.713,7.226],[93.713,7.225],[93.714,7.225],[93.714,7.224],[93.714,7.222],[93.716,7.219],[93.716,7.219],[93.716,7.219],[93.716,7.218],[93.717,7.218],[93.717,7.218],[93.717,7.217],[93.717,7.217],[93.718,7.216],[93.719,7.216],[93.719,7.215],[93.72,7.215],[93.72,7.214],[93.721,7.214],[93.721,7.214],[93.722,7.213],[93.721,7.213],[93.721,7.212],[93.721,7.212],[93.72,7.211],[93.72,7.211],[93.72,7.211],[93.72,7.21],[93.72,7.21],[93.72,7.209],[93.72,7.208],[93.72,7.208]]],[[[93.848,7.24],[93.848,7.24],[93.848,7.239],[93.848,7.237],[93.848,7.237],[93.848,7.236],[93.848,7.236],[93.848,7.235],[93.848,7.235],[93.848,7.234],[93.848,7.234],[93.848,7.234],[93.848,7.233],[93.848,7.233],[93.848,7.233],[93.847,7.233],[93.847,7.232],[93.847,7.232],[93.846,7.232],[93.846,7.232],[93.846,7.232],[93.845,7.231],[93.845,7.231],[93.845,7.231],[93.843,7.229],[93.843,7.229],[93.842,7.229],[93.842,7.228],[93.843,7.227],[93.843,7.227],[93.843,7.226],[93.843,7.226],[93.843,7.226],[93.843,7.226],[93.843,7.225],[93.843,7.225],[93.843,7.224],[93.844,7.224],[93.844,7.224],[93.844,7.224],[93.844,7.223],[93.844,7.223],[93.844,7.221],[93.845,7.221],[93.845,7.22],[93.845,7.22],[93.845,7.219],[93.846,7.219],[93.846,7.219],[93.846,7.218],[93.846,7.218],[93.848,7.216],[93.848,7.216],[93.849,7.216],[93.849,7.216],[93.85,7.215],[93.85,7.215],[93.851,7.214],[93.851,7.214],[93.851,7.214],[93.852,7.214],[93.853,7.214],[93.854,7.214],[93.854,7.214],[93.856,7.214],[93.856,7.214],[93.857,7.214],[93.857,7.214],[93.857,7.214],[93.857,7.215],[93.858,7.215],[93.858,7.215],[93.858,7.216],[93.859,7.216],[93.859,7.216],[93.859,7.216],[93.859,7.217],[93.859,7.217],[93.859,7.217],[93.86,7.217],[93.86,7.217],[93.861,7.217],[93.861,7.217],[93.862,7.217],[93.863,7.217],[93.863,7.217],[93.863,7.216],[93.863,7.216],[93.864,7.216],[93.865,7.217],[93.866,7.217],[93.866,7.217],[93.867,7.218],[93.868,7.217],[93.869,7.217],[93.87,7.216],[93.87,7.216],[93.871,7.215],[93.871,7.215],[93.871,7.215],[93.871,7.214],[93.871,7.214],[93.871,7.213],[93.871,7.213],[93.872,7.212],[93.874,7.211],[93.874,7.21],[93.875,7.209],[93.875,7.208],[93.876,7.207],[93.876,7.206],[93.876,7.205],[93.877,7.205],[93.877,7.204],[93.878,7.203],[93.879,7.203],[93.879,7.203],[93.88,7.203],[93.881,7.204],[93.882,7.204],[93.882,7.204],[93.883,7.204],[93.883,7.203],[93.882,7.203],[93.882,7.202],[93.882,7.201],[93.882,7.2],[93.882,7.199],[93.882,7.199],[93.882,7.198],[93.881,7.196],[93.881,7.195],[93.881,7.194],[93.88,7.193],[93.881,7.193],[93.881,7.192],[93.882,7.191],[93.883,7.191],[93.883,7.19],[93.883,7.189],[93.884,7.188],[93.884,7.188],[93.884,7.187],[93.883,7.186],[93.883,7.185],[93.883,7.185],[93.884,7.184],[93.883,7.183],[93.883,7.182],[93.883,7.181],[93.883,7.181],[93.883,7.181],[93.883,7.18],[93.882,7.179],[93.882,7.179],[93.882,7.179],[93.882,7.179],[93.882,7.178],[93.881,7.178],[93.88,7.176],[93.88,7.175],[93.88,7.175],[93.88,7.173],[93.88,7.173],[93.88,7.172],[93.881,7.172],[93.881,7.171],[93.881,7.169],[93.882,7.169],[93.882,7.169],[93.883,7.168],[93.884,7.167],[93.885,7.167],[93.885,7.166],[93.885,7.165],[93.885,7.164],[93.884,7.164],[93.884,7.163],[93.884,7.163],[93.884,7.162],[93.884,7.161],[93.885,7.161],[93.885,7.16],[93.885,7.158],[93.886,7.157],[93.886,7.157],[93.886,7.156],[93.887,7.155],[93.887,7.154],[93.887,7.153],[93.888,7.152],[93.888,7.151],[93.888,7.15],[93.887,7.148],[93.887,7.146],[93.887,7.145],[93.887,7.145],[93.887,7.143],[93.887,7.143],[93.887,7.142],[93.887,7.141],[93.887,7.14],[93.887,7.14],[93.887,7.139],[93.887,7.139],[93.886,7.138],[93.886,7.138],[93.886,7.138],[93.886,7.137],[93.886,7.137],[93.886,7.137],[93.886,7.137],[93.886,7.136],[93.885,7.136],[93.885,7.136],[93.885,7.136],[93.885,7.135],[93.884,7.134],[93.885,7.134],[93.884,7.133],[93.884,7.131],[93.884,7.13],[93.885,7.129],[93.885,7.128],[93.885,7.127],[93.885,7.127],[93.886,7.126],[93.887,7.125],[93.888,7.125],[93.889,7.124],[93.889,7.124],[93.89,7.124],[93.89,7.123],[93.891,7.123],[93.891,7.122],[93.891,7.121],[93.891,7.12],[93.891,7.12],[93.891,7.118],[93.891,7.117],[93.891,7.117],[93.89,7.116],[93.89,7.116],[93.889,7.115],[93.889,7.114],[93.889,7.113],[93.888,7.112],[93.889,7.112],[93.889,7.111],[93.889,7.11],[93.888,7.109],[93.888,7.109],[93.887,7.108],[93.887,7.108],[93.887,7.108],[93.887,7.107],[93.886,7.107],[93.886,7.106],[93.886,7.106],[93.886,7.106],[93.886,7.106],[93.886,7.105],[93.886,7.105],[93.886,7.104],[93.885,7.103],[93.885,7.101],[93.886,7.1],[93.886,7.099],[93.886,7.099],[93.887,7.097],[93.887,7.096],[93.888,7.095],[93.888,7.094],[93.888,7.093],[93.888,7.088],[93.888,7.088],[93.888,7.086],[93.888,7.086],[93.888,7.086],[93.889,7.085],[93.889,7.085],[93.89,7.084],[93.89,7.083],[93.89,7.082],[93.89,7.081],[93.891,7.08],[93.892,7.08],[93.893,7.079],[93.893,7.079],[93.894,7.079],[93.895,7.079],[93.897,7.079],[93.898,7.079],[93.899,7.079],[93.899,7.079],[93.899,7.079],[93.9,7.078],[93.9,7.078],[93.9,7.078],[93.901,7.078],[93.901,7.078],[93.901,7.078],[93.901,7.077],[93.902,7.077],[93.902,7.077],[93.902,7.076],[93.903,7.076],[93.903,7.076],[93.903,7.075],[93.904,7.074],[93.904,7.073],[93.905,7.073],[93.905,7.072],[93.906,7.071],[93.906,7.071],[93.906,7.07],[93.906,7.07],[93.906,7.07],[93.907,7.068],[93.906,7.068],[93.906,7.067],[93.906,7.066],[93.906,7.065],[93.906,7.064],[93.906,7.064],[93.906,7.064],[93.906,7.063],[93.906,7.062],[93.906,7.062],[93.906,7.062],[93.906,7.062],[93.907,7.061],[93.907,7.061],[93.908,7.061],[93.908,7.061],[93.909,7.06],[93.909,7.059],[93.909,7.059],[93.909,7.059],[93.909,7.059],[93.909,7.058],[93.91,7.057],[93.91,7.057],[93.911,7.057],[93.911,7.056],[93.911,7.056],[93.911,7.056],[93.911,7.055],[93.911,7.053],[93.912,7.052],[93.913,7.052],[93.914,7.052],[93.914,7.051],[93.914,7.05],[93.914,7.05],[93.915,7.049],[93.916,7.049],[93.917,7.048],[93.917,7.047],[93.917,7.046],[93.917,7.045],[93.916,7.044],[93.915,7.044],[93.913,7.041],[93.913,7.041],[93.912,7.041],[93.912,7.041],[93.912,7.04],[93.912,7.039],[93.912,7.039],[93.913,7.038],[93.913,7.038],[93.913,7.038],[93.914,7.037],[93.914,7.037],[93.914,7.037],[93.914,7.036],[93.914,7.035],[93.914,7.035],[93.914,7.034],[93.915,7.034],[93.915,7.033],[93.915,7.033],[93.916,7.032],[93.917,7.031],[93.917,7.029],[93.916,7.029],[93.916,7.028],[93.916,7.028],[93.916,7.028],[93.916,7.027],[93.916,7.026],[93.916,7.026],[93.916,7.025],[93.918,7.024],[93.918,7.024],[93.918,7.023],[93.921,7.023],[93.921,7.024],[93.922,7.024],[93.922,7.024],[93.922,7.024],[93.923,7.024],[93.923,7.025],[93.924,7.025],[93.924,7.025],[93.924,7.025],[93.925,7.026],[93.925,7.026],[93.926,7.026],[93.926,7.026],[93.927,7.027],[93.927,7.027],[93.928,7.027],[93.929,7.027],[93.929,7.027],[93.931,7.025],[93.931,7.024],[93.932,7.023],[93.932,7.022],[93.933,7.022],[93.934,7.021],[93.934,7.021],[93.934,7.02],[93.935,7.02],[93.935,7.018],[93.935,7.018],[93.935,7.016],[93.935,7.016],[93.935,7.016],[93.935,7.015],[93.936,7.015],[93.936,7.014],[93.937,7.013],[93.938,7.012],[93.938,7.012],[93.939,7.011],[93.939,7.011],[93.94,7.011],[93.94,7.011],[93.94,7.01],[93.941,7.01],[93.942,7.01],[93.943,7.01],[93.944,7.01],[93.945,7.009],[93.946,7.009],[93.946,7.008],[93.946,7.007],[93.947,7.006],[93.947,7.006],[93.947,7.005],[93.947,7.004],[93.947,7.004],[93.947,7.003],[93.948,7.003],[93.948,7.003],[93.948,7.003],[93.948,7],[93.948,6.999],[93.948,6.999],[93.948,6.998],[93.948,6.998],[93.947,6.998],[93.947,6.997],[93.947,6.997],[93.947,6.997],[93.946,6.996],[93.946,6.996],[93.946,6.995],[93.946,6.995],[93.945,6.995],[93.945,6.994],[93.945,6.994],[93.945,6.994],[93.945,6.993],[93.944,6.993],[93.944,6.993],[93.943,6.993],[93.943,6.993],[93.943,6.993],[93.942,6.993],[93.942,6.994],[93.942,6.994],[93.942,6.994],[93.942,6.994],[93.941,6.994],[93.941,6.994],[93.941,6.996],[93.941,6.996],[93.941,6.996],[93.941,6.997],[93.94,6.997],[93.94,6.997],[93.94,6.997],[93.939,6.998],[93.939,6.998],[93.939,6.998],[93.938,6.998],[93.938,6.998],[93.938,6.998],[93.937,6.999],[93.937,6.999],[93.936,6.999],[93.936,6.999],[93.935,7],[93.934,7.001],[93.933,7.002],[93.932,7.004],[93.932,7.007],[93.93,7.009],[93.93,7.01],[93.928,7.011],[93.927,7.011],[93.926,7.011],[93.925,7.011],[93.923,7.01],[93.922,7.01],[93.921,7.009],[93.92,7.008],[93.919,7.007],[93.917,7.005],[93.916,7.004],[93.915,7.003],[93.914,7],[93.914,6.997],[93.914,6.996],[93.914,6.996],[93.914,6.995],[93.914,6.995],[93.914,6.995],[93.915,6.994],[93.915,6.994],[93.915,6.994],[93.916,6.994],[93.916,6.993],[93.916,6.993],[93.917,6.993],[93.918,6.993],[93.919,6.993],[93.919,6.993],[93.921,6.991],[93.921,6.991],[93.922,6.99],[93.922,6.99],[93.922,6.99],[93.923,6.99],[93.923,6.989],[93.924,6.989],[93.925,6.988],[93.925,6.988],[93.926,6.988],[93.926,6.988],[93.927,6.988],[93.928,6.986],[93.928,6.986],[93.928,6.986],[93.928,6.985],[93.929,6.985],[93.929,6.985],[93.929,6.984],[93.929,6.983],[93.929,6.983],[93.929,6.983],[93.929,6.982],[93.929,6.982],[93.929,6.981],[93.929,6.981],[93.929,6.981],[93.929,6.98],[93.928,6.98],[93.928,6.979],[93.928,6.978],[93.928,6.978],[93.928,6.977],[93.928,6.977],[93.928,6.977],[93.928,6.976],[93.928,6.975],[93.928,6.974],[93.929,6.974],[93.929,6.974],[93.929,6.973],[93.929,6.973],[93.931,6.972],[93.931,6.972],[93.932,6.971],[93.932,6.971],[93.933,6.971],[93.933,6.971],[93.933,6.97],[93.933,6.97],[93.933,6.969],[93.934,6.969],[93.934,6.969],[93.934,6.968],[93.934,6.968],[93.935,6.968],[93.935,6.967],[93.935,6.967],[93.935,6.966],[93.935,6.966],[93.935,6.965],[93.935,6.964],[93.935,6.964],[93.935,6.963],[93.936,6.963],[93.936,6.963],[93.936,6.963],[93.937,6.962],[93.937,6.962],[93.938,6.962],[93.939,6.961],[93.939,6.961],[93.94,6.961],[93.94,6.961],[93.94,6.961],[93.941,6.961],[93.941,6.961],[93.942,6.961],[93.942,6.96],[93.942,6.96],[93.943,6.96],[93.944,6.96],[93.944,6.96],[93.944,6.959],[93.945,6.958],[93.945,6.957],[93.945,6.957],[93.946,6.956],[93.945,6.955],[93.945,6.954],[93.945,6.953],[93.944,6.953],[93.944,6.953],[93.944,6.952],[93.943,6.951],[93.943,6.951],[93.942,6.95],[93.941,6.95],[93.941,6.95],[93.94,6.95],[93.939,6.95],[93.939,6.951],[93.938,6.951],[93.937,6.951],[93.937,6.951],[93.937,6.951],[93.936,6.951],[93.935,6.952],[93.935,6.952],[93.934,6.952],[93.934,6.953],[93.934,6.953],[93.934,6.953],[93.933,6.953],[93.933,6.953],[93.933,6.953],[93.933,6.953],[93.932,6.953],[93.932,6.954],[93.932,6.954],[93.931,6.954],[93.931,6.954],[93.931,6.954],[93.93,6.954],[93.93,6.955],[93.928,6.955],[93.927,6.955],[93.927,6.955],[93.927,6.954],[93.927,6.954],[93.926,6.954],[93.926,6.953],[93.926,6.953],[93.926,6.953],[93.924,6.951],[93.924,6.951],[93.924,6.951],[93.923,6.951],[93.923,6.951],[93.923,6.951],[93.922,6.95],[93.922,6.95],[93.921,6.95],[93.921,6.95],[93.92,6.949],[93.92,6.949],[93.92,6.948],[93.919,6.948],[93.919,6.948],[93.919,6.948],[93.919,6.948],[93.919,6.947],[93.918,6.947],[93.918,6.947],[93.918,6.947],[93.918,6.947],[93.918,6.946],[93.918,6.946],[93.918,6.945],[93.917,6.945],[93.917,6.944],[93.917,6.943],[93.917,6.943],[93.917,6.942],[93.918,6.941],[93.918,6.941],[93.918,6.941],[93.918,6.941],[93.918,6.939],[93.917,6.939],[93.917,6.938],[93.917,6.938],[93.917,6.938],[93.917,6.937],[93.918,6.937],[93.918,6.936],[93.917,6.936],[93.917,6.934],[93.918,6.934],[93.917,6.933],[93.917,6.932],[93.916,6.932],[93.916,6.932],[93.915,6.932],[93.915,6.932],[93.915,6.932],[93.914,6.933],[93.914,6.933],[93.913,6.933],[93.913,6.933],[93.913,6.933],[93.913,6.933],[93.912,6.933],[93.912,6.933],[93.912,6.932],[93.912,6.932],[93.911,6.932],[93.911,6.932],[93.911,6.932],[93.911,6.931],[93.91,6.931],[93.91,6.93],[93.91,6.93],[93.91,6.929],[93.909,6.929],[93.909,6.928],[93.909,6.927],[93.909,6.927],[93.909,6.927],[93.909,6.926],[93.91,6.926],[93.91,6.925],[93.91,6.925],[93.91,6.924],[93.91,6.924],[93.91,6.923],[93.911,6.923],[93.911,6.923],[93.911,6.922],[93.911,6.922],[93.912,6.921],[93.912,6.921],[93.913,6.92],[93.913,6.919],[93.913,6.919],[93.914,6.919],[93.914,6.918],[93.915,6.918],[93.915,6.918],[93.916,6.917],[93.916,6.916],[93.916,6.916],[93.916,6.915],[93.916,6.915],[93.916,6.914],[93.916,6.913],[93.916,6.912],[93.916,6.912],[93.915,6.911],[93.915,6.911],[93.914,6.91],[93.913,6.91],[93.913,6.909],[93.913,6.909],[93.913,6.908],[93.913,6.907],[93.912,6.907],[93.912,6.907],[93.911,6.906],[93.911,6.906],[93.91,6.906],[93.909,6.905],[93.909,6.905],[93.909,6.905],[93.909,6.905],[93.909,6.905],[93.908,6.905],[93.908,6.905],[93.908,6.906],[93.907,6.906],[93.907,6.906],[93.906,6.906],[93.906,6.906],[93.906,6.906],[93.905,6.907],[93.905,6.907],[93.905,6.907],[93.903,6.907],[93.903,6.907],[93.902,6.907],[93.902,6.907],[93.901,6.906],[93.901,6.906],[93.9,6.906],[93.9,6.906],[93.899,6.905],[93.899,6.905],[93.899,6.904],[93.898,6.903],[93.897,6.902],[93.897,6.902],[93.897,6.901],[93.898,6.9],[93.898,6.899],[93.899,6.898],[93.899,6.898],[93.9,6.898],[93.9,6.898],[93.9,6.897],[93.9,6.896],[93.9,6.895],[93.9,6.895],[93.899,6.894],[93.898,6.894],[93.897,6.893],[93.896,6.893],[93.896,6.892],[93.897,6.891],[93.897,6.89],[93.897,6.89],[93.897,6.89],[93.897,6.889],[93.897,6.889],[93.897,6.889],[93.898,6.888],[93.898,6.888],[93.899,6.888],[93.899,6.887],[93.9,6.887],[93.9,6.887],[93.9,6.886],[93.9,6.885],[93.9,6.884],[93.9,6.883],[93.9,6.883],[93.9,6.883],[93.901,6.882],[93.901,6.882],[93.902,6.881],[93.902,6.88],[93.902,6.88],[93.902,6.878],[93.902,6.877],[93.902,6.876],[93.902,6.875],[93.902,6.873],[93.901,6.872],[93.901,6.872],[93.9,6.871],[93.899,6.871],[93.897,6.87],[93.897,6.869],[93.897,6.869],[93.896,6.869],[93.896,6.869],[93.896,6.869],[93.896,6.868],[93.895,6.868],[93.895,6.868],[93.894,6.868],[93.894,6.867],[93.894,6.867],[93.894,6.867],[93.893,6.866],[93.893,6.866],[93.893,6.866],[93.893,6.863],[93.893,6.862],[93.893,6.861],[93.894,6.86],[93.894,6.859],[93.894,6.859],[93.894,6.858],[93.894,6.858],[93.894,6.857],[93.894,6.856],[93.895,6.855],[93.895,6.855],[93.894,6.855],[93.894,6.854],[93.894,6.854],[93.894,6.853],[93.894,6.853],[93.894,6.852],[93.894,6.852],[93.894,6.851],[93.893,6.851],[93.893,6.849],[93.894,6.849],[93.894,6.847],[93.894,6.847],[93.894,6.846],[93.894,6.846],[93.894,6.845],[93.895,6.844],[93.895,6.843],[93.896,6.843],[93.896,6.842],[93.896,6.841],[93.897,6.841],[93.897,6.841],[93.899,6.841],[93.899,6.841],[93.9,6.841],[93.9,6.841],[93.901,6.841],[93.901,6.84],[93.903,6.84],[93.903,6.841],[93.904,6.84],[93.905,6.84],[93.906,6.84],[93.906,6.84],[93.907,6.84],[93.908,6.839],[93.909,6.838],[93.909,6.838],[93.91,6.837],[93.91,6.836],[93.91,6.836],[93.91,6.835],[93.91,6.834],[93.91,6.832],[93.91,6.831],[93.909,6.83],[93.909,6.829],[93.908,6.828],[93.907,6.827],[93.906,6.826],[93.905,6.824],[93.905,6.824],[93.904,6.823],[93.904,6.823],[93.904,6.823],[93.903,6.822],[93.903,6.821],[93.902,6.821],[93.902,6.82],[93.902,6.82],[93.902,6.819],[93.902,6.818],[93.902,6.818],[93.902,6.817],[93.903,6.816],[93.903,6.815],[93.902,6.814],[93.902,6.814],[93.902,6.813],[93.901,6.813],[93.901,6.812],[93.9,6.812],[93.9,6.811],[93.899,6.81],[93.899,6.81],[93.899,6.809],[93.898,6.808],[93.898,6.807],[93.897,6.806],[93.897,6.805],[93.896,6.805],[93.896,6.804],[93.895,6.804],[93.893,6.804],[93.892,6.804],[93.892,6.804],[93.891,6.804],[93.89,6.804],[93.889,6.804],[93.889,6.804],[93.889,6.803],[93.888,6.802],[93.888,6.801],[93.888,6.8],[93.888,6.799],[93.888,6.799],[93.888,6.798],[93.887,6.797],[93.886,6.796],[93.886,6.795],[93.885,6.795],[93.884,6.795],[93.883,6.795],[93.883,6.794],[93.883,6.794],[93.883,6.793],[93.883,6.793],[93.883,6.793],[93.882,6.793],[93.882,6.793],[93.881,6.793],[93.881,6.793],[93.88,6.794],[93.88,6.795],[93.88,6.795],[93.88,6.796],[93.88,6.796],[93.879,6.796],[93.879,6.796],[93.879,6.797],[93.879,6.798],[93.879,6.798],[93.879,6.798],[93.879,6.799],[93.879,6.799],[93.879,6.801],[93.879,6.801],[93.879,6.802],[93.879,6.802],[93.879,6.802],[93.879,6.802],[93.879,6.803],[93.878,6.803],[93.878,6.804],[93.877,6.805],[93.877,6.805],[93.876,6.805],[93.876,6.805],[93.875,6.806],[93.875,6.806],[93.873,6.809],[93.873,6.809],[93.872,6.809],[93.872,6.81],[93.871,6.811],[93.871,6.811],[93.87,6.812],[93.87,6.813],[93.869,6.813],[93.869,6.813],[93.869,6.814],[93.869,6.814],[93.869,6.814],[93.869,6.815],[93.868,6.815],[93.868,6.815],[93.866,6.815],[93.865,6.815],[93.863,6.816],[93.862,6.816],[93.862,6.816],[93.861,6.816],[93.859,6.816],[93.859,6.816],[93.858,6.816],[93.856,6.816],[93.856,6.816],[93.855,6.815],[93.854,6.815],[93.854,6.816],[93.854,6.815],[93.853,6.815],[93.853,6.815],[93.853,6.816],[93.853,6.816],[93.853,6.817],[93.853,6.817],[93.852,6.816],[93.851,6.816],[93.851,6.816],[93.85,6.816],[93.85,6.815],[93.851,6.815],[93.851,6.814],[93.851,6.813],[93.851,6.813],[93.85,6.812],[93.85,6.812],[93.85,6.811],[93.849,6.81],[93.848,6.808],[93.848,6.807],[93.848,6.806],[93.848,6.804],[93.847,6.803],[93.847,6.802],[93.846,6.801],[93.846,6.801],[93.846,6.801],[93.846,6.799],[93.846,6.799],[93.846,6.799],[93.847,6.798],[93.847,6.798],[93.848,6.797],[93.847,6.796],[93.847,6.795],[93.847,6.794],[93.848,6.794],[93.848,6.793],[93.848,6.793],[93.849,6.793],[93.849,6.793],[93.849,6.792],[93.849,6.792],[93.849,6.791],[93.849,6.79],[93.848,6.79],[93.848,6.789],[93.848,6.789],[93.847,6.788],[93.847,6.787],[93.847,6.787],[93.847,6.786],[93.847,6.786],[93.847,6.785],[93.847,6.784],[93.847,6.784],[93.847,6.784],[93.847,6.783],[93.847,6.782],[93.847,6.781],[93.847,6.781],[93.847,6.78],[93.847,6.779],[93.846,6.778],[93.846,6.777],[93.845,6.776],[93.845,6.776],[93.844,6.775],[93.844,6.775],[93.843,6.774],[93.842,6.774],[93.842,6.773],[93.841,6.773],[93.841,6.772],[93.84,6.772],[93.84,6.771],[93.839,6.77],[93.839,6.77],[93.839,6.769],[93.839,6.769],[93.839,6.768],[93.838,6.767],[93.838,6.766],[93.838,6.765],[93.837,6.763],[93.837,6.763],[93.837,6.762],[93.837,6.761],[93.837,6.76],[93.837,6.759],[93.836,6.759],[93.836,6.758],[93.836,6.757],[93.835,6.756],[93.835,6.756],[93.834,6.755],[93.833,6.755],[93.832,6.755],[93.832,6.756],[93.831,6.756],[93.831,6.756],[93.83,6.755],[93.829,6.755],[93.828,6.754],[93.827,6.754],[93.826,6.755],[93.825,6.755],[93.824,6.755],[93.823,6.755],[93.822,6.756],[93.82,6.756],[93.819,6.756],[93.817,6.757],[93.816,6.758],[93.815,6.758],[93.814,6.759],[93.813,6.759],[93.812,6.76],[93.811,6.76],[93.81,6.761],[93.81,6.761],[93.81,6.762],[93.81,6.762],[93.81,6.762],[93.808,6.762],[93.807,6.762],[93.807,6.763],[93.806,6.763],[93.806,6.763],[93.806,6.763],[93.805,6.764],[93.805,6.765],[93.804,6.766],[93.804,6.766],[93.804,6.767],[93.804,6.768],[93.804,6.768],[93.804,6.769],[93.804,6.77],[93.805,6.771],[93.805,6.771],[93.805,6.772],[93.805,6.772],[93.806,6.773],[93.806,6.773],[93.807,6.774],[93.807,6.774],[93.808,6.774],[93.808,6.774],[93.809,6.775],[93.81,6.776],[93.811,6.777],[93.812,6.777],[93.812,6.777],[93.813,6.778],[93.813,6.778],[93.813,6.779],[93.813,6.779],[93.813,6.779],[93.813,6.78],[93.812,6.781],[93.812,6.781],[93.812,6.781],[93.811,6.781],[93.811,6.781],[93.81,6.782],[93.81,6.782],[93.809,6.783],[93.809,6.783],[93.809,6.784],[93.808,6.784],[93.808,6.784],[93.808,6.784],[93.808,6.786],[93.808,6.786],[93.808,6.787],[93.808,6.787],[93.808,6.788],[93.809,6.788],[93.809,6.789],[93.809,6.79],[93.809,6.79],[93.809,6.791],[93.81,6.791],[93.81,6.791],[93.81,6.791],[93.811,6.791],[93.811,6.791],[93.812,6.792],[93.812,6.793],[93.812,6.793],[93.812,6.794],[93.812,6.794],[93.812,6.795],[93.811,6.796],[93.811,6.796],[93.81,6.796],[93.81,6.796],[93.81,6.796],[93.809,6.796],[93.809,6.796],[93.809,6.796],[93.808,6.798],[93.808,6.799],[93.808,6.799],[93.808,6.799],[93.808,6.8],[93.808,6.8],[93.809,6.801],[93.809,6.803],[93.809,6.804],[93.809,6.804],[93.809,6.805],[93.808,6.805],[93.808,6.806],[93.809,6.807],[93.809,6.807],[93.809,6.807],[93.81,6.807],[93.81,6.807],[93.811,6.807],[93.812,6.807],[93.812,6.807],[93.813,6.807],[93.813,6.807],[93.813,6.808],[93.813,6.808],[93.814,6.808],[93.814,6.809],[93.814,6.809],[93.814,6.809],[93.815,6.811],[93.815,6.811],[93.816,6.811],[93.816,6.811],[93.816,6.812],[93.816,6.814],[93.816,6.814],[93.816,6.816],[93.815,6.816],[93.815,6.817],[93.814,6.818],[93.814,6.818],[93.814,6.818],[93.813,6.818],[93.813,6.818],[93.811,6.818],[93.811,6.818],[93.811,6.818],[93.809,6.817],[93.809,6.816],[93.809,6.816],[93.809,6.816],[93.809,6.816],[93.809,6.815],[93.808,6.814],[93.808,6.814],[93.806,6.813],[93.806,6.813],[93.806,6.812],[93.805,6.812],[93.805,6.812],[93.804,6.812],[93.804,6.812],[93.804,6.812],[93.803,6.813],[93.803,6.813],[93.802,6.813],[93.802,6.813],[93.801,6.814],[93.801,6.814],[93.799,6.816],[93.799,6.816],[93.797,6.818],[93.796,6.818],[93.796,6.819],[93.796,6.82],[93.796,6.82],[93.796,6.821],[93.796,6.821],[93.796,6.822],[93.795,6.823],[93.795,6.823],[93.795,6.824],[93.795,6.824],[93.793,6.826],[93.793,6.826],[93.793,6.826],[93.792,6.826],[93.791,6.827],[93.791,6.827],[93.791,6.827],[93.791,6.828],[93.79,6.828],[93.789,6.829],[93.788,6.829],[93.787,6.83],[93.787,6.831],[93.786,6.832],[93.786,6.834],[93.786,6.836],[93.786,6.837],[93.787,6.839],[93.787,6.839],[93.787,6.839],[93.788,6.84],[93.788,6.84],[93.787,6.841],[93.788,6.841],[93.787,6.841],[93.788,6.842],[93.788,6.842],[93.788,6.842],[93.788,6.843],[93.788,6.843],[93.789,6.843],[93.789,6.843],[93.79,6.843],[93.79,6.843],[93.79,6.844],[93.791,6.845],[93.791,6.845],[93.792,6.845],[93.792,6.846],[93.794,6.847],[93.794,6.848],[93.794,6.848],[93.794,6.849],[93.794,6.849],[93.794,6.85],[93.794,6.851],[93.794,6.851],[93.794,6.851],[93.793,6.851],[93.793,6.852],[93.793,6.852],[93.792,6.852],[93.792,6.852],[93.792,6.852],[93.791,6.852],[93.791,6.853],[93.791,6.853],[93.791,6.853],[93.791,6.854],[93.79,6.855],[93.79,6.855],[93.789,6.857],[93.788,6.857],[93.788,6.857],[93.788,6.857],[93.787,6.857],[93.787,6.857],[93.786,6.856],[93.786,6.855],[93.785,6.855],[93.785,6.855],[93.784,6.855],[93.784,6.855],[93.783,6.855],[93.783,6.855],[93.783,6.855],[93.782,6.854],[93.781,6.855],[93.781,6.855],[93.78,6.856],[93.779,6.857],[93.779,6.858],[93.778,6.859],[93.778,6.859],[93.778,6.86],[93.778,6.86],[93.777,6.861],[93.777,6.861],[93.777,6.862],[93.776,6.862],[93.776,6.862],[93.776,6.863],[93.775,6.863],[93.775,6.863],[93.774,6.864],[93.774,6.864],[93.774,6.865],[93.774,6.865],[93.773,6.865],[93.773,6.866],[93.773,6.866],[93.773,6.866],[93.773,6.867],[93.775,6.868],[93.775,6.869],[93.775,6.869],[93.775,6.869],[93.776,6.87],[93.776,6.87],[93.775,6.87],[93.775,6.871],[93.775,6.871],[93.775,6.872],[93.774,6.872],[93.774,6.873],[93.774,6.873],[93.774,6.874],[93.774,6.874],[93.773,6.874],[93.773,6.875],[93.772,6.875],[93.772,6.876],[93.772,6.876],[93.772,6.877],[93.772,6.877],[93.772,6.877],[93.772,6.878],[93.773,6.878],[93.774,6.878],[93.774,6.878],[93.774,6.878],[93.775,6.878],[93.776,6.879],[93.776,6.879],[93.776,6.879],[93.776,6.879],[93.777,6.88],[93.777,6.88],[93.777,6.881],[93.778,6.881],[93.778,6.88],[93.778,6.88],[93.779,6.881],[93.779,6.881],[93.779,6.881],[93.779,6.881],[93.78,6.882],[93.78,6.882],[93.78,6.882],[93.78,6.882],[93.78,6.883],[93.78,6.883],[93.78,6.884],[93.78,6.884],[93.78,6.884],[93.779,6.884],[93.778,6.884],[93.778,6.884],[93.777,6.884],[93.777,6.885],[93.777,6.885],[93.778,6.886],[93.778,6.886],[93.78,6.888],[93.78,6.888],[93.781,6.889],[93.781,6.889],[93.781,6.889],[93.781,6.89],[93.78,6.891],[93.78,6.891],[93.779,6.891],[93.779,6.891],[93.779,6.891],[93.779,6.891],[93.779,6.891],[93.778,6.891],[93.778,6.891],[93.778,6.891],[93.778,6.891],[93.777,6.891],[93.777,6.891],[93.776,6.891],[93.775,6.892],[93.775,6.892],[93.774,6.893],[93.773,6.893],[93.772,6.894],[93.772,6.894],[93.771,6.894],[93.771,6.895],[93.772,6.896],[93.772,6.896],[93.772,6.896],[93.771,6.897],[93.77,6.897],[93.77,6.896],[93.769,6.896],[93.769,6.895],[93.769,6.895],[93.768,6.895],[93.768,6.895],[93.768,6.896],[93.768,6.896],[93.768,6.897],[93.768,6.897],[93.767,6.898],[93.767,6.898],[93.767,6.899],[93.767,6.899],[93.767,6.9],[93.767,6.9],[93.767,6.9],[93.768,6.901],[93.768,6.901],[93.768,6.902],[93.768,6.902],[93.768,6.902],[93.767,6.903],[93.767,6.903],[93.767,6.903],[93.767,6.903],[93.766,6.903],[93.766,6.904],[93.766,6.904],[93.766,6.904],[93.765,6.904],[93.765,6.905],[93.765,6.905],[93.764,6.906],[93.764,6.906],[93.764,6.906],[93.764,6.907],[93.763,6.908],[93.764,6.909],[93.764,6.909],[93.765,6.909],[93.765,6.909],[93.766,6.909],[93.766,6.909],[93.766,6.91],[93.766,6.91],[93.766,6.911],[93.766,6.911],[93.766,6.912],[93.766,6.913],[93.766,6.913],[93.766,6.914],[93.766,6.914],[93.766,6.914],[93.766,6.915],[93.766,6.915],[93.764,6.916],[93.763,6.916],[93.763,6.916],[93.762,6.916],[93.762,6.916],[93.76,6.914],[93.759,6.914],[93.759,6.913],[93.758,6.913],[93.757,6.912],[93.757,6.911],[93.757,6.911],[93.757,6.91],[93.756,6.909],[93.756,6.909],[93.754,6.907],[93.754,6.907],[93.753,6.907],[93.752,6.907],[93.752,6.908],[93.752,6.908],[93.751,6.908],[93.751,6.908],[93.751,6.908],[93.75,6.909],[93.75,6.909],[93.75,6.909],[93.75,6.91],[93.749,6.911],[93.749,6.912],[93.748,6.912],[93.748,6.913],[93.748,6.913],[93.748,6.914],[93.747,6.914],[93.747,6.914],[93.747,6.915],[93.747,6.915],[93.747,6.916],[93.747,6.916],[93.747,6.916],[93.747,6.917],[93.747,6.918],[93.747,6.918],[93.747,6.918],[93.744,6.921],[93.744,6.921],[93.744,6.921],[93.744,6.922],[93.743,6.922],[93.743,6.923],[93.743,6.923],[93.743,6.924],[93.743,6.924],[93.743,6.924],[93.742,6.924],[93.742,6.925],[93.742,6.925],[93.742,6.927],[93.742,6.927],[93.742,6.927],[93.742,6.928],[93.743,6.928],[93.743,6.929],[93.743,6.929],[93.743,6.929],[93.744,6.929],[93.744,6.929],[93.744,6.929],[93.745,6.93],[93.745,6.93],[93.746,6.929],[93.746,6.929],[93.747,6.929],[93.747,6.929],[93.748,6.929],[93.748,6.928],[93.748,6.928],[93.749,6.929],[93.75,6.929],[93.75,6.929],[93.751,6.929],[93.751,6.929],[93.751,6.93],[93.751,6.93],[93.751,6.931],[93.751,6.931],[93.751,6.931],[93.751,6.932],[93.751,6.932],[93.751,6.933],[93.751,6.933],[93.751,6.933],[93.751,6.934],[93.752,6.935],[93.752,6.936],[93.752,6.937],[93.752,6.939],[93.751,6.94],[93.751,6.94],[93.749,6.942],[93.749,6.942],[93.75,6.942],[93.75,6.943],[93.75,6.943],[93.751,6.944],[93.751,6.944],[93.751,6.945],[93.751,6.946],[93.75,6.946],[93.75,6.947],[93.75,6.948],[93.75,6.949],[93.749,6.95],[93.748,6.95],[93.748,6.95],[93.748,6.95],[93.747,6.95],[93.747,6.95],[93.747,6.951],[93.747,6.952],[93.746,6.952],[93.746,6.952],[93.747,6.952],[93.747,6.953],[93.747,6.954],[93.747,6.954],[93.748,6.954],[93.748,6.955],[93.749,6.955],[93.749,6.956],[93.748,6.957],[93.748,6.957],[93.747,6.957],[93.747,6.958],[93.747,6.958],[93.746,6.959],[93.746,6.959],[93.746,6.96],[93.746,6.96],[93.746,6.96],[93.746,6.961],[93.746,6.961],[93.746,6.961],[93.745,6.962],[93.745,6.962],[93.745,6.963],[93.744,6.963],[93.744,6.963],[93.744,6.963],[93.743,6.963],[93.743,6.963],[93.742,6.963],[93.742,6.963],[93.739,6.96],[93.739,6.96],[93.739,6.96],[93.739,6.96],[93.738,6.959],[93.736,6.959],[93.736,6.959],[93.736,6.959],[93.735,6.96],[93.735,6.96],[93.735,6.961],[93.735,6.961],[93.735,6.961],[93.735,6.962],[93.735,6.963],[93.735,6.964],[93.735,6.964],[93.735,6.966],[93.734,6.967],[93.733,6.967],[93.732,6.968],[93.732,6.968],[93.731,6.969],[93.731,6.97],[93.731,6.971],[93.732,6.972],[93.732,6.972],[93.732,6.973],[93.732,6.973],[93.732,6.974],[93.733,6.974],[93.733,6.975],[93.733,6.975],[93.733,6.975],[93.733,6.976],[93.733,6.976],[93.733,6.977],[93.734,6.977],[93.733,6.977],[93.733,6.978],[93.733,6.978],[93.733,6.978],[93.733,6.979],[93.733,6.979],[93.733,6.98],[93.732,6.98],[93.732,6.98],[93.732,6.981],[93.731,6.981],[93.731,6.981],[93.731,6.982],[93.731,6.982],[93.73,6.983],[93.73,6.983],[93.73,6.984],[93.73,6.984],[93.729,6.985],[93.729,6.985],[93.729,6.985],[93.728,6.986],[93.728,6.986],[93.727,6.986],[93.727,6.987],[93.726,6.988],[93.726,6.988],[93.726,6.989],[93.725,6.989],[93.725,6.989],[93.724,6.99],[93.724,6.991],[93.723,6.991],[93.723,6.992],[93.722,6.992],[93.721,6.992],[93.721,6.993],[93.72,6.993],[93.719,6.993],[93.718,6.994],[93.717,6.994],[93.717,6.994],[93.716,6.994],[93.716,6.994],[93.715,6.993],[93.715,6.993],[93.714,6.993],[93.714,6.992],[93.712,6.993],[93.712,6.993],[93.711,6.993],[93.711,6.992],[93.71,6.992],[93.71,6.991],[93.71,6.991],[93.709,6.99],[93.708,6.99],[93.707,6.99],[93.707,6.99],[93.706,6.99],[93.705,6.99],[93.705,6.991],[93.704,6.992],[93.703,6.993],[93.703,6.995],[93.704,6.996],[93.704,6.996],[93.705,6.996],[93.705,6.997],[93.706,6.997],[93.706,6.997],[93.706,6.998],[93.706,6.999],[93.706,7],[93.706,7],[93.706,7],[93.706,7.001],[93.706,7.001],[93.705,7.002],[93.705,7.002],[93.705,7.003],[93.705,7.003],[93.705,7.003],[93.705,7.003],[93.704,7.004],[93.704,7.004],[93.704,7.004],[93.704,7.004],[93.704,7.005],[93.704,7.005],[93.704,7.005],[93.704,7.006],[93.703,7.006],[93.703,7.006],[93.703,7.006],[93.703,7.007],[93.702,7.008],[93.702,7.008],[93.701,7.009],[93.701,7.009],[93.701,7.009],[93.701,7.009],[93.701,7.01],[93.7,7.01],[93.7,7.011],[93.7,7.011],[93.7,7.011],[93.699,7.012],[93.699,7.012],[93.698,7.012],[93.698,7.012],[93.698,7.013],[93.697,7.013],[93.696,7.014],[93.696,7.014],[93.695,7.014],[93.695,7.014],[93.695,7.014],[93.695,7.015],[93.694,7.015],[93.694,7.015],[93.693,7.015],[93.692,7.016],[93.691,7.016],[93.69,7.016],[93.689,7.017],[93.688,7.017],[93.688,7.018],[93.688,7.018],[93.688,7.018],[93.687,7.018],[93.687,7.018],[93.686,7.018],[93.686,7.018],[93.686,7.018],[93.686,7.018],[93.684,7.018],[93.683,7.018],[93.682,7.018],[93.682,7.018],[93.681,7.018],[93.681,7.017],[93.68,7.017],[93.68,7.017],[93.68,7.017],[93.679,7.017],[93.679,7.016],[93.677,7.016],[93.677,7.016],[93.677,7.015],[93.677,7.013],[93.676,7.012],[93.676,7.011],[93.675,7.01],[93.675,7.009],[93.675,7.008],[93.675,7.007],[93.675,7.005],[93.674,7.004],[93.673,7.003],[93.672,7.003],[93.668,7.003],[93.667,7.003],[93.666,7.004],[93.665,7.004],[93.664,7.005],[93.664,7.006],[93.663,7.007],[93.663,7.008],[93.663,7.008],[93.663,7.009],[93.663,7.009],[93.663,7.01],[93.664,7.01],[93.664,7.011],[93.664,7.011],[93.665,7.011],[93.666,7.011],[93.667,7.011],[93.668,7.011],[93.669,7.012],[93.669,7.012],[93.669,7.012],[93.67,7.013],[93.67,7.015],[93.67,7.015],[93.67,7.016],[93.67,7.016],[93.67,7.016],[93.67,7.018],[93.67,7.019],[93.67,7.019],[93.67,7.02],[93.671,7.021],[93.672,7.021],[93.672,7.021],[93.673,7.021],[93.674,7.022],[93.674,7.022],[93.674,7.022],[93.674,7.024],[93.673,7.025],[93.673,7.025],[93.672,7.026],[93.672,7.026],[93.672,7.026],[93.671,7.026],[93.67,7.028],[93.67,7.028],[93.669,7.029],[93.669,7.029],[93.669,7.03],[93.669,7.031],[93.67,7.031],[93.67,7.031],[93.671,7.032],[93.672,7.032],[93.673,7.033],[93.673,7.035],[93.673,7.036],[93.673,7.037],[93.671,7.039],[93.671,7.039],[93.67,7.039],[93.67,7.039],[93.67,7.039],[93.669,7.039],[93.669,7.039],[93.669,7.04],[93.668,7.04],[93.668,7.04],[93.668,7.04],[93.667,7.04],[93.667,7.04],[93.665,7.042],[93.665,7.043],[93.665,7.044],[93.665,7.045],[93.665,7.047],[93.664,7.048],[93.664,7.049],[93.665,7.05],[93.666,7.051],[93.666,7.051],[93.666,7.051],[93.667,7.052],[93.667,7.053],[93.668,7.055],[93.667,7.057],[93.668,7.059],[93.668,7.06],[93.667,7.06],[93.667,7.06],[93.668,7.061],[93.668,7.061],[93.668,7.061],[93.668,7.062],[93.668,7.062],[93.668,7.064],[93.668,7.064],[93.669,7.065],[93.669,7.066],[93.668,7.067],[93.668,7.067],[93.663,7.067],[93.662,7.068],[93.662,7.069],[93.662,7.069],[93.662,7.07],[93.662,7.07],[93.662,7.07],[93.663,7.071],[93.663,7.071],[93.663,7.071],[93.663,7.073],[93.664,7.073],[93.664,7.074],[93.665,7.075],[93.665,7.075],[93.666,7.075],[93.666,7.076],[93.666,7.076],[93.666,7.076],[93.667,7.077],[93.667,7.077],[93.668,7.077],[93.668,7.078],[93.668,7.078],[93.669,7.079],[93.669,7.079],[93.67,7.08],[93.67,7.08],[93.67,7.08],[93.67,7.081],[93.67,7.081],[93.67,7.082],[93.67,7.082],[93.67,7.083],[93.67,7.083],[93.67,7.084],[93.668,7.086],[93.668,7.086],[93.667,7.086],[93.667,7.086],[93.666,7.087],[93.666,7.087],[93.666,7.086],[93.665,7.086],[93.665,7.086],[93.665,7.086],[93.664,7.086],[93.664,7.086],[93.664,7.086],[93.664,7.086],[93.663,7.085],[93.663,7.085],[93.663,7.085],[93.661,7.085],[93.661,7.086],[93.661,7.086],[93.66,7.086],[93.66,7.087],[93.66,7.088],[93.66,7.09],[93.659,7.091],[93.659,7.091],[93.658,7.092],[93.658,7.093],[93.658,7.094],[93.657,7.095],[93.657,7.096],[93.657,7.098],[93.657,7.098],[93.657,7.099],[93.657,7.1],[93.658,7.1],[93.658,7.101],[93.658,7.101],[93.658,7.101],[93.658,7.102],[93.659,7.102],[93.659,7.102],[93.659,7.102],[93.66,7.102],[93.66,7.103],[93.662,7.103],[93.662,7.103],[93.662,7.103],[93.663,7.103],[93.663,7.103],[93.664,7.103],[93.664,7.103],[93.664,7.103],[93.664,7.103],[93.665,7.103],[93.666,7.103],[93.666,7.104],[93.666,7.104],[93.667,7.104],[93.667,7.105],[93.669,7.107],[93.669,7.107],[93.67,7.108],[93.67,7.108],[93.67,7.108],[93.671,7.108],[93.671,7.108],[93.672,7.108],[93.672,7.109],[93.672,7.109],[93.672,7.109],[93.673,7.109],[93.674,7.11],[93.674,7.11],[93.674,7.111],[93.674,7.111],[93.674,7.112],[93.675,7.112],[93.675,7.113],[93.674,7.113],[93.674,7.113],[93.674,7.113],[93.674,7.114],[93.673,7.115],[93.673,7.115],[93.672,7.115],[93.672,7.115],[93.672,7.116],[93.671,7.115],[93.671,7.116],[93.671,7.116],[93.67,7.117],[93.669,7.117],[93.669,7.117],[93.669,7.117],[93.669,7.117],[93.668,7.117],[93.668,7.117],[93.668,7.117],[93.666,7.116],[93.666,7.115],[93.665,7.115],[93.665,7.115],[93.664,7.114],[93.664,7.113],[93.663,7.112],[93.662,7.112],[93.662,7.111],[93.661,7.111],[93.661,7.112],[93.661,7.112],[93.66,7.112],[93.66,7.112],[93.659,7.112],[93.659,7.112],[93.658,7.112],[93.658,7.112],[93.658,7.113],[93.657,7.114],[93.657,7.115],[93.656,7.115],[93.656,7.116],[93.656,7.116],[93.656,7.116],[93.656,7.116],[93.656,7.117],[93.656,7.117],[93.656,7.117],[93.656,7.12],[93.656,7.12],[93.656,7.121],[93.656,7.121],[93.656,7.122],[93.656,7.123],[93.656,7.125],[93.656,7.125],[93.656,7.125],[93.656,7.126],[93.656,7.126],[93.656,7.127],[93.656,7.127],[93.656,7.127],[93.656,7.128],[93.657,7.128],[93.657,7.128],[93.658,7.129],[93.658,7.129],[93.658,7.129],[93.659,7.129],[93.659,7.13],[93.659,7.13],[93.662,7.13],[93.663,7.13],[93.663,7.13],[93.664,7.13],[93.665,7.131],[93.665,7.131],[93.666,7.132],[93.666,7.133],[93.666,7.133],[93.667,7.134],[93.667,7.137],[93.667,7.139],[93.668,7.139],[93.668,7.14],[93.669,7.139],[93.67,7.14],[93.67,7.139],[93.67,7.138],[93.671,7.138],[93.672,7.138],[93.673,7.137],[93.673,7.138],[93.673,7.138],[93.674,7.138],[93.674,7.138],[93.675,7.139],[93.675,7.14],[93.676,7.14],[93.676,7.14],[93.676,7.141],[93.677,7.143],[93.677,7.144],[93.677,7.144],[93.677,7.145],[93.677,7.145],[93.677,7.145],[93.677,7.145],[93.677,7.146],[93.677,7.146],[93.677,7.146],[93.678,7.147],[93.677,7.147],[93.678,7.147],[93.678,7.148],[93.678,7.149],[93.678,7.149],[93.678,7.15],[93.678,7.15],[93.678,7.151],[93.678,7.151],[93.678,7.152],[93.678,7.152],[93.678,7.153],[93.678,7.155],[93.678,7.155],[93.678,7.156],[93.678,7.156],[93.678,7.156],[93.678,7.157],[93.677,7.158],[93.676,7.158],[93.675,7.16],[93.675,7.16],[93.674,7.16],[93.674,7.161],[93.674,7.162],[93.674,7.163],[93.674,7.166],[93.675,7.166],[93.675,7.168],[93.675,7.168],[93.675,7.168],[93.675,7.168],[93.675,7.171],[93.676,7.171],[93.676,7.171],[93.676,7.171],[93.676,7.173],[93.676,7.173],[93.676,7.174],[93.674,7.175],[93.674,7.175],[93.673,7.176],[93.673,7.176],[93.673,7.176],[93.674,7.176],[93.675,7.176],[93.675,7.177],[93.675,7.177],[93.676,7.178],[93.676,7.179],[93.677,7.179],[93.677,7.179],[93.677,7.18],[93.678,7.18],[93.679,7.181],[93.679,7.181],[93.681,7.183],[93.682,7.183],[93.682,7.183],[93.683,7.183],[93.684,7.183],[93.684,7.184],[93.684,7.184],[93.684,7.186],[93.684,7.186],[93.684,7.186],[93.684,7.186],[93.684,7.187],[93.685,7.187],[93.684,7.188],[93.685,7.188],[93.685,7.188],[93.685,7.189],[93.685,7.189],[93.686,7.19],[93.686,7.19],[93.686,7.19],[93.687,7.19],[93.687,7.19],[93.687,7.19],[93.688,7.19],[93.688,7.191],[93.689,7.191],[93.69,7.191],[93.691,7.191],[93.692,7.191],[93.692,7.192],[93.692,7.192],[93.693,7.191],[93.693,7.191],[93.693,7.19],[93.693,7.19],[93.694,7.19],[93.695,7.19],[93.696,7.19],[93.696,7.19],[93.696,7.19],[93.697,7.19],[93.697,7.19],[93.697,7.189],[93.698,7.189],[93.699,7.189],[93.7,7.189],[93.701,7.189],[93.701,7.189],[93.701,7.189],[93.702,7.189],[93.702,7.189],[93.703,7.19],[93.703,7.19],[93.704,7.191],[93.705,7.191],[93.705,7.191],[93.705,7.191],[93.706,7.191],[93.706,7.191],[93.706,7.191],[93.706,7.191],[93.707,7.192],[93.707,7.192],[93.708,7.192],[93.708,7.192],[93.709,7.191],[93.709,7.191],[93.71,7.191],[93.71,7.191],[93.711,7.191],[93.711,7.192],[93.711,7.192],[93.712,7.192],[93.712,7.192],[93.712,7.192],[93.713,7.192],[93.713,7.192],[93.714,7.192],[93.714,7.192],[93.715,7.192],[93.715,7.191],[93.716,7.191],[93.716,7.191],[93.716,7.191],[93.717,7.191],[93.717,7.191],[93.718,7.19],[93.719,7.19],[93.718,7.189],[93.719,7.189],[93.719,7.188],[93.719,7.188],[93.719,7.188],[93.72,7.187],[93.72,7.188],[93.721,7.188],[93.722,7.187],[93.722,7.187],[93.722,7.187],[93.723,7.187],[93.723,7.187],[93.723,7.187],[93.724,7.187],[93.724,7.187],[93.724,7.186],[93.725,7.186],[93.725,7.186],[93.725,7.186],[93.726,7.186],[93.726,7.186],[93.726,7.186],[93.727,7.186],[93.727,7.186],[93.728,7.186],[93.728,7.187],[93.728,7.187],[93.729,7.187],[93.729,7.187],[93.73,7.187],[93.73,7.187],[93.731,7.187],[93.732,7.187],[93.732,7.187],[93.734,7.187],[93.734,7.187],[93.735,7.188],[93.736,7.189],[93.736,7.19],[93.737,7.19],[93.739,7.191],[93.74,7.193],[93.74,7.193],[93.741,7.194],[93.741,7.194],[93.744,7.198],[93.744,7.198],[93.745,7.199],[93.745,7.199],[93.746,7.2],[93.747,7.201],[93.748,7.201],[93.748,7.201],[93.749,7.201],[93.749,7.202],[93.749,7.202],[93.75,7.203],[93.751,7.203],[93.751,7.203],[93.752,7.203],[93.752,7.202],[93.753,7.202],[93.753,7.202],[93.753,7.202],[93.754,7.202],[93.754,7.203],[93.754,7.203],[93.754,7.204],[93.754,7.204],[93.753,7.204],[93.753,7.206],[93.752,7.206],[93.752,7.207],[93.752,7.207],[93.752,7.208],[93.753,7.208],[93.753,7.209],[93.754,7.21],[93.754,7.21],[93.754,7.21],[93.754,7.211],[93.755,7.211],[93.756,7.211],[93.756,7.212],[93.757,7.212],[93.757,7.212],[93.759,7.213],[93.759,7.213],[93.76,7.214],[93.76,7.214],[93.76,7.214],[93.76,7.214],[93.761,7.214],[93.761,7.214],[93.762,7.214],[93.762,7.214],[93.762,7.214],[93.762,7.214],[93.763,7.214],[93.763,7.214],[93.763,7.213],[93.764,7.213],[93.764,7.214],[93.765,7.214],[93.765,7.214],[93.766,7.214],[93.766,7.214],[93.766,7.214],[93.767,7.214],[93.766,7.213],[93.765,7.212],[93.765,7.212],[93.764,7.212],[93.764,7.211],[93.764,7.21],[93.765,7.21],[93.765,7.209],[93.766,7.209],[93.767,7.208],[93.767,7.208],[93.768,7.208],[93.769,7.207],[93.77,7.207],[93.77,7.207],[93.771,7.207],[93.773,7.207],[93.773,7.207],[93.774,7.207],[93.774,7.207],[93.775,7.207],[93.775,7.207],[93.776,7.207],[93.777,7.209],[93.777,7.209],[93.778,7.21],[93.778,7.21],[93.777,7.21],[93.777,7.211],[93.777,7.211],[93.777,7.211],[93.777,7.212],[93.778,7.212],[93.779,7.212],[93.78,7.212],[93.78,7.212],[93.782,7.212],[93.783,7.212],[93.783,7.213],[93.784,7.213],[93.784,7.213],[93.785,7.213],[93.785,7.212],[93.786,7.212],[93.786,7.212],[93.787,7.211],[93.789,7.211],[93.79,7.211],[93.791,7.212],[93.792,7.212],[93.792,7.213],[93.793,7.213],[93.793,7.213],[93.794,7.212],[93.794,7.212],[93.794,7.211],[93.794,7.21],[93.795,7.21],[93.796,7.21],[93.797,7.21],[93.797,7.209],[93.798,7.209],[93.798,7.209],[93.798,7.208],[93.799,7.208],[93.799,7.207],[93.799,7.207],[93.8,7.206],[93.801,7.206],[93.802,7.206],[93.802,7.206],[93.802,7.206],[93.802,7.205],[93.802,7.204],[93.801,7.203],[93.801,7.203],[93.801,7.203],[93.803,7.201],[93.803,7.202],[93.803,7.202],[93.803,7.203],[93.803,7.203],[93.804,7.203],[93.804,7.204],[93.804,7.204],[93.804,7.204],[93.804,7.204],[93.804,7.205],[93.804,7.206],[93.804,7.207],[93.804,7.208],[93.804,7.208],[93.803,7.209],[93.803,7.21],[93.803,7.21],[93.802,7.21],[93.802,7.211],[93.803,7.212],[93.804,7.212],[93.804,7.212],[93.805,7.212],[93.806,7.212],[93.806,7.211],[93.806,7.211],[93.807,7.21],[93.807,7.21],[93.808,7.211],[93.808,7.211],[93.808,7.211],[93.808,7.212],[93.809,7.212],[93.809,7.212],[93.809,7.212],[93.81,7.212],[93.81,7.212],[93.811,7.212],[93.811,7.212],[93.812,7.213],[93.812,7.213],[93.812,7.214],[93.811,7.214],[93.811,7.215],[93.811,7.215],[93.81,7.215],[93.809,7.215],[93.808,7.215],[93.808,7.215],[93.808,7.215],[93.807,7.216],[93.807,7.216],[93.807,7.217],[93.807,7.217],[93.807,7.218],[93.806,7.218],[93.806,7.219],[93.806,7.219],[93.806,7.219],[93.807,7.22],[93.808,7.219],[93.808,7.219],[93.808,7.219],[93.809,7.219],[93.809,7.219],[93.81,7.22],[93.81,7.22],[93.81,7.22],[93.81,7.221],[93.81,7.221],[93.81,7.221],[93.81,7.222],[93.81,7.222],[93.809,7.222],[93.809,7.223],[93.809,7.223],[93.809,7.224],[93.809,7.225],[93.809,7.225],[93.808,7.226],[93.809,7.227],[93.809,7.227],[93.809,7.228],[93.809,7.228],[93.809,7.228],[93.808,7.229],[93.808,7.229],[93.807,7.228],[93.806,7.228],[93.806,7.227],[93.805,7.227],[93.805,7.228],[93.805,7.229],[93.806,7.229],[93.806,7.23],[93.806,7.23],[93.806,7.231],[93.806,7.232],[93.806,7.232],[93.806,7.233],[93.807,7.234],[93.807,7.234],[93.808,7.233],[93.808,7.233],[93.808,7.232],[93.809,7.232],[93.809,7.232],[93.809,7.232],[93.81,7.232],[93.81,7.232],[93.81,7.231],[93.81,7.231],[93.811,7.231],[93.811,7.232],[93.812,7.232],[93.813,7.232],[93.813,7.232],[93.813,7.232],[93.814,7.233],[93.815,7.233],[93.816,7.233],[93.816,7.233],[93.816,7.234],[93.816,7.234],[93.816,7.235],[93.817,7.235],[93.817,7.235],[93.818,7.235],[93.818,7.236],[93.819,7.236],[93.82,7.236],[93.821,7.237],[93.822,7.237],[93.823,7.237],[93.823,7.237],[93.823,7.237],[93.824,7.237],[93.824,7.237],[93.824,7.237],[93.825,7.237],[93.825,7.238],[93.826,7.238],[93.827,7.238],[93.828,7.238],[93.829,7.236],[93.83,7.236],[93.83,7.236],[93.831,7.236],[93.831,7.236],[93.832,7.237],[93.832,7.237],[93.833,7.238],[93.834,7.238],[93.835,7.239],[93.835,7.239],[93.836,7.239],[93.837,7.239],[93.837,7.239],[93.838,7.239],[93.838,7.239],[93.838,7.24],[93.838,7.24],[93.838,7.24],[93.837,7.241],[93.837,7.241],[93.836,7.241],[93.836,7.242],[93.837,7.242],[93.837,7.242],[93.838,7.242],[93.838,7.242],[93.838,7.242],[93.839,7.241],[93.839,7.241],[93.839,7.241],[93.84,7.241],[93.84,7.241],[93.841,7.241],[93.841,7.241],[93.842,7.24],[93.842,7.24],[93.843,7.24],[93.843,7.24],[93.844,7.24],[93.844,7.24],[93.845,7.24],[93.845,7.24],[93.845,7.24],[93.846,7.241],[93.847,7.242],[93.847,7.243],[93.847,7.244],[93.847,7.244],[93.848,7.244],[93.848,7.242],[93.848,7.242],[93.848,7.242],[93.848,7.242],[93.848,7.241],[93.848,7.24]]],[[[93.849,7.29],[93.849,7.289],[93.848,7.289],[93.847,7.288],[93.847,7.287],[93.846,7.287],[93.846,7.286],[93.846,7.286],[93.845,7.286],[93.845,7.286],[93.845,7.287],[93.844,7.288],[93.844,7.288],[93.844,7.288],[93.844,7.288],[93.845,7.289],[93.845,7.288],[93.846,7.288],[93.846,7.289],[93.846,7.29],[93.847,7.29],[93.847,7.29],[93.848,7.29],[93.848,7.29],[93.849,7.29]]],[[[93.664,7.384],[93.664,7.384],[93.664,7.384],[93.664,7.384],[93.664,7.384],[93.665,7.384],[93.665,7.384],[93.666,7.384],[93.666,7.384],[93.666,7.384],[93.666,7.383],[93.665,7.383],[93.665,7.383],[93.665,7.383],[93.664,7.383],[93.664,7.383],[93.664,7.383],[93.664,7.383],[93.664,7.384],[93.663,7.383],[93.663,7.383],[93.662,7.383],[93.662,7.383],[93.662,7.384],[93.662,7.384],[93.663,7.384],[93.663,7.384],[93.664,7.384]]],[[[93.769,7.402],[93.771,7.4],[93.772,7.4],[93.772,7.399],[93.772,7.399],[93.772,7.398],[93.772,7.398],[93.772,7.398],[93.772,7.398],[93.772,7.397],[93.772,7.396],[93.772,7.396],[93.772,7.395],[93.771,7.394],[93.771,7.394],[93.771,7.394],[93.77,7.394],[93.77,7.394],[93.768,7.394],[93.768,7.394],[93.768,7.394],[93.768,7.394],[93.767,7.394],[93.767,7.394],[93.766,7.394],[93.766,7.394],[93.765,7.394],[93.765,7.395],[93.764,7.395],[93.764,7.395],[93.764,7.395],[93.763,7.396],[93.763,7.397],[93.762,7.397],[93.762,7.398],[93.762,7.398],[93.762,7.398],[93.762,7.399],[93.766,7.402],[93.766,7.403],[93.767,7.403],[93.767,7.403],[93.767,7.404],[93.768,7.404],[93.768,7.403],[93.768,7.403],[93.769,7.403],[93.769,7.402]]],[[[93.689,7.41],[93.69,7.409],[93.69,7.409],[93.69,7.409],[93.691,7.409],[93.691,7.409],[93.691,7.409],[93.691,7.409],[93.691,7.409],[93.692,7.409],[93.692,7.409],[93.692,7.408],[93.692,7.408],[93.692,7.407],[93.692,7.407],[93.691,7.407],[93.691,7.406],[93.691,7.406],[93.691,7.405],[93.691,7.405],[93.691,7.404],[93.692,7.404],[93.692,7.404],[93.692,7.403],[93.693,7.403],[93.694,7.402],[93.694,7.401],[93.694,7.401],[93.694,7.401],[93.694,7.401],[93.694,7.4],[93.695,7.4],[93.695,7.4],[93.695,7.399],[93.695,7.399],[93.694,7.398],[93.694,7.398],[93.693,7.398],[93.693,7.398],[93.692,7.398],[93.692,7.398],[93.692,7.397],[93.692,7.397],[93.691,7.397],[93.691,7.397],[93.691,7.397],[93.689,7.397],[93.689,7.397],[93.688,7.397],[93.688,7.397],[93.688,7.397],[93.684,7.4],[93.684,7.401],[93.684,7.401],[93.684,7.401],[93.684,7.401],[93.684,7.402],[93.684,7.402],[93.684,7.404],[93.683,7.404],[93.684,7.404],[93.684,7.405],[93.683,7.405],[93.683,7.406],[93.683,7.406],[93.684,7.406],[93.684,7.407],[93.685,7.407],[93.686,7.408],[93.686,7.408],[93.686,7.408],[93.687,7.408],[93.688,7.409],[93.688,7.409],[93.689,7.41],[93.689,7.41]]],[[[93.713,7.444],[93.713,7.443],[93.713,7.442],[93.713,7.441],[93.713,7.44],[93.714,7.439],[93.715,7.438],[93.715,7.436],[93.715,7.436],[93.716,7.436],[93.716,7.434],[93.717,7.434],[93.717,7.433],[93.718,7.433],[93.719,7.432],[93.719,7.431],[93.719,7.431],[93.72,7.43],[93.72,7.429],[93.72,7.428],[93.72,7.427],[93.721,7.426],[93.721,7.425],[93.721,7.424],[93.721,7.423],[93.722,7.421],[93.722,7.421],[93.722,7.42],[93.722,7.42],[93.722,7.42],[93.722,7.419],[93.721,7.419],[93.721,7.418],[93.721,7.417],[93.721,7.416],[93.721,7.416],[93.721,7.415],[93.722,7.415],[93.722,7.413],[93.722,7.411],[93.721,7.409],[93.721,7.407],[93.721,7.402],[93.722,7.401],[93.722,7.401],[93.723,7.401],[93.723,7.4],[93.723,7.399],[93.723,7.399],[93.724,7.399],[93.724,7.398],[93.725,7.397],[93.725,7.397],[93.726,7.396],[93.726,7.396],[93.728,7.395],[93.728,7.395],[93.729,7.394],[93.729,7.394],[93.729,7.395],[93.73,7.394],[93.73,7.394],[93.731,7.392],[93.732,7.392],[93.733,7.391],[93.734,7.391],[93.734,7.39],[93.735,7.39],[93.735,7.389],[93.735,7.389],[93.736,7.389],[93.736,7.389],[93.736,7.389],[93.736,7.389],[93.737,7.389],[93.737,7.389],[93.739,7.386],[93.739,7.386],[93.741,7.385],[93.741,7.385],[93.742,7.384],[93.742,7.384],[93.742,7.384],[93.743,7.384],[93.744,7.383],[93.744,7.383],[93.744,7.383],[93.745,7.383],[93.745,7.383],[93.746,7.383],[93.746,7.383],[93.747,7.383],[93.747,7.383],[93.747,7.382],[93.748,7.382],[93.748,7.382],[93.748,7.382],[93.75,7.381],[93.75,7.38],[93.75,7.38],[93.75,7.38],[93.75,7.379],[93.75,7.379],[93.751,7.379],[93.751,7.379],[93.751,7.378],[93.751,7.378],[93.752,7.377],[93.753,7.377],[93.754,7.377],[93.754,7.377],[93.754,7.376],[93.755,7.376],[93.756,7.375],[93.756,7.374],[93.756,7.374],[93.756,7.373],[93.757,7.371],[93.757,7.37],[93.757,7.369],[93.757,7.368],[93.757,7.367],[93.757,7.366],[93.756,7.366],[93.756,7.366],[93.756,7.365],[93.756,7.365],[93.755,7.364],[93.755,7.364],[93.755,7.363],[93.755,7.363],[93.755,7.363],[93.755,7.362],[93.756,7.362],[93.756,7.361],[93.756,7.36],[93.756,7.36],[93.755,7.359],[93.754,7.359],[93.754,7.359],[93.753,7.359],[93.753,7.358],[93.753,7.358],[93.753,7.358],[93.752,7.358],[93.752,7.358],[93.752,7.358],[93.752,7.358],[93.751,7.358],[93.75,7.358],[93.75,7.357],[93.749,7.357],[93.749,7.357],[93.749,7.357],[93.749,7.356],[93.748,7.356],[93.748,7.356],[93.748,7.356],[93.748,7.355],[93.748,7.355],[93.748,7.355],[93.748,7.354],[93.748,7.354],[93.748,7.354],[93.748,7.353],[93.749,7.353],[93.749,7.353],[93.749,7.352],[93.749,7.352],[93.747,7.351],[93.747,7.351],[93.747,7.351],[93.747,7.351],[93.746,7.35],[93.746,7.35],[93.745,7.35],[93.745,7.349],[93.745,7.349],[93.743,7.347],[93.743,7.347],[93.742,7.347],[93.742,7.346],[93.742,7.346],[93.742,7.346],[93.741,7.345],[93.741,7.345],[93.741,7.344],[93.741,7.344],[93.74,7.343],[93.74,7.343],[93.74,7.343],[93.74,7.343],[93.739,7.342],[93.739,7.342],[93.739,7.341],[93.739,7.341],[93.738,7.34],[93.738,7.34],[93.738,7.34],[93.738,7.339],[93.738,7.339],[93.738,7.339],[93.737,7.339],[93.737,7.337],[93.737,7.337],[93.737,7.334],[93.737,7.334],[93.737,7.333],[93.736,7.333],[93.736,7.332],[93.736,7.332],[93.736,7.331],[93.736,7.331],[93.736,7.33],[93.735,7.33],[93.735,7.328],[93.735,7.328],[93.735,7.328],[93.735,7.328],[93.735,7.327],[93.734,7.327],[93.734,7.326],[93.734,7.326],[93.734,7.326],[93.734,7.326],[93.734,7.325],[93.734,7.325],[93.734,7.325],[93.733,7.324],[93.733,7.324],[93.733,7.324],[93.733,7.324],[93.732,7.323],[93.731,7.323],[93.731,7.322],[93.731,7.322],[93.73,7.322],[93.729,7.321],[93.729,7.321],[93.729,7.321],[93.729,7.32],[93.729,7.32],[93.729,7.319],[93.728,7.319],[93.728,7.318],[93.728,7.318],[93.728,7.318],[93.728,7.317],[93.728,7.317],[93.727,7.317],[93.727,7.316],[93.727,7.316],[93.727,7.316],[93.727,7.316],[93.727,7.315],[93.726,7.315],[93.726,7.314],[93.726,7.314],[93.726,7.314],[93.726,7.313],[93.726,7.313],[93.726,7.312],[93.726,7.312],[93.725,7.311],[93.725,7.311],[93.725,7.311],[93.725,7.31],[93.723,7.308],[93.723,7.308],[93.723,7.308],[93.722,7.308],[93.722,7.308],[93.722,7.308],[93.722,7.308],[93.721,7.308],[93.721,7.307],[93.721,7.307],[93.719,7.306],[93.719,7.305],[93.719,7.305],[93.718,7.305],[93.718,7.305],[93.717,7.306],[93.716,7.306],[93.716,7.307],[93.716,7.307],[93.716,7.307],[93.715,7.307],[93.715,7.307],[93.715,7.307],[93.713,7.305],[93.713,7.305],[93.713,7.305],[93.712,7.305],[93.712,7.305],[93.711,7.305],[93.711,7.305],[93.711,7.304],[93.71,7.304],[93.71,7.304],[93.709,7.304],[93.709,7.304],[93.708,7.304],[93.708,7.304],[93.707,7.304],[93.707,7.304],[93.706,7.303],[93.706,7.302],[93.706,7.302],[93.706,7.3],[93.706,7.3],[93.706,7.299],[93.705,7.299],[93.704,7.299],[93.704,7.298],[93.704,7.298],[93.704,7.298],[93.703,7.298],[93.703,7.298],[93.703,7.298],[93.702,7.298],[93.702,7.297],[93.702,7.297],[93.7,7.295],[93.698,7.294],[93.698,7.294],[93.698,7.293],[93.698,7.293],[93.697,7.293],[93.697,7.293],[93.697,7.293],[93.696,7.293],[93.696,7.293],[93.696,7.293],[93.696,7.293],[93.695,7.293],[93.695,7.293],[93.694,7.293],[93.694,7.293],[93.694,7.293],[93.694,7.293],[93.693,7.292],[93.693,7.292],[93.692,7.292],[93.692,7.292],[93.692,7.292],[93.691,7.292],[93.691,7.291],[93.691,7.291],[93.69,7.291],[93.69,7.291],[93.689,7.291],[93.687,7.291],[93.687,7.291],[93.687,7.291],[93.687,7.291],[93.686,7.29],[93.686,7.29],[93.686,7.29],[93.686,7.289],[93.685,7.289],[93.685,7.289],[93.685,7.288],[93.685,7.288],[93.684,7.287],[93.684,7.287],[93.683,7.286],[93.683,7.286],[93.682,7.286],[93.682,7.286],[93.681,7.285],[93.681,7.285],[93.681,7.285],[93.681,7.285],[93.68,7.285],[93.68,7.285],[93.679,7.285],[93.678,7.284],[93.678,7.283],[93.678,7.283],[93.678,7.283],[93.678,7.283],[93.678,7.282],[93.677,7.282],[93.677,7.282],[93.677,7.281],[93.677,7.281],[93.677,7.281],[93.677,7.28],[93.677,7.279],[93.677,7.279],[93.677,7.279],[93.678,7.278],[93.678,7.278],[93.677,7.277],[93.677,7.277],[93.677,7.277],[93.676,7.277],[93.675,7.276],[93.675,7.275],[93.675,7.275],[93.675,7.275],[93.675,7.274],[93.675,7.274],[93.674,7.274],[93.674,7.273],[93.674,7.273],[93.674,7.272],[93.674,7.272],[93.674,7.272],[93.674,7.271],[93.674,7.271],[93.672,7.269],[93.672,7.269],[93.671,7.268],[93.671,7.268],[93.671,7.267],[93.671,7.266],[93.671,7.266],[93.671,7.265],[93.67,7.265],[93.67,7.263],[93.67,7.262],[93.67,7.261],[93.67,7.261],[93.67,7.26],[93.669,7.259],[93.669,7.259],[93.669,7.259],[93.669,7.258],[93.669,7.258],[93.669,7.258],[93.667,7.256],[93.666,7.256],[93.666,7.256],[93.664,7.256],[93.664,7.255],[93.664,7.255],[93.663,7.255],[93.663,7.255],[93.662,7.254],[93.661,7.254],[93.661,7.253],[93.661,7.253],[93.66,7.253],[93.66,7.253],[93.66,7.252],[93.66,7.252],[93.659,7.251],[93.659,7.251],[93.658,7.249],[93.657,7.248],[93.656,7.248],[93.655,7.247],[93.655,7.246],[93.654,7.245],[93.653,7.244],[93.651,7.244],[93.65,7.244],[93.65,7.244],[93.649,7.243],[93.649,7.242],[93.648,7.242],[93.648,7.243],[93.647,7.243],[93.646,7.244],[93.646,7.244],[93.646,7.245],[93.646,7.245],[93.645,7.245],[93.645,7.245],[93.644,7.246],[93.644,7.247],[93.643,7.247],[93.643,7.247],[93.642,7.249],[93.642,7.249],[93.641,7.25],[93.641,7.25],[93.64,7.25],[93.64,7.251],[93.64,7.251],[93.64,7.251],[93.64,7.251],[93.639,7.251],[93.639,7.252],[93.638,7.253],[93.639,7.254],[93.639,7.254],[93.639,7.255],[93.639,7.255],[93.639,7.256],[93.639,7.257],[93.638,7.257],[93.638,7.257],[93.638,7.258],[93.638,7.258],[93.637,7.259],[93.637,7.259],[93.637,7.259],[93.637,7.26],[93.635,7.261],[93.634,7.261],[93.634,7.262],[93.634,7.262],[93.634,7.262],[93.634,7.263],[93.633,7.264],[93.631,7.264],[93.631,7.263],[93.63,7.263],[93.63,7.264],[93.63,7.264],[93.63,7.264],[93.629,7.265],[93.629,7.266],[93.629,7.267],[93.629,7.269],[93.629,7.27],[93.631,7.271],[93.631,7.272],[93.631,7.272],[93.632,7.273],[93.632,7.273],[93.632,7.273],[93.633,7.273],[93.634,7.274],[93.634,7.274],[93.634,7.275],[93.634,7.275],[93.634,7.275],[93.634,7.276],[93.634,7.277],[93.634,7.277],[93.633,7.278],[93.632,7.278],[93.632,7.278],[93.631,7.279],[93.631,7.28],[93.632,7.281],[93.632,7.281],[93.634,7.283],[93.634,7.283],[93.634,7.283],[93.634,7.286],[93.634,7.286],[93.634,7.286],[93.634,7.287],[93.634,7.287],[93.634,7.287],[93.634,7.289],[93.633,7.289],[93.633,7.29],[93.633,7.29],[93.633,7.291],[93.633,7.291],[93.633,7.291],[93.632,7.291],[93.632,7.292],[93.632,7.292],[93.632,7.293],[93.632,7.293],[93.632,7.293],[93.632,7.293],[93.632,7.294],[93.631,7.294],[93.631,7.295],[93.631,7.295],[93.631,7.295],[93.631,7.296],[93.631,7.297],[93.631,7.297],[93.631,7.298],[93.63,7.298],[93.63,7.298],[93.63,7.299],[93.63,7.299],[93.629,7.299],[93.629,7.3],[93.629,7.301],[93.629,7.302],[93.629,7.302],[93.629,7.303],[93.629,7.303],[93.628,7.304],[93.628,7.304],[93.628,7.304],[93.628,7.304],[93.626,7.306],[93.623,7.306],[93.623,7.306],[93.622,7.306],[93.622,7.307],[93.622,7.307],[93.621,7.308],[93.621,7.308],[93.621,7.308],[93.621,7.309],[93.621,7.31],[93.621,7.311],[93.622,7.311],[93.622,7.311],[93.622,7.312],[93.623,7.312],[93.624,7.311],[93.625,7.311],[93.625,7.312],[93.626,7.312],[93.627,7.313],[93.628,7.313],[93.628,7.314],[93.628,7.314],[93.629,7.314],[93.629,7.314],[93.629,7.314],[93.629,7.314],[93.629,7.314],[93.63,7.315],[93.63,7.316],[93.632,7.317],[93.632,7.317],[93.633,7.318],[93.633,7.318],[93.633,7.318],[93.636,7.32],[93.636,7.321],[93.636,7.321],[93.636,7.321],[93.636,7.321],[93.636,7.324],[93.636,7.324],[93.636,7.325],[93.637,7.325],[93.637,7.326],[93.636,7.327],[93.636,7.328],[93.637,7.328],[93.637,7.329],[93.636,7.329],[93.636,7.331],[93.637,7.331],[93.637,7.332],[93.636,7.332],[93.636,7.332],[93.636,7.333],[93.636,7.333],[93.635,7.334],[93.635,7.334],[93.634,7.334],[93.634,7.334],[93.633,7.336],[93.633,7.336],[93.632,7.336],[93.632,7.337],[93.632,7.337],[93.632,7.338],[93.632,7.338],[93.632,7.339],[93.633,7.339],[93.633,7.341],[93.632,7.341],[93.633,7.345],[93.633,7.346],[93.633,7.346],[93.633,7.346],[93.634,7.347],[93.634,7.348],[93.633,7.348],[93.633,7.348],[93.633,7.349],[93.633,7.349],[93.632,7.349],[93.632,7.35],[93.632,7.35],[93.632,7.351],[93.632,7.353],[93.632,7.357],[93.631,7.359],[93.631,7.361],[93.631,7.362],[93.631,7.362],[93.631,7.363],[93.632,7.363],[93.632,7.363],[93.632,7.366],[93.632,7.367],[93.632,7.367],[93.632,7.368],[93.632,7.368],[93.632,7.371],[93.633,7.371],[93.633,7.371],[93.633,7.371],[93.633,7.372],[93.634,7.373],[93.634,7.373],[93.635,7.373],[93.635,7.373],[93.635,7.373],[93.636,7.374],[93.637,7.374],[93.637,7.374],[93.637,7.374],[93.637,7.374],[93.639,7.374],[93.639,7.374],[93.64,7.374],[93.64,7.374],[93.641,7.374],[93.641,7.373],[93.642,7.373],[93.642,7.373],[93.642,7.373],[93.644,7.372],[93.644,7.372],[93.644,7.371],[93.644,7.371],[93.645,7.371],[93.645,7.371],[93.645,7.371],[93.646,7.371],[93.646,7.371],[93.646,7.371],[93.647,7.369],[93.648,7.369],[93.648,7.369],[93.648,7.369],[93.649,7.369],[93.649,7.369],[93.65,7.369],[93.65,7.369],[93.65,7.369],[93.651,7.369],[93.651,7.37],[93.652,7.37],[93.652,7.37],[93.653,7.371],[93.653,7.371],[93.655,7.373],[93.656,7.373],[93.657,7.374],[93.657,7.374],[93.657,7.375],[93.657,7.375],[93.658,7.375],[93.658,7.376],[93.658,7.376],[93.658,7.376],[93.66,7.378],[93.66,7.379],[93.66,7.379],[93.66,7.379],[93.662,7.381],[93.663,7.381],[93.663,7.381],[93.665,7.381],[93.665,7.381],[93.666,7.381],[93.667,7.379],[93.667,7.379],[93.668,7.379],[93.668,7.378],[93.668,7.378],[93.668,7.378],[93.672,7.374],[93.672,7.374],[93.672,7.373],[93.673,7.373],[93.673,7.373],[93.673,7.373],[93.674,7.373],[93.675,7.374],[93.675,7.374],[93.675,7.374],[93.676,7.374],[93.676,7.374],[93.676,7.374],[93.677,7.375],[93.677,7.375],[93.677,7.375],[93.678,7.375],[93.678,7.376],[93.678,7.376],[93.679,7.376],[93.679,7.376],[93.679,7.376],[93.68,7.376],[93.68,7.377],[93.68,7.377],[93.681,7.377],[93.681,7.378],[93.681,7.378],[93.681,7.378],[93.681,7.378],[93.681,7.379],[93.681,7.38],[93.681,7.381],[93.682,7.381],[93.682,7.384],[93.682,7.384],[93.682,7.385],[93.683,7.386],[93.683,7.386],[93.684,7.387],[93.684,7.387],[93.684,7.387],[93.685,7.387],[93.685,7.388],[93.687,7.388],[93.688,7.388],[93.688,7.388],[93.688,7.388],[93.688,7.388],[93.689,7.389],[93.689,7.389],[93.689,7.389],[93.689,7.389],[93.691,7.39],[93.692,7.39],[93.692,7.39],[93.692,7.39],[93.692,7.39],[93.692,7.39],[93.693,7.39],[93.693,7.39],[93.694,7.39],[93.696,7.392],[93.696,7.392],[93.696,7.392],[93.696,7.392],[93.697,7.392],[93.697,7.392],[93.698,7.394],[93.699,7.394],[93.699,7.394],[93.699,7.394],[93.701,7.393],[93.702,7.393],[93.702,7.393],[93.704,7.393],[93.704,7.393],[93.704,7.393],[93.704,7.393],[93.705,7.393],[93.706,7.393],[93.706,7.393],[93.706,7.394],[93.707,7.394],[93.707,7.394],[93.707,7.394],[93.708,7.394],[93.708,7.394],[93.709,7.393],[93.709,7.393],[93.71,7.393],[93.713,7.393],[93.714,7.393],[93.714,7.393],[93.714,7.393],[93.714,7.395],[93.714,7.395],[93.714,7.396],[93.713,7.397],[93.712,7.397],[93.711,7.397],[93.71,7.396],[93.709,7.397],[93.709,7.397],[93.708,7.398],[93.708,7.399],[93.709,7.399],[93.709,7.4],[93.708,7.4],[93.707,7.4],[93.707,7.4],[93.707,7.4],[93.707,7.401],[93.705,7.401],[93.705,7.401],[93.704,7.401],[93.704,7.401],[93.703,7.401],[93.703,7.402],[93.706,7.405],[93.706,7.405],[93.706,7.405],[93.706,7.407],[93.706,7.407],[93.706,7.407],[93.707,7.408],[93.707,7.409],[93.707,7.409],[93.707,7.41],[93.707,7.41],[93.707,7.411],[93.706,7.411],[93.706,7.412],[93.707,7.413],[93.707,7.414],[93.707,7.414],[93.707,7.414],[93.707,7.414],[93.707,7.415],[93.708,7.415],[93.708,7.416],[93.709,7.417],[93.709,7.418],[93.709,7.418],[93.709,7.419],[93.709,7.42],[93.709,7.421],[93.709,7.421],[93.709,7.422],[93.709,7.423],[93.709,7.423],[93.709,7.423],[93.709,7.424],[93.709,7.424],[93.709,7.424],[93.709,7.424],[93.709,7.425],[93.709,7.425],[93.708,7.425],[93.707,7.427],[93.707,7.428],[93.706,7.428],[93.706,7.429],[93.707,7.429],[93.707,7.431],[93.707,7.431],[93.707,7.431],[93.707,7.432],[93.707,7.432],[93.707,7.432],[93.707,7.432],[93.707,7.433],[93.707,7.433],[93.707,7.434],[93.707,7.434],[93.707,7.434],[93.707,7.436],[93.707,7.437],[93.707,7.438],[93.707,7.438],[93.707,7.438],[93.706,7.439],[93.706,7.439],[93.706,7.44],[93.706,7.44],[93.705,7.44],[93.705,7.441],[93.705,7.441],[93.705,7.443],[93.705,7.443],[93.705,7.444],[93.706,7.445],[93.706,7.445],[93.706,7.445],[93.706,7.444],[93.707,7.444],[93.707,7.444],[93.707,7.444],[93.708,7.444],[93.708,7.443],[93.708,7.443],[93.709,7.444],[93.71,7.444],[93.71,7.445],[93.711,7.445],[93.712,7.445],[93.713,7.445],[93.713,7.444],[93.713,7.444]]],[[[93.648,7.477],[93.648,7.476],[93.649,7.476],[93.649,7.476],[93.65,7.476],[93.652,7.474],[93.652,7.473],[93.653,7.473],[93.653,7.473],[93.652,7.472],[93.652,7.471],[93.653,7.471],[93.652,7.47],[93.652,7.47],[93.651,7.47],[93.651,7.47],[93.651,7.47],[93.651,7.47],[93.649,7.47],[93.649,7.47],[93.648,7.47],[93.648,7.471],[93.647,7.471],[93.647,7.471],[93.647,7.471],[93.646,7.471],[93.646,7.471],[93.646,7.471],[93.645,7.471],[93.645,7.47],[93.645,7.47],[93.644,7.471],[93.644,7.471],[93.644,7.471],[93.644,7.472],[93.644,7.473],[93.644,7.473],[93.644,7.474],[93.644,7.474],[93.644,7.474],[93.645,7.475],[93.645,7.475],[93.645,7.475],[93.646,7.476],[93.646,7.476],[93.647,7.476],[93.647,7.477],[93.648,7.477]]],[[[93.634,7.478],[93.635,7.478],[93.634,7.477],[93.634,7.477],[93.634,7.476],[93.634,7.476],[93.633,7.476],[93.633,7.476],[93.632,7.476],[93.631,7.478],[93.631,7.478],[93.63,7.478],[93.63,7.479],[93.63,7.479],[93.63,7.48],[93.631,7.48],[93.632,7.48],[93.634,7.478],[93.634,7.478]]],[[[93.544,7.525],[93.546,7.523],[93.546,7.523],[93.547,7.521],[93.547,7.521],[93.548,7.52],[93.549,7.52],[93.549,7.519],[93.549,7.519],[93.55,7.518],[93.55,7.517],[93.55,7.516],[93.55,7.515],[93.549,7.514],[93.549,7.513],[93.548,7.512],[93.547,7.511],[93.545,7.511],[93.543,7.511],[93.543,7.51],[93.543,7.51],[93.543,7.51],[93.542,7.511],[93.542,7.512],[93.541,7.513],[93.541,7.513],[93.541,7.513],[93.541,7.513],[93.54,7.514],[93.54,7.514],[93.54,7.514],[93.54,7.515],[93.541,7.515],[93.541,7.516],[93.542,7.517],[93.542,7.518],[93.541,7.519],[93.541,7.519],[93.54,7.519],[93.54,7.52],[93.54,7.52],[93.54,7.521],[93.54,7.521],[93.54,7.521],[93.541,7.522],[93.541,7.523],[93.541,7.523],[93.541,7.523],[93.541,7.523],[93.541,7.524],[93.541,7.524],[93.541,7.525],[93.541,7.525],[93.542,7.524],[93.542,7.524],[93.543,7.524],[93.543,7.524],[93.543,7.525],[93.544,7.525]]],[[[93.342,7.906],[93.342,7.906],[93.342,7.906],[93.342,7.906],[93.342,7.906],[93.342,7.905],[93.343,7.905],[93.343,7.905],[93.342,7.905],[93.342,7.904],[93.342,7.904],[93.342,7.905],[93.34,7.905],[93.34,7.905],[93.341,7.905],[93.341,7.905],[93.341,7.906],[93.341,7.906],[93.341,7.906],[93.341,7.906],[93.341,7.906],[93.342,7.906]]],[[[93.34,7.911],[93.34,7.911],[93.34,7.911],[93.34,7.91],[93.34,7.91],[93.34,7.91],[93.34,7.909],[93.34,7.909],[93.34,7.909],[93.34,7.909],[93.339,7.909],[93.339,7.909],[93.339,7.909],[93.339,7.909],[93.339,7.909],[93.339,7.911],[93.339,7.911],[93.339,7.911],[93.34,7.911]]],[[[93.38,8.025],[93.38,8.024],[93.381,8.024],[93.382,8.023],[93.382,8.023],[93.382,8.023],[93.383,8.023],[93.383,8.023],[93.384,8.023],[93.384,8.022],[93.384,8.022],[93.384,8.022],[93.385,8.022],[93.385,8.021],[93.386,8.021],[93.386,8.021],[93.387,8.021],[93.387,8.021],[93.388,8.021],[93.388,8.021],[93.389,8.021],[93.389,8.02],[93.39,8.02],[93.39,8.019],[93.391,8.019],[93.391,8.02],[93.392,8.02],[93.393,8.019],[93.393,8.019],[93.394,8.019],[93.394,8.019],[93.394,8.019],[93.395,8.019],[93.396,8.018],[93.396,8.018],[93.396,8.018],[93.397,8.018],[93.397,8.018],[93.397,8.018],[93.398,8.018],[93.398,8.018],[93.398,8.017],[93.399,8.017],[93.4,8.016],[93.4,8.016],[93.401,8.015],[93.401,8.015],[93.401,8.014],[93.401,8.014],[93.403,8.012],[93.403,8.012],[93.404,8.012],[93.404,8.012],[93.404,8.011],[93.404,8.011],[93.405,8.011],[93.405,8.011],[93.405,8.011],[93.406,8.011],[93.406,8.011],[93.406,8.011],[93.408,8.009],[93.408,8.009],[93.409,8.007],[93.41,8.007],[93.41,8.007],[93.41,8.006],[93.409,8.005],[93.409,8.005],[93.408,8.005],[93.407,8.005],[93.406,8.004],[93.406,8.003],[93.406,8.003],[93.406,8.002],[93.405,8.002],[93.405,8.002],[93.405,8.002],[93.405,8.001],[93.405,8.001],[93.404,8],[93.404,7.998],[93.404,7.998],[93.404,7.996],[93.403,7.995],[93.403,7.995],[93.403,7.994],[93.403,7.991],[93.403,7.991],[93.403,7.991],[93.403,7.99],[93.403,7.99],[93.403,7.989],[93.404,7.989],[93.404,7.987],[93.404,7.987],[93.404,7.986],[93.404,7.986],[93.404,7.985],[93.404,7.985],[93.404,7.984],[93.405,7.984],[93.404,7.984],[93.404,7.982],[93.404,7.982],[93.404,7.981],[93.404,7.981],[93.404,7.981],[93.403,7.979],[93.403,7.979],[93.402,7.979],[93.402,7.979],[93.402,7.978],[93.402,7.976],[93.402,7.976],[93.402,7.976],[93.403,7.975],[93.403,7.974],[93.405,7.972],[93.405,7.972],[93.405,7.972],[93.405,7.971],[93.406,7.971],[93.406,7.971],[93.407,7.97],[93.408,7.97],[93.408,7.97],[93.408,7.97],[93.408,7.969],[93.409,7.969],[93.41,7.968],[93.41,7.967],[93.411,7.967],[93.411,7.966],[93.411,7.966],[93.411,7.965],[93.411,7.965],[93.411,7.964],[93.411,7.964],[93.411,7.964],[93.412,7.963],[93.412,7.963],[93.412,7.963],[93.412,7.963],[93.412,7.962],[93.412,7.962],[93.414,7.96],[93.414,7.96],[93.415,7.96],[93.415,7.96],[93.416,7.959],[93.416,7.959],[93.416,7.959],[93.421,7.959],[93.421,7.959],[93.421,7.959],[93.422,7.96],[93.422,7.96],[93.422,7.96],[93.423,7.96],[93.423,7.96],[93.424,7.961],[93.424,7.961],[93.424,7.962],[93.424,7.962],[93.425,7.962],[93.425,7.963],[93.428,7.966],[93.428,7.966],[93.429,7.967],[93.43,7.968],[93.433,7.965],[93.433,7.964],[93.433,7.964],[93.433,7.964],[93.433,7.964],[93.433,7.963],[93.434,7.963],[93.434,7.962],[93.434,7.962],[93.434,7.961],[93.434,7.961],[93.434,7.96],[93.434,7.96],[93.434,7.959],[93.435,7.959],[93.435,7.958],[93.435,7.958],[93.435,7.958],[93.435,7.958],[93.435,7.957],[93.436,7.957],[93.436,7.956],[93.436,7.956],[93.437,7.956],[93.437,7.955],[93.438,7.955],[93.438,7.955],[93.439,7.955],[93.439,7.955],[93.439,7.955],[93.44,7.954],[93.44,7.954],[93.442,7.952],[93.442,7.952],[93.444,7.95],[93.444,7.95],[93.445,7.95],[93.445,7.95],[93.448,7.946],[93.449,7.946],[93.449,7.946],[93.449,7.946],[93.453,7.942],[93.454,7.942],[93.454,7.942],[93.454,7.942],[93.455,7.941],[93.455,7.941],[93.456,7.94],[93.456,7.94],[93.457,7.94],[93.457,7.94],[93.458,7.939],[93.458,7.939],[93.459,7.938],[93.46,7.938],[93.461,7.936],[93.461,7.936],[93.463,7.934],[93.463,7.934],[93.463,7.934],[93.463,7.934],[93.463,7.933],[93.463,7.933],[93.463,7.933],[93.463,7.933],[93.464,7.932],[93.464,7.932],[93.464,7.932],[93.464,7.931],[93.464,7.931],[93.464,7.931],[93.465,7.93],[93.465,7.93],[93.465,7.929],[93.465,7.929],[93.466,7.929],[93.466,7.928],[93.466,7.928],[93.466,7.926],[93.466,7.926],[93.466,7.924],[93.466,7.924],[93.466,7.923],[93.466,7.921],[93.466,7.92],[93.466,7.919],[93.466,7.918],[93.466,7.918],[93.466,7.917],[93.466,7.917],[93.466,7.917],[93.466,7.916],[93.466,7.916],[93.466,7.915],[93.466,7.915],[93.466,7.914],[93.466,7.914],[93.466,7.914],[93.467,7.914],[93.467,7.913],[93.467,7.913],[93.467,7.913],[93.467,7.912],[93.467,7.912],[93.467,7.912],[93.467,7.911],[93.468,7.911],[93.468,7.91],[93.468,7.91],[93.468,7.91],[93.468,7.909],[93.468,7.909],[93.469,7.909],[93.469,7.908],[93.469,7.908],[93.469,7.907],[93.47,7.907],[93.47,7.906],[93.47,7.906],[93.47,7.905],[93.47,7.904],[93.47,7.904],[93.471,7.903],[93.471,7.902],[93.471,7.902],[93.471,7.901],[93.471,7.901],[93.471,7.901],[93.471,7.901],[93.471,7.9],[93.472,7.899],[93.472,7.899],[93.473,7.899],[93.472,7.898],[93.473,7.898],[93.473,7.898],[93.473,7.898],[93.473,7.897],[93.473,7.897],[93.473,7.897],[93.474,7.896],[93.474,7.894],[93.474,7.894],[93.474,7.894],[93.475,7.894],[93.475,7.892],[93.472,7.89],[93.472,7.89],[93.473,7.889],[93.471,7.888],[93.471,7.888],[93.472,7.887],[93.472,7.887],[93.471,7.887],[93.471,7.886],[93.471,7.886],[93.471,7.886],[93.471,7.885],[93.471,7.884],[93.471,7.883],[93.471,7.883],[93.47,7.882],[93.47,7.882],[93.469,7.882],[93.469,7.882],[93.469,7.882],[93.469,7.881],[93.467,7.879],[93.467,7.879],[93.467,7.879],[93.467,7.879],[93.467,7.879],[93.466,7.879],[93.466,7.878],[93.466,7.877],[93.466,7.877],[93.466,7.877],[93.466,7.876],[93.465,7.876],[93.465,7.876],[93.465,7.875],[93.465,7.875],[93.464,7.874],[93.464,7.874],[93.463,7.874],[93.463,7.874],[93.463,7.874],[93.462,7.872],[93.461,7.872],[93.461,7.873],[93.46,7.873],[93.46,7.873],[93.46,7.873],[93.459,7.873],[93.459,7.873],[93.459,7.873],[93.457,7.873],[93.457,7.874],[93.457,7.874],[93.456,7.874],[93.456,7.874],[93.456,7.874],[93.455,7.874],[93.455,7.874],[93.454,7.874],[93.453,7.876],[93.453,7.876],[93.453,7.876],[93.453,7.876],[93.452,7.877],[93.452,7.877],[93.452,7.877],[93.452,7.878],[93.452,7.878],[93.452,7.879],[93.452,7.879],[93.452,7.88],[93.452,7.88],[93.451,7.881],[93.451,7.881],[93.451,7.881],[93.451,7.882],[93.451,7.883],[93.451,7.883],[93.452,7.884],[93.452,7.884],[93.451,7.884],[93.451,7.884],[93.451,7.885],[93.451,7.885],[93.449,7.887],[93.449,7.887],[93.448,7.888],[93.448,7.888],[93.448,7.889],[93.448,7.889],[93.448,7.889],[93.448,7.89],[93.448,7.89],[93.448,7.89],[93.447,7.891],[93.447,7.891],[93.447,7.892],[93.447,7.892],[93.446,7.894],[93.446,7.894],[93.445,7.894],[93.445,7.895],[93.444,7.895],[93.444,7.896],[93.443,7.897],[93.443,7.897],[93.441,7.899],[93.441,7.899],[93.441,7.899],[93.44,7.899],[93.44,7.9],[93.439,7.9],[93.439,7.9],[93.439,7.9],[93.439,7.901],[93.438,7.901],[93.438,7.901],[93.438,7.901],[93.437,7.901],[93.437,7.901],[93.436,7.902],[93.436,7.902],[93.436,7.902],[93.436,7.902],[93.435,7.902],[93.435,7.902],[93.434,7.903],[93.434,7.903],[93.434,7.903],[93.433,7.903],[93.433,7.903],[93.433,7.903],[93.432,7.904],[93.432,7.904],[93.431,7.904],[93.431,7.904],[93.431,7.904],[93.43,7.904],[93.429,7.905],[93.429,7.905],[93.429,7.906],[93.428,7.906],[93.427,7.906],[93.427,7.906],[93.427,7.906],[93.426,7.906],[93.426,7.906],[93.424,7.906],[93.424,7.907],[93.424,7.907],[93.423,7.907],[93.423,7.907],[93.423,7.907],[93.42,7.907],[93.42,7.907],[93.419,7.907],[93.418,7.907],[93.416,7.907],[93.416,7.906],[93.416,7.906],[93.415,7.906],[93.414,7.906],[93.414,7.906],[93.413,7.906],[93.413,7.905],[93.413,7.905],[93.413,7.905],[93.412,7.905],[93.412,7.905],[93.41,7.903],[93.41,7.903],[93.41,7.903],[93.409,7.903],[93.409,7.903],[93.409,7.903],[93.408,7.902],[93.407,7.902],[93.406,7.903],[93.406,7.903],[93.406,7.903],[93.406,7.903],[93.405,7.903],[93.404,7.903],[93.404,7.903],[93.402,7.903],[93.401,7.903],[93.4,7.903],[93.4,7.903],[93.399,7.903],[93.398,7.902],[93.398,7.902],[93.398,7.902],[93.397,7.902],[93.396,7.901],[93.396,7.901],[93.395,7.899],[93.395,7.899],[93.395,7.899],[93.395,7.899],[93.395,7.898],[93.395,7.898],[93.394,7.898],[93.394,7.898],[93.394,7.897],[93.394,7.896],[93.394,7.896],[93.394,7.896],[93.394,7.896],[93.394,7.895],[93.393,7.895],[93.393,7.894],[93.393,7.894],[93.393,7.894],[93.393,7.893],[93.393,7.893],[93.393,7.893],[93.393,7.892],[93.392,7.892],[93.391,7.892],[93.391,7.891],[93.391,7.891],[93.391,7.891],[93.39,7.891],[93.39,7.891],[93.39,7.89],[93.389,7.889],[93.389,7.889],[93.388,7.888],[93.388,7.888],[93.387,7.887],[93.386,7.887],[93.386,7.887],[93.385,7.886],[93.385,7.886],[93.385,7.886],[93.385,7.886],[93.384,7.886],[93.384,7.886],[93.383,7.886],[93.382,7.886],[93.382,7.886],[93.381,7.885],[93.381,7.884],[93.38,7.883],[93.38,7.882],[93.38,7.882],[93.38,7.882],[93.379,7.882],[93.378,7.882],[93.378,7.882],[93.378,7.882],[93.377,7.882],[93.377,7.882],[93.377,7.882],[93.376,7.882],[93.376,7.882],[93.375,7.882],[93.375,7.882],[93.375,7.883],[93.374,7.883],[93.374,7.883],[93.374,7.883],[93.374,7.883],[93.373,7.883],[93.373,7.884],[93.372,7.884],[93.372,7.884],[93.372,7.884],[93.372,7.885],[93.372,7.886],[93.371,7.887],[93.371,7.887],[93.371,7.887],[93.37,7.887],[93.369,7.887],[93.369,7.886],[93.369,7.886],[93.369,7.886],[93.368,7.886],[93.368,7.886],[93.368,7.886],[93.367,7.886],[93.366,7.886],[93.366,7.887],[93.365,7.887],[93.365,7.886],[93.364,7.886],[93.364,7.887],[93.364,7.887],[93.363,7.887],[93.363,7.887],[93.363,7.887],[93.362,7.887],[93.361,7.888],[93.36,7.888],[93.359,7.888],[93.359,7.888],[93.358,7.889],[93.358,7.889],[93.357,7.889],[93.356,7.889],[93.356,7.889],[93.356,7.889],[93.356,7.889],[93.355,7.889],[93.354,7.891],[93.353,7.891],[93.353,7.891],[93.353,7.891],[93.35,7.894],[93.35,7.894],[93.35,7.894],[93.35,7.896],[93.349,7.896],[93.349,7.896],[93.349,7.896],[93.349,7.897],[93.349,7.897],[93.349,7.899],[93.348,7.9],[93.346,7.9],[93.346,7.9],[93.346,7.9],[93.344,7.902],[93.344,7.903],[93.344,7.903],[93.344,7.903],[93.344,7.905],[93.344,7.905],[93.344,7.905],[93.344,7.906],[93.344,7.906],[93.344,7.906],[93.344,7.906],[93.344,7.907],[93.345,7.907],[93.345,7.907],[93.346,7.907],[93.347,7.908],[93.347,7.908],[93.347,7.908],[93.347,7.91],[93.347,7.91],[93.347,7.912],[93.346,7.912],[93.346,7.912],[93.346,7.912],[93.346,7.913],[93.346,7.913],[93.346,7.914],[93.346,7.914],[93.346,7.914],[93.345,7.915],[93.345,7.915],[93.345,7.915],[93.345,7.916],[93.344,7.916],[93.344,7.916],[93.343,7.918],[93.343,7.918],[93.343,7.919],[93.343,7.919],[93.343,7.92],[93.344,7.921],[93.344,7.921],[93.345,7.922],[93.345,7.923],[93.348,7.926],[93.348,7.926],[93.348,7.926],[93.348,7.926],[93.348,7.927],[93.348,7.927],[93.351,7.929],[93.351,7.93],[93.351,7.93],[93.351,7.93],[93.351,7.931],[93.351,7.931],[93.352,7.931],[93.352,7.932],[93.352,7.932],[93.351,7.932],[93.351,7.932],[93.351,7.932],[93.349,7.93],[93.349,7.93],[93.347,7.928],[93.347,7.928],[93.347,7.928],[93.346,7.928],[93.346,7.927],[93.346,7.927],[93.346,7.927],[93.345,7.928],[93.345,7.928],[93.345,7.929],[93.345,7.929],[93.345,7.93],[93.345,7.93],[93.345,7.931],[93.346,7.932],[93.347,7.932],[93.347,7.932],[93.347,7.933],[93.347,7.933],[93.347,7.933],[93.348,7.933],[93.348,7.933],[93.349,7.933],[93.349,7.934],[93.349,7.934],[93.35,7.934],[93.35,7.934],[93.351,7.934],[93.351,7.934],[93.352,7.936],[93.352,7.936],[93.353,7.936],[93.353,7.936],[93.354,7.937],[93.354,7.938],[93.356,7.939],[93.356,7.94],[93.356,7.941],[93.357,7.941],[93.358,7.942],[93.358,7.942],[93.357,7.942],[93.357,7.942],[93.357,7.942],[93.356,7.941],[93.356,7.941],[93.355,7.941],[93.355,7.941],[93.354,7.941],[93.354,7.941],[93.354,7.941],[93.354,7.941],[93.353,7.943],[93.352,7.943],[93.352,7.943],[93.351,7.943],[93.351,7.943],[93.351,7.943],[93.351,7.943],[93.35,7.944],[93.35,7.944],[93.351,7.945],[93.351,7.945],[93.349,7.945],[93.348,7.943],[93.348,7.943],[93.347,7.943],[93.347,7.943],[93.346,7.942],[93.346,7.941],[93.345,7.941],[93.344,7.941],[93.344,7.94],[93.344,7.94],[93.343,7.939],[93.343,7.939],[93.344,7.939],[93.345,7.94],[93.345,7.94],[93.345,7.94],[93.346,7.94],[93.346,7.941],[93.348,7.941],[93.349,7.94],[93.349,7.939],[93.348,7.939],[93.348,7.938],[93.348,7.937],[93.348,7.936],[93.347,7.935],[93.346,7.934],[93.346,7.934],[93.344,7.933],[93.344,7.933],[93.343,7.932],[93.341,7.933],[93.341,7.934],[93.34,7.935],[93.34,7.935],[93.339,7.936],[93.339,7.936],[93.338,7.936],[93.338,7.936],[93.338,7.936],[93.337,7.936],[93.337,7.936],[93.335,7.936],[93.335,7.936],[93.335,7.936],[93.335,7.936],[93.334,7.936],[93.334,7.936],[93.333,7.935],[93.333,7.935],[93.333,7.934],[93.333,7.933],[93.332,7.932],[93.332,7.931],[93.332,7.931],[93.331,7.931],[93.331,7.93],[93.331,7.93],[93.331,7.93],[93.331,7.929],[93.331,7.929],[93.331,7.928],[93.332,7.927],[93.332,7.926],[93.332,7.926],[93.333,7.925],[93.333,7.925],[93.332,7.925],[93.332,7.924],[93.331,7.924],[93.331,7.924],[93.331,7.923],[93.33,7.923],[93.33,7.924],[93.329,7.924],[93.328,7.925],[93.327,7.925],[93.326,7.926],[93.326,7.926],[93.325,7.926],[93.325,7.926],[93.323,7.926],[93.323,7.927],[93.323,7.927],[93.322,7.928],[93.322,7.928],[93.321,7.928],[93.321,7.929],[93.32,7.931],[93.32,7.931],[93.319,7.931],[93.319,7.931],[93.319,7.931],[93.319,7.932],[93.319,7.933],[93.318,7.933],[93.318,7.933],[93.318,7.933],[93.317,7.934],[93.317,7.934],[93.317,7.935],[93.318,7.935],[93.318,7.935],[93.318,7.935],[93.319,7.936],[93.319,7.936],[93.319,7.937],[93.319,7.94],[93.319,7.94],[93.319,7.941],[93.319,7.941],[93.319,7.942],[93.318,7.942],[93.318,7.943],[93.318,7.943],[93.318,7.943],[93.316,7.945],[93.316,7.945],[93.315,7.946],[93.315,7.946],[93.315,7.947],[93.315,7.947],[93.314,7.948],[93.314,7.948],[93.313,7.95],[93.313,7.95],[93.312,7.951],[93.312,7.952],[93.312,7.952],[93.312,7.952],[93.312,7.952],[93.312,7.953],[93.312,7.953],[93.312,7.954],[93.311,7.954],[93.311,7.956],[93.311,7.956],[93.311,7.958],[93.311,7.958],[93.311,7.96],[93.311,7.961],[93.311,7.962],[93.311,7.962],[93.311,7.963],[93.311,7.963],[93.312,7.963],[93.313,7.964],[93.314,7.965],[93.315,7.966],[93.315,7.966],[93.315,7.967],[93.315,7.967],[93.315,7.967],[93.316,7.968],[93.316,7.968],[93.316,7.968],[93.316,7.969],[93.316,7.969],[93.316,7.97],[93.317,7.971],[93.317,7.971],[93.318,7.971],[93.318,7.971],[93.318,7.971],[93.319,7.971],[93.319,7.972],[93.319,7.972],[93.319,7.972],[93.32,7.972],[93.32,7.972],[93.321,7.972],[93.321,7.972],[93.321,7.973],[93.321,7.973],[93.323,7.974],[93.323,7.975],[93.324,7.975],[93.324,7.976],[93.324,7.976],[93.324,7.977],[93.324,7.977],[93.324,7.981],[93.324,7.981],[93.324,7.982],[93.324,7.983],[93.324,7.984],[93.323,7.984],[93.323,7.986],[93.323,7.986],[93.323,7.99],[93.323,7.99],[93.323,7.991],[93.322,7.991],[93.322,7.991],[93.323,7.992],[93.323,7.993],[93.323,7.994],[93.324,7.994],[93.324,7.994],[93.324,7.995],[93.324,7.995],[93.324,7.996],[93.324,7.996],[93.324,7.997],[93.324,7.997],[93.324,7.998],[93.325,7.998],[93.325,7.999],[93.326,7.999],[93.326,7.999],[93.326,8],[93.326,8],[93.326,8.001],[93.326,8.001],[93.326,8.001],[93.326,8.002],[93.326,8.002],[93.327,8.002],[93.327,8.002],[93.327,8.003],[93.328,8.004],[93.33,8.005],[93.331,8.006],[93.331,8.007],[93.332,8.007],[93.332,8.008],[93.332,8.008],[93.332,8.008],[93.332,8.009],[93.333,8.01],[93.335,8.011],[93.336,8.011],[93.336,8.012],[93.336,8.012],[93.338,8.012],[93.338,8.012],[93.339,8.012],[93.339,8.012],[93.34,8.012],[93.341,8.011],[93.341,8.011],[93.341,8.01],[93.342,8.011],[93.343,8.011],[93.343,8.011],[93.343,8.011],[93.346,8.014],[93.346,8.014],[93.346,8.014],[93.346,8.015],[93.346,8.015],[93.346,8.015],[93.346,8.016],[93.346,8.016],[93.347,8.016],[93.347,8.016],[93.349,8.015],[93.349,8.015],[93.349,8.014],[93.349,8.014],[93.35,8.014],[93.35,8.013],[93.35,8.013],[93.35,8.012],[93.35,8.011],[93.35,8.011],[93.35,8.01],[93.35,8.01],[93.351,8.009],[93.351,8.009],[93.352,8.008],[93.352,8.008],[93.353,8.008],[93.354,8.008],[93.354,8.008],[93.355,8.008],[93.355,8.008],[93.356,8.008],[93.356,8.008],[93.356,8.008],[93.356,8.009],[93.357,8.009],[93.357,8.009],[93.357,8.009],[93.357,8.009],[93.358,8.009],[93.359,8.009],[93.359,8.009],[93.36,8.01],[93.36,8.01],[93.36,8.01],[93.36,8.01],[93.36,8.01],[93.361,8.01],[93.361,8.01],[93.361,8.01],[93.363,8.012],[93.363,8.012],[93.364,8.013],[93.364,8.013],[93.364,8.013],[93.365,8.013],[93.365,8.013],[93.366,8.014],[93.366,8.015],[93.367,8.015],[93.367,8.016],[93.367,8.016],[93.367,8.016],[93.367,8.016],[93.367,8.017],[93.369,8.019],[93.369,8.019],[93.37,8.019],[93.37,8.02],[93.37,8.02],[93.37,8.02],[93.37,8.021],[93.37,8.021],[93.371,8.021],[93.371,8.021],[93.371,8.022],[93.372,8.022],[93.372,8.022],[93.372,8.023],[93.372,8.022],[93.373,8.023],[93.374,8.023],[93.374,8.023],[93.374,8.023],[93.374,8.023],[93.375,8.023],[93.375,8.023],[93.376,8.023],[93.376,8.023],[93.377,8.023],[93.377,8.023],[93.378,8.023],[93.378,8.024],[93.378,8.024],[93.379,8.024],[93.379,8.024],[93.379,8.025],[93.38,8.025]]],[[[93.547,8.028],[93.547,8.028],[93.547,8.027],[93.548,8.027],[93.549,8.027],[93.549,8.027],[93.549,8.027],[93.55,8.027],[93.55,8.027],[93.55,8.028],[93.551,8.027],[93.551,8.027],[93.551,8.027],[93.552,8.027],[93.552,8.027],[93.554,8.027],[93.554,8.026],[93.554,8.026],[93.555,8.026],[93.555,8.026],[93.556,8.026],[93.556,8.026],[93.556,8.025],[93.557,8.025],[93.557,8.025],[93.558,8.025],[93.558,8.025],[93.559,8.025],[93.559,8.025],[93.56,8.025],[93.561,8.024],[93.561,8.024],[93.561,8.024],[93.561,8.024],[93.561,8.023],[93.562,8.023],[93.562,8.024],[93.562,8.024],[93.563,8.024],[93.563,8.025],[93.563,8.025],[93.563,8.025],[93.563,8.025],[93.564,8.025],[93.565,8.024],[93.565,8.023],[93.565,8.023],[93.565,8.022],[93.565,8.022],[93.565,8.021],[93.566,8.021],[93.566,8.021],[93.566,8.021],[93.566,8.02],[93.566,8.02],[93.566,8.02],[93.566,8.019],[93.566,8.018],[93.567,8.017],[93.567,8.017],[93.567,8.017],[93.567,8.016],[93.568,8.014],[93.568,8.014],[93.57,8.012],[93.57,8.012],[93.571,8.012],[93.571,8.012],[93.571,8.012],[93.571,8.012],[93.572,8.011],[93.572,8.01],[93.572,8.008],[93.573,8.008],[93.573,8.007],[93.574,8.006],[93.574,8.005],[93.574,8.005],[93.574,8.004],[93.575,8.004],[93.575,8.004],[93.575,8.003],[93.575,8.003],[93.576,8.003],[93.576,8.002],[93.576,8.002],[93.576,8.002],[93.576,8.001],[93.576,8],[93.577,8],[93.576,8],[93.578,7.998],[93.578,7.998],[93.579,7.997],[93.58,7.997],[93.58,7.995],[93.58,7.995],[93.58,7.994],[93.58,7.994],[93.581,7.993],[93.581,7.993],[93.581,7.993],[93.582,7.993],[93.583,7.992],[93.583,7.991],[93.582,7.991],[93.582,7.991],[93.582,7.99],[93.582,7.99],[93.582,7.989],[93.582,7.989],[93.582,7.988],[93.582,7.987],[93.582,7.987],[93.582,7.986],[93.582,7.986],[93.582,7.985],[93.583,7.984],[93.583,7.983],[93.581,7.981],[93.581,7.981],[93.58,7.981],[93.58,7.981],[93.58,7.98],[93.58,7.98],[93.58,7.979],[93.58,7.978],[93.58,7.978],[93.58,7.977],[93.581,7.976],[93.582,7.976],[93.582,7.976],[93.582,7.972],[93.583,7.971],[93.583,7.97],[93.583,7.97],[93.582,7.97],[93.582,7.969],[93.582,7.968],[93.582,7.968],[93.581,7.968],[93.58,7.967],[93.58,7.967],[93.58,7.966],[93.58,7.966],[93.579,7.966],[93.579,7.965],[93.58,7.964],[93.58,7.963],[93.581,7.963],[93.582,7.963],[93.582,7.962],[93.582,7.961],[93.582,7.96],[93.581,7.96],[93.581,7.959],[93.582,7.958],[93.581,7.958],[93.58,7.956],[93.58,7.956],[93.58,7.956],[93.58,7.955],[93.58,7.955],[93.58,7.954],[93.58,7.954],[93.581,7.953],[93.581,7.953],[93.582,7.952],[93.582,7.951],[93.582,7.951],[93.582,7.95],[93.581,7.949],[93.581,7.948],[93.581,7.948],[93.581,7.948],[93.581,7.948],[93.581,7.945],[93.581,7.945],[93.581,7.944],[93.581,7.944],[93.581,7.943],[93.58,7.943],[93.58,7.942],[93.581,7.942],[93.581,7.941],[93.581,7.941],[93.581,7.94],[93.581,7.94],[93.581,7.939],[93.581,7.939],[93.581,7.938],[93.581,7.938],[93.581,7.938],[93.579,7.937],[93.579,7.934],[93.579,7.933],[93.578,7.933],[93.578,7.933],[93.577,7.933],[93.577,7.933],[93.577,7.932],[93.577,7.932],[93.577,7.931],[93.577,7.931],[93.577,7.931],[93.577,7.93],[93.578,7.93],[93.578,7.929],[93.578,7.929],[93.578,7.929],[93.577,7.928],[93.577,7.928],[93.577,7.929],[93.577,7.929],[93.576,7.929],[93.576,7.929],[93.576,7.929],[93.575,7.929],[93.574,7.929],[93.574,7.929],[93.573,7.93],[93.572,7.93],[93.569,7.934],[93.569,7.934],[93.568,7.934],[93.567,7.934],[93.567,7.935],[93.566,7.935],[93.566,7.936],[93.566,7.936],[93.566,7.936],[93.565,7.936],[93.565,7.936],[93.564,7.936],[93.564,7.937],[93.564,7.937],[93.563,7.937],[93.563,7.937],[93.562,7.938],[93.562,7.938],[93.562,7.938],[93.562,7.939],[93.562,7.939],[93.559,7.943],[93.559,7.943],[93.557,7.944],[93.557,7.944],[93.556,7.945],[93.556,7.945],[93.556,7.945],[93.555,7.945],[93.553,7.947],[93.553,7.947],[93.553,7.948],[93.553,7.948],[93.552,7.948],[93.552,7.949],[93.552,7.949],[93.552,7.949],[93.55,7.95],[93.55,7.95],[93.549,7.95],[93.549,7.951],[93.548,7.951],[93.548,7.951],[93.547,7.952],[93.547,7.952],[93.546,7.952],[93.546,7.951],[93.545,7.952],[93.545,7.953],[93.545,7.953],[93.545,7.953],[93.543,7.955],[93.543,7.955],[93.542,7.956],[93.542,7.956],[93.541,7.956],[93.541,7.956],[93.541,7.956],[93.54,7.956],[93.54,7.957],[93.539,7.957],[93.538,7.958],[93.538,7.959],[93.538,7.96],[93.538,7.96],[93.538,7.961],[93.537,7.961],[93.537,7.962],[93.536,7.963],[93.536,7.964],[93.535,7.964],[93.535,7.964],[93.535,7.964],[93.534,7.964],[93.534,7.964],[93.534,7.964],[93.532,7.964],[93.531,7.966],[93.531,7.966],[93.53,7.966],[93.53,7.966],[93.529,7.967],[93.528,7.967],[93.528,7.968],[93.526,7.968],[93.526,7.968],[93.525,7.968],[93.525,7.968],[93.525,7.968],[93.524,7.969],[93.524,7.969],[93.525,7.97],[93.525,7.97],[93.525,7.971],[93.524,7.971],[93.524,7.971],[93.524,7.971],[93.524,7.97],[93.523,7.97],[93.522,7.971],[93.522,7.971],[93.522,7.971],[93.521,7.971],[93.521,7.971],[93.521,7.971],[93.52,7.972],[93.52,7.972],[93.518,7.974],[93.517,7.975],[93.516,7.975],[93.516,7.975],[93.517,7.976],[93.517,7.976],[93.517,7.976],[93.517,7.976],[93.517,7.977],[93.517,7.977],[93.517,7.977],[93.516,7.977],[93.516,7.978],[93.516,7.978],[93.516,7.979],[93.516,7.979],[93.515,7.979],[93.515,7.979],[93.515,7.979],[93.514,7.98],[93.514,7.98],[93.513,7.98],[93.513,7.98],[93.512,7.981],[93.512,7.981],[93.511,7.982],[93.511,7.982],[93.509,7.984],[93.508,7.984],[93.507,7.985],[93.507,7.985],[93.507,7.986],[93.507,7.986],[93.508,7.986],[93.508,7.987],[93.508,7.987],[93.508,7.989],[93.508,7.989],[93.508,7.99],[93.508,7.99],[93.508,7.99],[93.507,7.991],[93.507,7.991],[93.507,7.991],[93.507,7.991],[93.506,7.992],[93.506,7.992],[93.505,7.994],[93.505,7.994],[93.507,7.995],[93.507,7.996],[93.507,7.997],[93.508,7.997],[93.508,7.996],[93.509,7.996],[93.51,7.997],[93.51,7.997],[93.511,7.997],[93.511,7.997],[93.511,7.998],[93.512,7.998],[93.512,7.999],[93.513,7.999],[93.514,7.998],[93.514,7.998],[93.515,7.997],[93.514,7.996],[93.515,7.995],[93.515,7.995],[93.516,7.994],[93.517,7.994],[93.518,7.994],[93.518,7.993],[93.518,7.993],[93.518,7.993],[93.519,7.994],[93.519,7.994],[93.52,7.994],[93.52,7.995],[93.52,7.995],[93.52,7.996],[93.522,7.997],[93.522,7.998],[93.524,7.999],[93.524,7.999],[93.524,7.999],[93.524,7.999],[93.526,8],[93.526,8.001],[93.526,8.001],[93.527,8.002],[93.527,8.002],[93.527,8.002],[93.527,8.003],[93.527,8.003],[93.527,8.004],[93.527,8.004],[93.527,8.005],[93.528,8.005],[93.528,8.005],[93.529,8.005],[93.529,8.006],[93.53,8.006],[93.53,8.006],[93.531,8.006],[93.531,8.006],[93.531,8.008],[93.531,8.008],[93.531,8.008],[93.531,8.009],[93.531,8.012],[93.53,8.012],[93.53,8.016],[93.53,8.016],[93.53,8.016],[93.53,8.016],[93.529,8.017],[93.529,8.018],[93.528,8.018],[93.528,8.019],[93.528,8.019],[93.529,8.02],[93.529,8.02],[93.529,8.021],[93.529,8.021],[93.529,8.022],[93.529,8.022],[93.529,8.023],[93.53,8.023],[93.53,8.023],[93.53,8.024],[93.53,8.024],[93.53,8.024],[93.531,8.024],[93.531,8.024],[93.531,8.024],[93.532,8.024],[93.532,8.025],[93.532,8.025],[93.533,8.025],[93.533,8.025],[93.533,8.025],[93.534,8.025],[93.535,8.024],[93.535,8.024],[93.535,8.024],[93.535,8.024],[93.536,8.023],[93.536,8.023],[93.536,8.023],[93.536,8.022],[93.536,8.022],[93.537,8.022],[93.537,8.021],[93.537,8.02],[93.537,8.02],[93.537,8.019],[93.537,8.019],[93.536,8.019],[93.536,8.019],[93.537,8.017],[93.539,8.018],[93.539,8.017],[93.54,8.017],[93.54,8.017],[93.541,8.017],[93.543,8.015],[93.543,8.015],[93.543,8.014],[93.543,8.014],[93.543,8.013],[93.543,8.013],[93.542,8.013],[93.542,8.012],[93.542,8.012],[93.542,8.011],[93.542,8.011],[93.542,8.011],[93.543,8.01],[93.543,8.01],[93.543,8.01],[93.543,8.009],[93.543,8.009],[93.543,8.008],[93.543,8.008],[93.543,8.007],[93.543,8.007],[93.543,8.006],[93.543,8.006],[93.543,8.006],[93.544,8.005],[93.544,8.005],[93.546,8.003],[93.546,8.003],[93.546,8.003],[93.547,8.003],[93.548,8.002],[93.548,8.001],[93.548,8.001],[93.548,8.001],[93.548,8.001],[93.548,8],[93.549,8],[93.549,7.999],[93.548,7.999],[93.549,7.998],[93.549,7.997],[93.55,7.997],[93.55,7.997],[93.55,7.996],[93.551,7.996],[93.551,7.997],[93.551,7.998],[93.551,7.999],[93.552,7.999],[93.552,8],[93.552,8],[93.552,8.001],[93.551,8.001],[93.551,8.002],[93.551,8.002],[93.551,8.003],[93.551,8.004],[93.551,8.004],[93.551,8.004],[93.551,8.006],[93.551,8.006],[93.552,8.007],[93.552,8.007],[93.552,8.008],[93.552,8.008],[93.551,8.008],[93.551,8.008],[93.551,8.009],[93.551,8.009],[93.55,8.009],[93.55,8.01],[93.55,8.01],[93.55,8.011],[93.55,8.011],[93.55,8.012],[93.55,8.012],[93.55,8.013],[93.55,8.013],[93.55,8.014],[93.55,8.014],[93.549,8.014],[93.549,8.014],[93.549,8.014],[93.548,8.015],[93.548,8.015],[93.548,8.016],[93.548,8.016],[93.548,8.016],[93.548,8.017],[93.548,8.017],[93.548,8.018],[93.548,8.019],[93.548,8.019],[93.549,8.02],[93.549,8.02],[93.549,8.02],[93.548,8.02],[93.548,8.021],[93.547,8.021],[93.547,8.021],[93.546,8.022],[93.546,8.022],[93.544,8.024],[93.544,8.024],[93.543,8.025],[93.543,8.025],[93.545,8.027],[93.545,8.027],[93.545,8.028],[93.545,8.028],[93.545,8.028],[93.546,8.028],[93.546,8.028],[93.546,8.028],[93.546,8.028],[93.547,8.029],[93.547,8.029],[93.547,8.029],[93.547,8.028]]],[[[93.579,8.125],[93.579,8.125],[93.58,8.125],[93.58,8.125],[93.58,8.125],[93.581,8.124],[93.581,8.124],[93.581,8.123],[93.581,8.123],[93.581,8.122],[93.581,8.122],[93.581,8.121],[93.582,8.121],[93.582,8.121],[93.583,8.12],[93.584,8.118],[93.585,8.116],[93.585,8.115],[93.586,8.114],[93.587,8.114],[93.587,8.114],[93.587,8.113],[93.588,8.112],[93.588,8.112],[93.588,8.112],[93.588,8.111],[93.588,8.11],[93.588,8.11],[93.588,8.11],[93.589,8.109],[93.589,8.109],[93.589,8.108],[93.589,8.106],[93.589,8.106],[93.589,8.105],[93.59,8.102],[93.59,8.1],[93.591,8.099],[93.591,8.097],[93.591,8.096],[93.589,8.095],[93.59,8.094],[93.59,8.094],[93.591,8.093],[93.591,8.093],[93.591,8.093],[93.591,8.093],[93.591,8.092],[93.591,8.092],[93.591,8.091],[93.591,8.091],[93.591,8.091],[93.591,8.09],[93.591,8.09],[93.591,8.089],[93.591,8.089],[93.591,8.089],[93.591,8.088],[93.591,8.088],[93.591,8.087],[93.591,8.087],[93.591,8.086],[93.591,8.086],[93.591,8.083],[93.591,8.083],[93.591,8.082],[93.591,8.082],[93.591,8.081],[93.591,8.081],[93.591,8.081],[93.592,8.08],[93.592,8.08],[93.592,8.079],[93.592,8.079],[93.592,8.079],[93.592,8.078],[93.593,8.078],[93.593,8.077],[93.593,8.077],[93.593,8.076],[93.593,8.076],[93.593,8.076],[93.592,8.075],[93.592,8.075],[93.592,8.075],[93.592,8.074],[93.592,8.074],[93.592,8.074],[93.592,8.074],[93.592,8.073],[93.591,8.073],[93.591,8.072],[93.591,8.072],[93.591,8.072],[93.591,8.071],[93.591,8.07],[93.591,8.07],[93.591,8.069],[93.591,8.069],[93.591,8.068],[93.591,8.067],[93.591,8.066],[93.592,8.066],[93.592,8.065],[93.592,8.065],[93.592,8.065],[93.593,8.063],[93.594,8.063],[93.594,8.063],[93.594,8.063],[93.594,8.063],[93.595,8.063],[93.595,8.062],[93.595,8.062],[93.596,8.062],[93.596,8.061],[93.596,8.061],[93.596,8.061],[93.596,8.061],[93.596,8.06],[93.596,8.06],[93.598,8.059],[93.597,8.058],[93.598,8.058],[93.598,8.056],[93.599,8.055],[93.599,8.055],[93.599,8.055],[93.599,8.054],[93.599,8.054],[93.599,8.054],[93.599,8.054],[93.599,8.054],[93.6,8.053],[93.6,8.053],[93.6,8.052],[93.6,8.052],[93.599,8.052],[93.599,8.051],[93.6,8.051],[93.6,8.051],[93.6,8.051],[93.601,8.051],[93.601,8.05],[93.601,8.05],[93.601,8.05],[93.601,8.049],[93.601,8.049],[93.601,8.048],[93.601,8.048],[93.601,8.047],[93.601,8.047],[93.601,8.046],[93.601,8.045],[93.601,8.045],[93.601,8.044],[93.601,8.044],[93.599,8.042],[93.599,8.042],[93.598,8.041],[93.598,8.041],[93.597,8.041],[93.597,8.041],[93.595,8.039],[93.595,8.039],[93.595,8.038],[93.594,8.038],[93.593,8.038],[93.593,8.038],[93.592,8.038],[93.592,8.039],[93.592,8.039],[93.591,8.039],[93.591,8.04],[93.591,8.041],[93.591,8.041],[93.59,8.041],[93.59,8.042],[93.589,8.043],[93.589,8.043],[93.589,8.043],[93.589,8.044],[93.588,8.045],[93.588,8.045],[93.587,8.046],[93.587,8.047],[93.587,8.047],[93.586,8.048],[93.586,8.048],[93.586,8.048],[93.585,8.049],[93.585,8.049],[93.584,8.049],[93.584,8.049],[93.584,8.049],[93.584,8.05],[93.584,8.05],[93.583,8.049],[93.583,8.049],[93.582,8.049],[93.582,8.05],[93.582,8.05],[93.582,8.05],[93.581,8.051],[93.581,8.051],[93.581,8.051],[93.581,8.052],[93.581,8.052],[93.581,8.053],[93.581,8.053],[93.581,8.054],[93.581,8.054],[93.581,8.054],[93.581,8.055],[93.581,8.055],[93.581,8.055],[93.58,8.055],[93.58,8.056],[93.58,8.056],[93.58,8.056],[93.58,8.057],[93.58,8.057],[93.58,8.057],[93.579,8.057],[93.579,8.058],[93.578,8.058],[93.578,8.058],[93.577,8.058],[93.577,8.058],[93.576,8.058],[93.576,8.059],[93.576,8.059],[93.575,8.059],[93.575,8.06],[93.574,8.061],[93.574,8.062],[93.574,8.062],[93.574,8.062],[93.573,8.063],[93.573,8.063],[93.573,8.063],[93.573,8.064],[93.573,8.064],[93.573,8.065],[93.572,8.065],[93.572,8.066],[93.572,8.066],[93.572,8.066],[93.572,8.066],[93.572,8.067],[93.572,8.068],[93.572,8.068],[93.573,8.069],[93.573,8.069],[93.573,8.07],[93.573,8.07],[93.573,8.07],[93.573,8.071],[93.573,8.071],[93.573,8.071],[93.573,8.072],[93.573,8.072],[93.574,8.072],[93.574,8.073],[93.574,8.073],[93.575,8.073],[93.575,8.073],[93.576,8.073],[93.576,8.073],[93.576,8.074],[93.577,8.074],[93.577,8.074],[93.579,8.074],[93.579,8.074],[93.58,8.074],[93.58,8.073],[93.581,8.073],[93.581,8.073],[93.581,8.073],[93.581,8.073],[93.581,8.074],[93.581,8.074],[93.581,8.075],[93.581,8.075],[93.582,8.076],[93.581,8.077],[93.582,8.077],[93.581,8.078],[93.581,8.078],[93.58,8.078],[93.58,8.078],[93.58,8.078],[93.58,8.079],[93.58,8.079],[93.581,8.08],[93.581,8.08],[93.581,8.08],[93.581,8.081],[93.581,8.081],[93.58,8.081],[93.579,8.082],[93.579,8.082],[93.579,8.083],[93.578,8.083],[93.578,8.083],[93.578,8.083],[93.578,8.084],[93.577,8.084],[93.577,8.084],[93.577,8.085],[93.577,8.085],[93.576,8.085],[93.576,8.086],[93.576,8.086],[93.575,8.087],[93.575,8.087],[93.575,8.087],[93.574,8.087],[93.574,8.088],[93.574,8.089],[93.573,8.089],[93.573,8.089],[93.573,8.09],[93.573,8.09],[93.573,8.091],[93.572,8.091],[93.572,8.09],[93.572,8.09],[93.572,8.09],[93.571,8.09],[93.571,8.09],[93.571,8.091],[93.57,8.091],[93.57,8.091],[93.57,8.092],[93.57,8.093],[93.57,8.094],[93.57,8.094],[93.57,8.094],[93.57,8.094],[93.569,8.095],[93.569,8.095],[93.569,8.095],[93.569,8.096],[93.569,8.096],[93.569,8.097],[93.57,8.097],[93.57,8.097],[93.571,8.098],[93.571,8.099],[93.571,8.099],[93.571,8.099],[93.572,8.1],[93.572,8.1],[93.572,8.101],[93.572,8.101],[93.572,8.101],[93.572,8.103],[93.573,8.103],[93.573,8.104],[93.573,8.104],[93.573,8.105],[93.573,8.105],[93.573,8.106],[93.573,8.106],[93.573,8.107],[93.574,8.107],[93.574,8.108],[93.574,8.108],[93.574,8.109],[93.575,8.109],[93.575,8.109],[93.575,8.11],[93.575,8.11],[93.575,8.11],[93.574,8.11],[93.574,8.109],[93.573,8.109],[93.572,8.109],[93.572,8.108],[93.572,8.108],[93.572,8.107],[93.572,8.107],[93.571,8.106],[93.571,8.106],[93.568,8.108],[93.568,8.109],[93.568,8.109],[93.568,8.109],[93.568,8.109],[93.568,8.11],[93.567,8.11],[93.567,8.11],[93.567,8.111],[93.567,8.111],[93.566,8.113],[93.566,8.113],[93.565,8.113],[93.565,8.114],[93.564,8.114],[93.564,8.114],[93.564,8.115],[93.563,8.115],[93.563,8.115],[93.563,8.115],[93.562,8.116],[93.562,8.116],[93.562,8.116],[93.562,8.117],[93.562,8.117],[93.562,8.118],[93.561,8.118],[93.561,8.119],[93.562,8.119],[93.562,8.119],[93.562,8.12],[93.562,8.12],[93.563,8.121],[93.564,8.121],[93.564,8.121],[93.564,8.121],[93.564,8.121],[93.566,8.121],[93.566,8.122],[93.567,8.122],[93.568,8.122],[93.568,8.122],[93.569,8.122],[93.569,8.122],[93.569,8.123],[93.569,8.123],[93.57,8.123],[93.57,8.123],[93.57,8.123],[93.571,8.123],[93.571,8.123],[93.571,8.123],[93.572,8.124],[93.572,8.124],[93.572,8.124],[93.573,8.124],[93.576,8.124],[93.576,8.124],[93.576,8.124],[93.576,8.124],[93.577,8.125],[93.577,8.125],[93.577,8.125],[93.577,8.125],[93.578,8.125],[93.579,8.125]]],[[[93.526,8.231],[93.527,8.231],[93.527,8.231],[93.528,8.231],[93.528,8.231],[93.529,8.232],[93.529,8.232],[93.53,8.232],[93.53,8.232],[93.531,8.231],[93.531,8.231],[93.532,8.231],[93.532,8.231],[93.533,8.23],[93.533,8.23],[93.534,8.23],[93.534,8.23],[93.534,8.23],[93.535,8.23],[93.536,8.23],[93.536,8.23],[93.537,8.23],[93.537,8.23],[93.538,8.229],[93.538,8.229],[93.538,8.229],[93.539,8.229],[93.539,8.228],[93.539,8.228],[93.541,8.227],[93.541,8.227],[93.541,8.227],[93.542,8.227],[93.542,8.226],[93.542,8.226],[93.543,8.226],[93.543,8.226],[93.543,8.226],[93.544,8.226],[93.544,8.225],[93.545,8.223],[93.546,8.221],[93.546,8.219],[93.546,8.217],[93.546,8.215],[93.546,8.214],[93.546,8.213],[93.546,8.212],[93.547,8.211],[93.547,8.21],[93.546,8.208],[93.546,8.208],[93.546,8.207],[93.546,8.204],[93.546,8.204],[93.546,8.203],[93.546,8.202],[93.546,8.201],[93.546,8.201],[93.546,8.199],[93.545,8.199],[93.545,8.198],[93.545,8.198],[93.545,8.197],[93.545,8.197],[93.545,8.196],[93.544,8.196],[93.544,8.195],[93.543,8.194],[93.543,8.194],[93.543,8.193],[93.543,8.193],[93.542,8.192],[93.541,8.192],[93.54,8.192],[93.54,8.192],[93.539,8.192],[93.539,8.191],[93.538,8.19],[93.538,8.19],[93.538,8.189],[93.538,8.188],[93.538,8.188],[93.538,8.187],[93.538,8.187],[93.538,8.186],[93.538,8.186],[93.538,8.185],[93.538,8.185],[93.537,8.184],[93.537,8.183],[93.536,8.183],[93.536,8.183],[93.536,8.183],[93.536,8.182],[93.536,8.182],[93.536,8.181],[93.536,8.181],[93.536,8.181],[93.535,8.18],[93.535,8.18],[93.533,8.178],[93.533,8.178],[93.532,8.177],[93.532,8.177],[93.531,8.176],[93.53,8.176],[93.527,8.173],[93.527,8.173],[93.526,8.172],[93.525,8.171],[93.525,8.171],[93.524,8.172],[93.524,8.173],[93.524,8.173],[93.524,8.174],[93.524,8.174],[93.524,8.174],[93.527,8.177],[93.527,8.177],[93.527,8.177],[93.529,8.177],[93.529,8.177],[93.529,8.177],[93.533,8.181],[93.533,8.181],[93.533,8.181],[93.534,8.182],[93.534,8.182],[93.534,8.182],[93.534,8.183],[93.534,8.183],[93.534,8.184],[93.534,8.184],[93.534,8.184],[93.533,8.184],[93.533,8.183],[93.533,8.183],[93.532,8.183],[93.531,8.182],[93.531,8.182],[93.531,8.182],[93.53,8.182],[93.53,8.182],[93.53,8.182],[93.529,8.181],[93.529,8.181],[93.528,8.181],[93.526,8.178],[93.526,8.178],[93.526,8.178],[93.526,8.177],[93.524,8.176],[93.524,8.176],[93.524,8.175],[93.524,8.174],[93.522,8.172],[93.521,8.172],[93.52,8.173],[93.52,8.173],[93.519,8.173],[93.519,8.173],[93.518,8.173],[93.518,8.173],[93.518,8.173],[93.518,8.172],[93.517,8.172],[93.517,8.171],[93.516,8.171],[93.516,8.171],[93.516,8.17],[93.515,8.17],[93.514,8.17],[93.514,8.17],[93.512,8.169],[93.512,8.169],[93.511,8.169],[93.511,8.168],[93.511,8.167],[93.511,8.167],[93.51,8.167],[93.51,8.167],[93.51,8.166],[93.51,8.166],[93.51,8.166],[93.51,8.164],[93.51,8.164],[93.51,8.164],[93.511,8.163],[93.511,8.163],[93.512,8.163],[93.512,8.163],[93.513,8.163],[93.513,8.162],[93.513,8.161],[93.512,8.161],[93.512,8.16],[93.512,8.16],[93.512,8.159],[93.512,8.159],[93.512,8.158],[93.512,8.158],[93.512,8.157],[93.512,8.157],[93.511,8.157],[93.51,8.156],[93.51,8.156],[93.509,8.156],[93.509,8.156],[93.508,8.156],[93.508,8.155],[93.508,8.155],[93.508,8.154],[93.508,8.153],[93.508,8.153],[93.508,8.153],[93.508,8.152],[93.508,8.152],[93.507,8.152],[93.507,8.151],[93.507,8.151],[93.507,8.15],[93.507,8.15],[93.507,8.149],[93.507,8.149],[93.507,8.149],[93.507,8.149],[93.506,8.149],[93.505,8.149],[93.505,8.149],[93.504,8.149],[93.504,8.149],[93.504,8.149],[93.503,8.149],[93.503,8.148],[93.503,8.148],[93.504,8.147],[93.504,8.147],[93.504,8.147],[93.504,8.147],[93.504,8.146],[93.504,8.146],[93.504,8.145],[93.504,8.144],[93.505,8.144],[93.505,8.144],[93.505,8.143],[93.506,8.143],[93.506,8.142],[93.507,8.142],[93.507,8.142],[93.507,8.142],[93.508,8.142],[93.508,8.142],[93.511,8.139],[93.511,8.139],[93.512,8.138],[93.512,8.138],[93.512,8.138],[93.513,8.138],[93.514,8.137],[93.514,8.137],[93.515,8.136],[93.515,8.135],[93.515,8.135],[93.515,8.134],[93.515,8.134],[93.515,8.134],[93.516,8.134],[93.516,8.133],[93.516,8.133],[93.516,8.133],[93.516,8.132],[93.516,8.132],[93.518,8.13],[93.518,8.13],[93.519,8.128],[93.52,8.128],[93.52,8.127],[93.52,8.127],[93.521,8.126],[93.521,8.125],[93.521,8.125],[93.521,8.125],[93.521,8.125],[93.522,8.124],[93.523,8.123],[93.524,8.123],[93.524,8.122],[93.524,8.122],[93.524,8.122],[93.524,8.121],[93.526,8.119],[93.526,8.117],[93.526,8.117],[93.526,8.117],[93.527,8.116],[93.527,8.116],[93.527,8.115],[93.527,8.115],[93.527,8.114],[93.527,8.114],[93.528,8.114],[93.528,8.114],[93.528,8.113],[93.528,8.113],[93.529,8.112],[93.529,8.111],[93.529,8.111],[93.529,8.11],[93.529,8.11],[93.53,8.109],[93.53,8.108],[93.531,8.107],[93.531,8.107],[93.531,8.106],[93.531,8.106],[93.532,8.106],[93.532,8.106],[93.532,8.105],[93.532,8.105],[93.532,8.105],[93.532,8.104],[93.532,8.104],[93.532,8.103],[93.532,8.103],[93.532,8.1],[93.532,8.099],[93.532,8.099],[93.534,8.097],[93.535,8.096],[93.536,8.096],[93.537,8.095],[93.537,8.095],[93.537,8.095],[93.537,8.095],[93.538,8.094],[93.538,8.094],[93.538,8.094],[93.538,8.094],[93.539,8.093],[93.539,8.093],[93.539,8.093],[93.539,8.093],[93.541,8.091],[93.541,8.091],[93.541,8.091],[93.542,8.091],[93.542,8.091],[93.543,8.091],[93.544,8.091],[93.546,8.091],[93.546,8.091],[93.548,8.088],[93.548,8.087],[93.549,8.087],[93.549,8.085],[93.549,8.084],[93.549,8.084],[93.549,8.084],[93.549,8.084],[93.549,8.083],[93.549,8.083],[93.55,8.083],[93.55,8.083],[93.55,8.082],[93.55,8.082],[93.55,8.082],[93.55,8.081],[93.551,8.081],[93.551,8.081],[93.551,8.081],[93.551,8.08],[93.551,8.079],[93.551,8.079],[93.55,8.079],[93.55,8.077],[93.551,8.076],[93.551,8.076],[93.552,8.075],[93.552,8.074],[93.552,8.074],[93.552,8.073],[93.552,8.073],[93.552,8.072],[93.552,8.072],[93.552,8.072],[93.552,8.07],[93.552,8.07],[93.552,8.069],[93.552,8.069],[93.552,8.068],[93.553,8.068],[93.553,8.067],[93.553,8.067],[93.553,8.066],[93.553,8.066],[93.552,8.066],[93.552,8.066],[93.552,8.065],[93.552,8.065],[93.551,8.064],[93.551,8.062],[93.551,8.062],[93.551,8.061],[93.55,8.06],[93.55,8.059],[93.55,8.059],[93.55,8.059],[93.55,8.059],[93.55,8.058],[93.55,8.057],[93.55,8.057],[93.549,8.057],[93.549,8.057],[93.549,8.056],[93.549,8.053],[93.549,8.052],[93.549,8.051],[93.549,8.051],[93.549,8.051],[93.549,8.05],[93.549,8.05],[93.548,8.049],[93.548,8.049],[93.547,8.049],[93.547,8.05],[93.546,8.05],[93.546,8.049],[93.546,8.049],[93.545,8.049],[93.545,8.049],[93.545,8.049],[93.547,8.047],[93.547,8.047],[93.549,8.045],[93.549,8.044],[93.549,8.044],[93.549,8.043],[93.549,8.043],[93.549,8.042],[93.55,8.042],[93.55,8.041],[93.549,8.041],[93.549,8.039],[93.55,8.039],[93.55,8.038],[93.55,8.038],[93.55,8.037],[93.55,8.036],[93.55,8.036],[93.55,8.036],[93.55,8.036],[93.55,8.035],[93.549,8.035],[93.549,8.036],[93.548,8.036],[93.548,8.036],[93.547,8.036],[93.546,8.036],[93.546,8.036],[93.546,8.037],[93.545,8.037],[93.545,8.037],[93.545,8.037],[93.544,8.037],[93.544,8.037],[93.543,8.038],[93.542,8.037],[93.542,8.038],[93.542,8.038],[93.54,8.039],[93.54,8.039],[93.54,8.039],[93.539,8.039],[93.539,8.039],[93.539,8.04],[93.539,8.04],[93.539,8.04],[93.54,8.041],[93.54,8.042],[93.539,8.042],[93.539,8.042],[93.538,8.044],[93.537,8.044],[93.536,8.045],[93.536,8.045],[93.536,8.046],[93.536,8.046],[93.536,8.047],[93.536,8.047],[93.535,8.047],[93.534,8.047],[93.534,8.047],[93.534,8.047],[93.533,8.048],[93.533,8.048],[93.533,8.048],[93.533,8.048],[93.531,8.049],[93.531,8.049],[93.53,8.049],[93.53,8.048],[93.53,8.048],[93.529,8.048],[93.529,8.047],[93.529,8.046],[93.529,8.046],[93.528,8.046],[93.528,8.046],[93.528,8.045],[93.528,8.045],[93.528,8.044],[93.528,8.042],[93.529,8.042],[93.529,8.041],[93.528,8.04],[93.528,8.04],[93.529,8.039],[93.529,8.039],[93.529,8.039],[93.529,8.038],[93.528,8.037],[93.528,8.037],[93.527,8.036],[93.527,8.036],[93.527,8.036],[93.527,8.034],[93.526,8.034],[93.526,8.033],[93.525,8.032],[93.525,8.032],[93.525,8.032],[93.524,8.032],[93.524,8.032],[93.524,8.032],[93.523,8.033],[93.522,8.033],[93.522,8.033],[93.522,8.033],[93.522,8.034],[93.522,8.034],[93.521,8.034],[93.521,8.035],[93.521,8.035],[93.521,8.036],[93.521,8.037],[93.521,8.037],[93.52,8.037],[93.52,8.037],[93.52,8.037],[93.52,8.036],[93.52,8.036],[93.519,8.035],[93.518,8.035],[93.518,8.035],[93.518,8.035],[93.518,8.034],[93.517,8.034],[93.517,8.034],[93.516,8.034],[93.515,8.034],[93.514,8.034],[93.512,8.034],[93.511,8.034],[93.511,8.034],[93.51,8.034],[93.51,8.034],[93.509,8.034],[93.509,8.034],[93.508,8.034],[93.508,8.033],[93.508,8.032],[93.508,8.031],[93.508,8.03],[93.508,8.03],[93.507,8.029],[93.507,8.028],[93.506,8.027],[93.506,8.025],[93.506,8.024],[93.506,8.024],[93.506,8.023],[93.507,8.023],[93.507,8.023],[93.507,8.022],[93.507,8.022],[93.508,8.021],[93.508,8.021],[93.509,8.021],[93.51,8.021],[93.51,8.02],[93.51,8.02],[93.511,8.019],[93.511,8.019],[93.511,8.019],[93.511,8.018],[93.511,8.018],[93.511,8.017],[93.512,8.017],[93.512,8.017],[93.511,8.015],[93.51,8.015],[93.51,8.015],[93.51,8.015],[93.509,8.015],[93.509,8.015],[93.509,8.016],[93.509,8.016],[93.508,8.016],[93.508,8.016],[93.507,8.015],[93.507,8.014],[93.507,8.014],[93.507,8.013],[93.508,8.012],[93.508,8.012],[93.508,8.011],[93.509,8.011],[93.509,8.011],[93.509,8.01],[93.509,8.009],[93.508,8.009],[93.508,8.009],[93.508,8.009],[93.507,8.008],[93.507,8.007],[93.507,8.007],[93.507,8.006],[93.507,8.006],[93.507,8.005],[93.507,8.005],[93.507,8.004],[93.507,8.004],[93.507,8.003],[93.507,8.003],[93.507,8.002],[93.506,8.001],[93.506,8.001],[93.506,8],[93.506,7.999],[93.505,7.999],[93.505,7.999],[93.504,7.999],[93.504,7.999],[93.504,7.999],[93.503,7.999],[93.503,8],[93.503,8],[93.503,8],[93.503,8.001],[93.502,8],[93.501,8],[93.501,8],[93.502,7.999],[93.502,7.999],[93.502,7.999],[93.502,7.998],[93.502,7.998],[93.502,7.998],[93.502,7.997],[93.501,7.997],[93.501,7.997],[93.5,7.998],[93.5,7.998],[93.499,7.998],[93.499,7.998],[93.499,7.999],[93.498,7.999],[93.498,7.999],[93.497,7.999],[93.497,8],[93.497,8],[93.496,8],[93.496,8],[93.496,8],[93.495,8],[93.495,8],[93.495,8],[93.495,8],[93.494,7.999],[93.494,7.999],[93.493,7.999],[93.493,7.999],[93.492,8],[93.492,8],[93.492,8.001],[93.492,8.001],[93.491,8.002],[93.491,8.003],[93.491,8.004],[93.491,8.004],[93.491,8.004],[93.491,8.005],[93.491,8.005],[93.491,8.006],[93.49,8.006],[93.49,8.006],[93.49,8.006],[93.49,8.007],[93.49,8.007],[93.49,8.008],[93.489,8.008],[93.489,8.008],[93.489,8.009],[93.489,8.009],[93.489,8.009],[93.489,8.009],[93.489,8.01],[93.489,8.01],[93.488,8.01],[93.488,8.011],[93.488,8.011],[93.488,8.011],[93.488,8.011],[93.488,8.012],[93.488,8.012],[93.488,8.012],[93.487,8.012],[93.487,8.013],[93.487,8.013],[93.487,8.014],[93.487,8.014],[93.487,8.014],[93.486,8.015],[93.486,8.015],[93.486,8.015],[93.486,8.016],[93.486,8.016],[93.486,8.016],[93.486,8.017],[93.486,8.018],[93.485,8.018],[93.486,8.018],[93.486,8.018],[93.486,8.019],[93.486,8.019],[93.486,8.019],[93.486,8.02],[93.485,8.021],[93.485,8.021],[93.486,8.021],[93.486,8.022],[93.485,8.023],[93.486,8.024],[93.486,8.024],[93.486,8.025],[93.486,8.025],[93.486,8.028],[93.486,8.029],[93.486,8.029],[93.485,8.03],[93.485,8.031],[93.486,8.031],[93.486,8.031],[93.486,8.031],[93.486,8.033],[93.486,8.033],[93.486,8.033],[93.485,8.034],[93.485,8.035],[93.486,8.035],[93.486,8.036],[93.486,8.036],[93.486,8.036],[93.486,8.037],[93.486,8.039],[93.486,8.039],[93.486,8.042],[93.486,8.042],[93.486,8.042],[93.485,8.043],[93.485,8.044],[93.486,8.045],[93.486,8.045],[93.486,8.046],[93.487,8.046],[93.487,8.046],[93.488,8.046],[93.488,8.046],[93.488,8.046],[93.489,8.046],[93.489,8.046],[93.49,8.047],[93.49,8.047],[93.492,8.045],[93.492,8.044],[93.493,8.044],[93.493,8.044],[93.493,8.043],[93.494,8.043],[93.494,8.043],[93.495,8.043],[93.495,8.043],[93.496,8.043],[93.496,8.042],[93.496,8.042],[93.497,8.042],[93.497,8.042],[93.497,8.041],[93.498,8.041],[93.499,8.041],[93.499,8.04],[93.499,8.039],[93.5,8.039],[93.5,8.04],[93.5,8.04],[93.501,8.041],[93.501,8.041],[93.502,8.041],[93.502,8.043],[93.502,8.044],[93.502,8.044],[93.502,8.044],[93.502,8.045],[93.503,8.045],[93.503,8.047],[93.503,8.047],[93.503,8.047],[93.504,8.048],[93.504,8.048],[93.504,8.047],[93.504,8.046],[93.504,8.046],[93.504,8.044],[93.504,8.044],[93.504,8.043],[93.505,8.043],[93.505,8.042],[93.505,8.042],[93.505,8.042],[93.505,8.041],[93.506,8.041],[93.506,8.041],[93.506,8.042],[93.506,8.043],[93.506,8.043],[93.506,8.044],[93.507,8.044],[93.507,8.045],[93.507,8.045],[93.507,8.045],[93.507,8.046],[93.507,8.046],[93.507,8.046],[93.507,8.047],[93.508,8.047],[93.508,8.048],[93.508,8.049],[93.508,8.049],[93.508,8.049],[93.508,8.05],[93.509,8.05],[93.509,8.051],[93.508,8.052],[93.508,8.052],[93.508,8.052],[93.508,8.052],[93.507,8.053],[93.507,8.053],[93.507,8.054],[93.507,8.054],[93.507,8.054],[93.506,8.054],[93.506,8.054],[93.505,8.054],[93.505,8.054],[93.504,8.054],[93.503,8.055],[93.503,8.056],[93.504,8.056],[93.504,8.056],[93.504,8.056],[93.504,8.056],[93.504,8.057],[93.505,8.057],[93.505,8.057],[93.506,8.057],[93.506,8.057],[93.506,8.057],[93.506,8.057],[93.506,8.057],[93.507,8.058],[93.507,8.058],[93.508,8.057],[93.508,8.057],[93.509,8.058],[93.509,8.058],[93.509,8.058],[93.509,8.059],[93.509,8.059],[93.509,8.06],[93.509,8.06],[93.509,8.061],[93.509,8.062],[93.508,8.063],[93.508,8.064],[93.509,8.064],[93.509,8.064],[93.509,8.065],[93.509,8.065],[93.509,8.066],[93.509,8.066],[93.51,8.066],[93.51,8.066],[93.51,8.067],[93.51,8.067],[93.51,8.067],[93.51,8.068],[93.511,8.068],[93.512,8.068],[93.512,8.068],[93.512,8.068],[93.513,8.068],[93.513,8.067],[93.513,8.067],[93.513,8.067],[93.513,8.066],[93.513,8.066],[93.514,8.066],[93.514,8.065],[93.514,8.065],[93.514,8.064],[93.514,8.064],[93.514,8.064],[93.514,8.064],[93.514,8.063],[93.514,8.062],[93.514,8.062],[93.514,8.061],[93.514,8.06],[93.514,8.06],[93.514,8.059],[93.515,8.059],[93.515,8.058],[93.516,8.057],[93.516,8.056],[93.515,8.056],[93.515,8.055],[93.515,8.055],[93.515,8.054],[93.515,8.054],[93.515,8.053],[93.514,8.053],[93.514,8.052],[93.514,8.052],[93.514,8.051],[93.514,8.051],[93.514,8.05],[93.514,8.05],[93.514,8.049],[93.515,8.049],[93.515,8.049],[93.515,8.049],[93.516,8.049],[93.516,8.048],[93.516,8.048],[93.518,8.047],[93.518,8.047],[93.519,8.048],[93.519,8.049],[93.52,8.049],[93.52,8.049],[93.52,8.049],[93.52,8.05],[93.521,8.051],[93.522,8.051],[93.522,8.051],[93.522,8.051],[93.522,8.051],[93.522,8.052],[93.524,8.052],[93.525,8.053],[93.525,8.053],[93.526,8.053],[93.526,8.054],[93.526,8.054],[93.526,8.055],[93.526,8.056],[93.526,8.056],[93.525,8.057],[93.525,8.057],[93.524,8.057],[93.524,8.057],[93.524,8.058],[93.524,8.062],[93.524,8.063],[93.524,8.063],[93.524,8.064],[93.524,8.064],[93.524,8.064],[93.525,8.064],[93.525,8.064],[93.526,8.063],[93.527,8.063],[93.527,8.064],[93.527,8.064],[93.528,8.064],[93.528,8.064],[93.529,8.064],[93.529,8.064],[93.529,8.065],[93.529,8.065],[93.53,8.066],[93.53,8.066],[93.53,8.066],[93.53,8.068],[93.529,8.068],[93.528,8.068],[93.528,8.068],[93.527,8.068],[93.527,8.068],[93.527,8.068],[93.527,8.068],[93.526,8.067],[93.525,8.067],[93.525,8.067],[93.525,8.067],[93.525,8.068],[93.525,8.068],[93.524,8.068],[93.524,8.069],[93.524,8.069],[93.524,8.07],[93.524,8.07],[93.524,8.07],[93.524,8.072],[93.524,8.073],[93.524,8.073],[93.524,8.073],[93.524,8.074],[93.524,8.074],[93.525,8.075],[93.526,8.076],[93.526,8.076],[93.526,8.076],[93.527,8.076],[93.527,8.076],[93.527,8.076],[93.529,8.078],[93.529,8.078],[93.529,8.078],[93.529,8.078],[93.53,8.078],[93.53,8.079],[93.53,8.079],[93.529,8.079],[93.528,8.079],[93.528,8.078],[93.527,8.078],[93.527,8.078],[93.527,8.078],[93.526,8.078],[93.525,8.078],[93.524,8.078],[93.524,8.079],[93.524,8.081],[93.524,8.081],[93.524,8.082],[93.524,8.082],[93.524,8.082],[93.524,8.083],[93.524,8.083],[93.524,8.083],[93.523,8.083],[93.523,8.084],[93.522,8.084],[93.522,8.084],[93.522,8.084],[93.52,8.081],[93.519,8.081],[93.519,8.082],[93.519,8.082],[93.519,8.082],[93.518,8.082],[93.518,8.083],[93.518,8.083],[93.517,8.083],[93.516,8.083],[93.516,8.084],[93.514,8.084],[93.514,8.084],[93.514,8.083],[93.514,8.083],[93.514,8.083],[93.514,8.082],[93.513,8.082],[93.513,8.081],[93.513,8.081],[93.513,8.08],[93.513,8.08],[93.513,8.079],[93.514,8.079],[93.514,8.079],[93.514,8.078],[93.514,8.078],[93.514,8.077],[93.513,8.077],[93.513,8.077],[93.513,8.077],[93.513,8.076],[93.513,8.075],[93.513,8.074],[93.512,8.074],[93.512,8.074],[93.51,8.074],[93.51,8.074],[93.51,8.074],[93.509,8.073],[93.508,8.073],[93.507,8.073],[93.506,8.072],[93.506,8.072],[93.506,8.071],[93.506,8.07],[93.505,8.069],[93.505,8.068],[93.504,8.068],[93.504,8.069],[93.504,8.069],[93.503,8.069],[93.502,8.069],[93.502,8.068],[93.502,8.068],[93.501,8.067],[93.501,8.066],[93.501,8.066],[93.501,8.066],[93.5,8.065],[93.499,8.065],[93.499,8.065],[93.498,8.065],[93.498,8.065],[93.497,8.065],[93.496,8.066],[93.496,8.066],[93.495,8.065],[93.495,8.065],[93.495,8.065],[93.495,8.064],[93.494,8.063],[93.493,8.063],[93.493,8.063],[93.493,8.063],[93.493,8.063],[93.493,8.063],[93.492,8.063],[93.492,8.062],[93.492,8.062],[93.492,8.062],[93.492,8.061],[93.492,8.061],[93.493,8.061],[93.493,8.061],[93.493,8.06],[93.494,8.06],[93.494,8.06],[93.494,8.059],[93.494,8.058],[93.494,8.057],[93.494,8.057],[93.494,8.055],[93.494,8.054],[93.494,8.054],[93.494,8.054],[93.494,8.053],[93.494,8.053],[93.493,8.052],[93.493,8.051],[93.492,8.05],[93.491,8.05],[93.49,8.049],[93.489,8.05],[93.489,8.05],[93.489,8.05],[93.489,8.051],[93.488,8.051],[93.488,8.051],[93.488,8.052],[93.487,8.052],[93.486,8.051],[93.485,8.052],[93.485,8.052],[93.485,8.052],[93.485,8.054],[93.484,8.055],[93.484,8.055],[93.484,8.055],[93.484,8.056],[93.484,8.056],[93.484,8.056],[93.484,8.057],[93.484,8.057],[93.484,8.057],[93.484,8.058],[93.485,8.058],[93.485,8.059],[93.485,8.059],[93.485,8.06],[93.485,8.06],[93.485,8.061],[93.484,8.061],[93.484,8.061],[93.485,8.062],[93.485,8.064],[93.484,8.064],[93.484,8.064],[93.484,8.065],[93.484,8.065],[93.484,8.066],[93.484,8.067],[93.483,8.067],[93.483,8.068],[93.484,8.068],[93.484,8.069],[93.484,8.069],[93.484,8.069],[93.484,8.069],[93.484,8.07],[93.484,8.071],[93.484,8.072],[93.484,8.072],[93.484,8.073],[93.484,8.074],[93.484,8.074],[93.483,8.074],[93.483,8.078],[93.483,8.078],[93.483,8.078],[93.483,8.079],[93.483,8.079],[93.482,8.08],[93.482,8.08],[93.482,8.081],[93.482,8.081],[93.482,8.081],[93.482,8.082],[93.482,8.082],[93.482,8.083],[93.481,8.083],[93.481,8.084],[93.481,8.085],[93.481,8.085],[93.481,8.085],[93.481,8.086],[93.481,8.086],[93.481,8.087],[93.481,8.087],[93.482,8.086],[93.482,8.086],[93.482,8.086],[93.483,8.086],[93.484,8.086],[93.484,8.087],[93.484,8.087],[93.484,8.087],[93.485,8.087],[93.485,8.087],[93.486,8.087],[93.487,8.088],[93.487,8.088],[93.489,8.089],[93.489,8.089],[93.489,8.09],[93.489,8.09],[93.489,8.09],[93.489,8.091],[93.489,8.091],[93.489,8.092],[93.489,8.092],[93.489,8.093],[93.488,8.093],[93.487,8.093],[93.487,8.094],[93.486,8.094],[93.485,8.095],[93.485,8.095],[93.484,8.096],[93.483,8.096],[93.482,8.096],[93.482,8.096],[93.482,8.096],[93.481,8.096],[93.481,8.096],[93.481,8.096],[93.481,8.096],[93.481,8.095],[93.481,8.095],[93.481,8.095],[93.48,8.093],[93.48,8.093],[93.479,8.092],[93.479,8.091],[93.479,8.091],[93.478,8.09],[93.477,8.092],[93.476,8.093],[93.476,8.093],[93.475,8.094],[93.474,8.095],[93.474,8.096],[93.472,8.098],[93.472,8.098],[93.471,8.099],[93.471,8.099],[93.471,8.099],[93.471,8.1],[93.47,8.1],[93.47,8.101],[93.47,8.101],[93.47,8.101],[93.47,8.101],[93.47,8.102],[93.469,8.103],[93.469,8.103],[93.468,8.103],[93.468,8.104],[93.468,8.104],[93.468,8.104],[93.468,8.104],[93.468,8.105],[93.467,8.105],[93.467,8.106],[93.467,8.106],[93.467,8.106],[93.467,8.106],[93.467,8.107],[93.466,8.107],[93.466,8.108],[93.466,8.108],[93.466,8.109],[93.466,8.109],[93.466,8.109],[93.466,8.11],[93.466,8.111],[93.466,8.111],[93.466,8.112],[93.466,8.112],[93.466,8.113],[93.464,8.115],[93.464,8.115],[93.464,8.115],[93.464,8.116],[93.465,8.117],[93.465,8.117],[93.466,8.117],[93.466,8.117],[93.466,8.117],[93.466,8.117],[93.466,8.117],[93.466,8.118],[93.467,8.118],[93.468,8.118],[93.468,8.118],[93.468,8.119],[93.467,8.119],[93.466,8.119],[93.466,8.119],[93.465,8.119],[93.465,8.119],[93.465,8.119],[93.465,8.119],[93.464,8.119],[93.464,8.119],[93.464,8.119],[93.463,8.119],[93.462,8.118],[93.462,8.118],[93.461,8.119],[93.461,8.12],[93.461,8.12],[93.461,8.12],[93.46,8.121],[93.46,8.121],[93.46,8.121],[93.46,8.121],[93.46,8.122],[93.46,8.122],[93.459,8.122],[93.459,8.123],[93.459,8.123],[93.459,8.124],[93.459,8.124],[93.459,8.124],[93.459,8.125],[93.459,8.125],[93.46,8.126],[93.46,8.126],[93.46,8.126],[93.46,8.128],[93.46,8.128],[93.46,8.129],[93.459,8.129],[93.459,8.13],[93.458,8.131],[93.458,8.132],[93.458,8.132],[93.458,8.134],[93.459,8.135],[93.459,8.135],[93.46,8.136],[93.46,8.136],[93.461,8.137],[93.461,8.137],[93.462,8.138],[93.462,8.138],[93.463,8.138],[93.463,8.138],[93.463,8.138],[93.463,8.138],[93.465,8.139],[93.465,8.14],[93.464,8.14],[93.464,8.141],[93.464,8.141],[93.464,8.141],[93.464,8.141],[93.464,8.142],[93.464,8.142],[93.464,8.142],[93.463,8.143],[93.461,8.143],[93.461,8.143],[93.46,8.143],[93.46,8.143],[93.46,8.142],[93.459,8.142],[93.459,8.142],[93.459,8.141],[93.458,8.141],[93.457,8.143],[93.457,8.143],[93.457,8.143],[93.457,8.144],[93.456,8.144],[93.456,8.144],[93.456,8.144],[93.456,8.145],[93.456,8.145],[93.456,8.146],[93.456,8.146],[93.456,8.148],[93.455,8.149],[93.455,8.151],[93.455,8.151],[93.455,8.152],[93.455,8.152],[93.455,8.153],[93.456,8.154],[93.456,8.155],[93.456,8.155],[93.456,8.156],[93.456,8.157],[93.457,8.157],[93.457,8.158],[93.456,8.159],[93.456,8.159],[93.456,8.159],[93.456,8.16],[93.456,8.161],[93.455,8.161],[93.455,8.162],[93.455,8.162],[93.455,8.163],[93.455,8.163],[93.455,8.164],[93.454,8.164],[93.454,8.164],[93.454,8.165],[93.454,8.165],[93.454,8.166],[93.454,8.166],[93.454,8.166],[93.454,8.168],[93.454,8.169],[93.454,8.169],[93.455,8.168],[93.455,8.168],[93.455,8.169],[93.455,8.169],[93.455,8.17],[93.455,8.17],[93.455,8.171],[93.455,8.171],[93.455,8.172],[93.455,8.172],[93.454,8.173],[93.454,8.173],[93.454,8.173],[93.454,8.173],[93.454,8.174],[93.454,8.174],[93.454,8.174],[93.454,8.175],[93.454,8.175],[93.455,8.176],[93.455,8.176],[93.456,8.176],[93.456,8.176],[93.457,8.177],[93.457,8.177],[93.457,8.177],[93.458,8.177],[93.459,8.178],[93.459,8.178],[93.459,8.179],[93.46,8.179],[93.46,8.179],[93.462,8.179],[93.463,8.18],[93.464,8.18],[93.464,8.18],[93.465,8.18],[93.466,8.18],[93.466,8.18],[93.467,8.181],[93.467,8.181],[93.469,8.181],[93.469,8.181],[93.47,8.182],[93.47,8.182],[93.471,8.182],[93.471,8.182],[93.471,8.182],[93.472,8.183],[93.472,8.183],[93.473,8.183],[93.473,8.183],[93.475,8.183],[93.475,8.184],[93.476,8.184],[93.477,8.185],[93.478,8.186],[93.478,8.187],[93.478,8.187],[93.479,8.188],[93.479,8.189],[93.48,8.189],[93.48,8.19],[93.48,8.19],[93.481,8.191],[93.481,8.192],[93.481,8.193],[93.482,8.193],[93.483,8.194],[93.483,8.194],[93.483,8.194],[93.484,8.195],[93.485,8.196],[93.486,8.196],[93.486,8.196],[93.486,8.196],[93.486,8.196],[93.487,8.196],[93.487,8.196],[93.488,8.196],[93.488,8.197],[93.488,8.197],[93.491,8.199],[93.491,8.202],[93.49,8.203],[93.49,8.204],[93.491,8.204],[93.491,8.204],[93.491,8.205],[93.491,8.206],[93.492,8.206],[93.492,8.206],[93.492,8.206],[93.492,8.207],[93.492,8.207],[93.492,8.208],[93.493,8.208],[93.493,8.211],[93.492,8.211],[93.492,8.212],[93.492,8.212],[93.492,8.213],[93.492,8.213],[93.492,8.215],[93.492,8.216],[93.492,8.216],[93.492,8.217],[93.491,8.217],[93.491,8.217],[93.491,8.218],[93.492,8.219],[93.492,8.219],[93.492,8.219],[93.492,8.219],[93.492,8.22],[93.492,8.22],[93.493,8.221],[93.493,8.221],[93.495,8.223],[93.496,8.224],[93.498,8.224],[93.499,8.224],[93.499,8.225],[93.5,8.225],[93.502,8.225],[93.503,8.226],[93.504,8.226],[93.504,8.226],[93.505,8.226],[93.505,8.226],[93.506,8.226],[93.506,8.227],[93.507,8.227],[93.507,8.227],[93.507,8.228],[93.508,8.228],[93.508,8.228],[93.508,8.228],[93.509,8.229],[93.509,8.229],[93.51,8.229],[93.51,8.229],[93.511,8.228],[93.511,8.228],[93.511,8.228],[93.512,8.228],[93.512,8.228],[93.513,8.228],[93.513,8.228],[93.513,8.228],[93.514,8.228],[93.514,8.229],[93.514,8.229],[93.515,8.229],[93.515,8.229],[93.515,8.23],[93.516,8.23],[93.516,8.23],[93.517,8.231],[93.517,8.231],[93.517,8.231],[93.517,8.231],[93.518,8.231],[93.518,8.231],[93.518,8.231],[93.519,8.231],[93.519,8.232],[93.519,8.232],[93.52,8.232],[93.52,8.233],[93.521,8.233],[93.521,8.233],[93.522,8.233],[93.522,8.233],[93.523,8.233],[93.523,8.233],[93.523,8.233],[93.524,8.233],[93.524,8.233],[93.525,8.233],[93.525,8.232],[93.525,8.232],[93.526,8.232],[93.526,8.232],[93.526,8.231],[93.526,8.231]]],[[[93.235,8.266],[93.236,8.265],[93.236,8.265],[93.238,8.264],[93.238,8.264],[93.238,8.263],[93.238,8.262],[93.239,8.261],[93.239,8.261],[93.24,8.26],[93.24,8.26],[93.24,8.26],[93.24,8.259],[93.24,8.259],[93.24,8.259],[93.241,8.259],[93.241,8.258],[93.241,8.257],[93.241,8.257],[93.241,8.257],[93.241,8.256],[93.241,8.256],[93.241,8.256],[93.242,8.256],[93.242,8.255],[93.242,8.255],[93.242,8.254],[93.243,8.254],[93.243,8.253],[93.243,8.252],[93.243,8.252],[93.243,8.252],[93.243,8.252],[93.244,8.251],[93.244,8.25],[93.244,8.25],[93.244,8.25],[93.246,8.248],[93.246,8.248],[93.246,8.248],[93.246,8.247],[93.247,8.247],[93.247,8.246],[93.247,8.246],[93.247,8.245],[93.247,8.244],[93.247,8.244],[93.248,8.243],[93.248,8.243],[93.248,8.243],[93.248,8.242],[93.249,8.241],[93.25,8.241],[93.249,8.24],[93.249,8.239],[93.25,8.239],[93.25,8.238],[93.249,8.238],[93.249,8.238],[93.249,8.237],[93.249,8.237],[93.25,8.237],[93.251,8.236],[93.251,8.235],[93.251,8.235],[93.251,8.234],[93.251,8.234],[93.252,8.233],[93.252,8.233],[93.251,8.233],[93.251,8.233],[93.251,8.233],[93.251,8.232],[93.251,8.231],[93.251,8.231],[93.251,8.231],[93.251,8.231],[93.251,8.23],[93.252,8.229],[93.252,8.229],[93.252,8.229],[93.252,8.229],[93.252,8.228],[93.251,8.228],[93.251,8.227],[93.251,8.226],[93.251,8.226],[93.25,8.225],[93.25,8.225],[93.25,8.226],[93.249,8.226],[93.249,8.225],[93.249,8.225],[93.249,8.224],[93.248,8.224],[93.248,8.224],[93.248,8.224],[93.248,8.225],[93.247,8.224],[93.247,8.224],[93.247,8.224],[93.247,8.224],[93.246,8.224],[93.246,8.223],[93.246,8.223],[93.246,8.223],[93.245,8.223],[93.245,8.223],[93.243,8.223],[93.243,8.223],[93.243,8.223],[93.242,8.223],[93.242,8.223],[93.242,8.223],[93.241,8.223],[93.241,8.223],[93.241,8.224],[93.24,8.224],[93.24,8.224],[93.24,8.223],[93.239,8.223],[93.24,8.222],[93.24,8.222],[93.24,8.221],[93.239,8.221],[93.239,8.221],[93.238,8.222],[93.237,8.222],[93.237,8.223],[93.237,8.223],[93.236,8.223],[93.236,8.223],[93.235,8.224],[93.235,8.224],[93.234,8.224],[93.235,8.225],[93.235,8.226],[93.234,8.226],[93.234,8.226],[93.234,8.227],[93.234,8.228],[93.233,8.228],[93.233,8.228],[93.233,8.229],[93.233,8.23],[93.233,8.23],[93.233,8.231],[93.232,8.231],[93.232,8.232],[93.231,8.232],[93.231,8.232],[93.23,8.232],[93.23,8.232],[93.23,8.233],[93.229,8.233],[93.229,8.233],[93.229,8.233],[93.228,8.233],[93.226,8.235],[93.226,8.235],[93.225,8.236],[93.225,8.237],[93.224,8.237],[93.224,8.237],[93.224,8.238],[93.224,8.239],[93.223,8.239],[93.223,8.24],[93.223,8.24],[93.222,8.241],[93.222,8.241],[93.221,8.242],[93.221,8.242],[93.221,8.243],[93.221,8.243],[93.221,8.244],[93.221,8.244],[93.22,8.245],[93.22,8.246],[93.22,8.247],[93.22,8.248],[93.22,8.249],[93.22,8.249],[93.221,8.25],[93.221,8.251],[93.221,8.252],[93.221,8.253],[93.221,8.254],[93.221,8.254],[93.221,8.254],[93.221,8.255],[93.221,8.255],[93.222,8.255],[93.222,8.257],[93.223,8.258],[93.223,8.258],[93.224,8.259],[93.224,8.26],[93.225,8.26],[93.226,8.26],[93.226,8.261],[93.227,8.261],[93.227,8.261],[93.228,8.262],[93.229,8.262],[93.231,8.263],[93.232,8.263],[93.233,8.264],[93.234,8.264],[93.235,8.264],[93.235,8.265],[93.235,8.265],[93.235,8.266],[93.235,8.266]]],[[[93.126,8.356],[93.127,8.356],[93.128,8.356],[93.128,8.355],[93.129,8.355],[93.129,8.354],[93.129,8.354],[93.129,8.353],[93.129,8.352],[93.129,8.352],[93.13,8.352],[93.131,8.351],[93.131,8.351],[93.131,8.35],[93.131,8.35],[93.131,8.349],[93.132,8.348],[93.132,8.348],[93.133,8.349],[93.134,8.349],[93.134,8.349],[93.136,8.349],[93.136,8.349],[93.136,8.349],[93.137,8.348],[93.138,8.348],[93.138,8.348],[93.139,8.348],[93.139,8.348],[93.143,8.348],[93.143,8.347],[93.143,8.347],[93.143,8.347],[93.143,8.347],[93.143,8.346],[93.143,8.344],[93.143,8.344],[93.143,8.341],[93.143,8.341],[93.143,8.341],[93.142,8.34],[93.142,8.339],[93.142,8.339],[93.142,8.339],[93.141,8.339],[93.141,8.338],[93.141,8.338],[93.141,8.337],[93.141,8.337],[93.141,8.336],[93.141,8.336],[93.141,8.336],[93.141,8.336],[93.141,8.335],[93.141,8.335],[93.141,8.334],[93.141,8.334],[93.141,8.331],[93.141,8.33],[93.141,8.329],[93.141,8.329],[93.141,8.329],[93.141,8.329],[93.141,8.328],[93.14,8.328],[93.14,8.328],[93.14,8.327],[93.14,8.327],[93.14,8.326],[93.14,8.326],[93.139,8.326],[93.139,8.326],[93.137,8.323],[93.137,8.323],[93.137,8.323],[93.137,8.323],[93.136,8.322],[93.136,8.322],[93.136,8.321],[93.136,8.321],[93.136,8.321],[93.136,8.321],[93.135,8.32],[93.135,8.32],[93.135,8.319],[93.135,8.319],[93.135,8.319],[93.135,8.319],[93.134,8.318],[93.134,8.318],[93.134,8.317],[93.134,8.317],[93.133,8.316],[93.133,8.316],[93.133,8.315],[93.133,8.314],[93.133,8.314],[93.133,8.313],[93.132,8.313],[93.132,8.312],[93.132,8.312],[93.132,8.311],[93.131,8.31],[93.131,8.31],[93.131,8.309],[93.132,8.309],[93.132,8.308],[93.132,8.308],[93.132,8.307],[93.133,8.307],[93.133,8.306],[93.133,8.306],[93.133,8.306],[93.133,8.305],[93.132,8.304],[93.133,8.303],[93.133,8.302],[93.134,8.302],[93.134,8.302],[93.134,8.301],[93.134,8.301],[93.133,8.3],[93.133,8.3],[93.132,8.3],[93.132,8.299],[93.132,8.299],[93.132,8.298],[93.132,8.298],[93.132,8.298],[93.132,8.297],[93.132,8.297],[93.132,8.297],[93.132,8.296],[93.132,8.296],[93.131,8.296],[93.131,8.295],[93.131,8.295],[93.131,8.294],[93.131,8.294],[93.131,8.293],[93.131,8.293],[93.131,8.292],[93.131,8.292],[93.131,8.292],[93.131,8.292],[93.13,8.291],[93.13,8.291],[93.129,8.29],[93.129,8.29],[93.129,8.289],[93.129,8.289],[93.129,8.289],[93.127,8.286],[93.127,8.285],[93.126,8.283],[93.126,8.282],[93.126,8.282],[93.126,8.281],[93.126,8.281],[93.126,8.28],[93.126,8.279],[93.126,8.277],[93.126,8.277],[93.126,8.276],[93.127,8.276],[93.127,8.276],[93.127,8.276],[93.127,8.275],[93.128,8.274],[93.128,8.274],[93.128,8.274],[93.128,8.273],[93.129,8.273],[93.129,8.272],[93.129,8.272],[93.129,8.271],[93.129,8.271],[93.129,8.271],[93.13,8.27],[93.13,8.27],[93.13,8.27],[93.13,8.269],[93.13,8.269],[93.13,8.269],[93.131,8.269],[93.131,8.268],[93.131,8.268],[93.131,8.268],[93.131,8.267],[93.131,8.267],[93.132,8.266],[93.132,8.266],[93.132,8.266],[93.132,8.265],[93.133,8.264],[93.133,8.264],[93.136,8.262],[93.136,8.261],[93.137,8.261],[93.137,8.26],[93.138,8.259],[93.138,8.259],[93.141,8.256],[93.142,8.256],[93.143,8.255],[93.143,8.254],[93.144,8.253],[93.145,8.253],[93.145,8.253],[93.145,8.252],[93.146,8.252],[93.146,8.251],[93.147,8.251],[93.148,8.25],[93.148,8.25],[93.148,8.249],[93.148,8.249],[93.149,8.249],[93.149,8.248],[93.149,8.248],[93.15,8.248],[93.152,8.245],[93.152,8.245],[93.153,8.244],[93.154,8.244],[93.154,8.243],[93.155,8.243],[93.155,8.242],[93.156,8.242],[93.156,8.242],[93.156,8.242],[93.157,8.241],[93.157,8.241],[93.157,8.241],[93.158,8.241],[93.159,8.241],[93.16,8.241],[93.161,8.24],[93.161,8.24],[93.161,8.24],[93.162,8.24],[93.162,8.239],[93.163,8.239],[93.164,8.239],[93.165,8.238],[93.165,8.238],[93.166,8.238],[93.166,8.238],[93.167,8.237],[93.167,8.237],[93.167,8.237],[93.168,8.237],[93.168,8.237],[93.169,8.237],[93.169,8.236],[93.169,8.236],[93.17,8.236],[93.17,8.236],[93.171,8.236],[93.171,8.235],[93.172,8.235],[93.172,8.235],[93.173,8.235],[93.173,8.234],[93.173,8.234],[93.174,8.234],[93.174,8.234],[93.175,8.233],[93.175,8.233],[93.175,8.233],[93.176,8.233],[93.176,8.232],[93.177,8.232],[93.177,8.231],[93.177,8.231],[93.178,8.231],[93.178,8.231],[93.179,8.23],[93.179,8.23],[93.179,8.23],[93.18,8.23],[93.181,8.23],[93.181,8.229],[93.181,8.229],[93.182,8.229],[93.182,8.229],[93.182,8.229],[93.183,8.229],[93.183,8.228],[93.183,8.228],[93.183,8.228],[93.184,8.228],[93.184,8.228],[93.186,8.228],[93.186,8.227],[93.187,8.227],[93.187,8.227],[93.188,8.227],[93.188,8.227],[93.189,8.227],[93.19,8.227],[93.19,8.227],[93.191,8.226],[93.191,8.226],[93.191,8.226],[93.192,8.226],[93.192,8.226],[93.192,8.226],[93.192,8.226],[93.193,8.225],[93.194,8.225],[93.194,8.225],[93.195,8.225],[93.195,8.224],[93.196,8.224],[93.196,8.223],[93.196,8.223],[93.196,8.222],[93.197,8.222],[93.197,8.221],[93.197,8.221],[93.197,8.221],[93.198,8.22],[93.198,8.22],[93.199,8.219],[93.199,8.219],[93.2,8.219],[93.2,8.219],[93.201,8.218],[93.201,8.218],[93.202,8.218],[93.202,8.218],[93.205,8.216],[93.205,8.215],[93.205,8.215],[93.205,8.214],[93.206,8.213],[93.206,8.213],[93.205,8.212],[93.205,8.212],[93.205,8.211],[93.205,8.211],[93.205,8.21],[93.204,8.21],[93.204,8.209],[93.204,8.209],[93.204,8.209],[93.204,8.209],[93.204,8.208],[93.204,8.208],[93.204,8.208],[93.204,8.206],[93.204,8.206],[93.204,8.205],[93.204,8.204],[93.204,8.203],[93.204,8.203],[93.204,8.202],[93.203,8.201],[93.203,8.201],[93.203,8.201],[93.203,8.2],[93.203,8.199],[93.203,8.199],[93.202,8.199],[93.202,8.198],[93.202,8.198],[93.202,8.197],[93.202,8.197],[93.202,8.196],[93.199,8.194],[93.199,8.194],[93.199,8.194],[93.199,8.194],[93.198,8.194],[93.197,8.194],[93.197,8.194],[93.196,8.194],[93.196,8.193],[93.195,8.193],[93.195,8.193],[93.195,8.193],[93.194,8.194],[93.193,8.194],[93.193,8.194],[93.191,8.194],[93.191,8.194],[93.19,8.194],[93.189,8.193],[93.189,8.193],[93.189,8.193],[93.189,8.193],[93.188,8.193],[93.188,8.193],[93.188,8.193],[93.187,8.193],[93.187,8.194],[93.187,8.194],[93.186,8.194],[93.186,8.194],[93.186,8.195],[93.185,8.195],[93.184,8.195],[93.184,8.195],[93.183,8.195],[93.183,8.195],[93.183,8.196],[93.182,8.196],[93.182,8.196],[93.18,8.196],[93.18,8.196],[93.179,8.196],[93.179,8.196],[93.179,8.196],[93.179,8.197],[93.179,8.198],[93.179,8.198],[93.179,8.198],[93.178,8.198],[93.178,8.198],[93.178,8.198],[93.177,8.198],[93.177,8.198],[93.176,8.199],[93.177,8.199],[93.177,8.199],[93.177,8.2],[93.176,8.2],[93.176,8.2],[93.175,8.2],[93.175,8.2],[93.174,8.2],[93.174,8.2],[93.174,8.2],[93.174,8.199],[93.173,8.199],[93.173,8.199],[93.172,8.2],[93.173,8.201],[93.172,8.201],[93.172,8.201],[93.172,8.201],[93.172,8.201],[93.171,8.201],[93.171,8.201],[93.169,8.201],[93.169,8.2],[93.168,8.2],[93.168,8.2],[93.168,8.2],[93.167,8.2],[93.166,8.2],[93.166,8.2],[93.166,8.2],[93.165,8.201],[93.164,8.201],[93.164,8.201],[93.163,8.201],[93.163,8.201],[93.162,8.201],[93.162,8.201],[93.161,8.201],[93.161,8.201],[93.161,8.202],[93.161,8.203],[93.16,8.203],[93.16,8.203],[93.16,8.204],[93.16,8.204],[93.159,8.205],[93.159,8.205],[93.159,8.205],[93.159,8.206],[93.158,8.206],[93.158,8.206],[93.157,8.206],[93.157,8.206],[93.156,8.207],[93.155,8.207],[93.155,8.207],[93.155,8.207],[93.154,8.206],[93.153,8.207],[93.153,8.207],[93.153,8.208],[93.153,8.208],[93.153,8.209],[93.153,8.209],[93.153,8.209],[93.152,8.209],[93.152,8.209],[93.152,8.209],[93.151,8.209],[93.151,8.209],[93.15,8.209],[93.15,8.21],[93.15,8.21],[93.149,8.21],[93.149,8.21],[93.148,8.21],[93.148,8.21],[93.147,8.21],[93.146,8.211],[93.146,8.211],[93.146,8.211],[93.145,8.212],[93.145,8.212],[93.144,8.212],[93.144,8.212],[93.143,8.213],[93.142,8.213],[93.142,8.213],[93.141,8.214],[93.141,8.214],[93.141,8.214],[93.141,8.214],[93.141,8.214],[93.14,8.214],[93.14,8.215],[93.139,8.215],[93.139,8.215],[93.139,8.215],[93.139,8.215],[93.137,8.215],[93.137,8.215],[93.137,8.215],[93.136,8.214],[93.135,8.215],[93.135,8.217],[93.134,8.217],[93.134,8.217],[93.133,8.218],[93.133,8.218],[93.133,8.218],[93.133,8.219],[93.132,8.219],[93.129,8.219],[93.129,8.219],[93.129,8.219],[93.128,8.22],[93.128,8.22],[93.128,8.22],[93.127,8.22],[93.126,8.221],[93.126,8.221],[93.125,8.222],[93.125,8.221],[93.125,8.221],[93.124,8.221],[93.124,8.221],[93.123,8.221],[93.122,8.222],[93.122,8.222],[93.121,8.223],[93.121,8.223],[93.12,8.224],[93.12,8.224],[93.119,8.224],[93.119,8.225],[93.119,8.226],[93.118,8.226],[93.118,8.226],[93.118,8.226],[93.117,8.226],[93.117,8.226],[93.117,8.226],[93.116,8.226],[93.115,8.227],[93.115,8.227],[93.115,8.228],[93.115,8.229],[93.116,8.23],[93.116,8.23],[93.116,8.231],[93.116,8.232],[93.116,8.232],[93.115,8.233],[93.115,8.233],[93.114,8.233],[93.114,8.233],[93.113,8.233],[93.113,8.233],[93.112,8.232],[93.11,8.234],[93.11,8.234],[93.11,8.235],[93.11,8.235],[93.109,8.236],[93.109,8.236],[93.109,8.236],[93.109,8.236],[93.107,8.238],[93.107,8.238],[93.107,8.238],[93.106,8.239],[93.106,8.239],[93.105,8.24],[93.104,8.241],[93.104,8.242],[93.104,8.242],[93.103,8.242],[93.103,8.243],[93.103,8.243],[93.103,8.244],[93.103,8.245],[93.102,8.245],[93.102,8.245],[93.101,8.246],[93.101,8.246],[93.101,8.246],[93.101,8.247],[93.101,8.248],[93.101,8.248],[93.101,8.249],[93.101,8.249],[93.1,8.25],[93.1,8.25],[93.1,8.251],[93.1,8.251],[93.1,8.252],[93.1,8.252],[93.1,8.252],[93.1,8.253],[93.1,8.253],[93.101,8.253],[93.1,8.254],[93.1,8.254],[93.099,8.254],[93.099,8.254],[93.099,8.253],[93.099,8.253],[93.098,8.253],[93.098,8.255],[93.097,8.256],[93.097,8.256],[93.096,8.257],[93.096,8.257],[93.096,8.257],[93.096,8.258],[93.096,8.258],[93.096,8.258],[93.096,8.258],[93.096,8.259],[93.095,8.259],[93.095,8.259],[93.094,8.261],[93.093,8.262],[93.093,8.262],[93.092,8.263],[93.092,8.263],[93.092,8.264],[93.092,8.264],[93.091,8.264],[93.091,8.264],[93.091,8.265],[93.091,8.265],[93.091,8.265],[93.09,8.265],[93.09,8.266],[93.09,8.266],[93.09,8.266],[93.089,8.266],[93.089,8.267],[93.089,8.267],[93.088,8.267],[93.088,8.268],[93.088,8.268],[93.088,8.268],[93.088,8.269],[93.088,8.269],[93.087,8.269],[93.087,8.27],[93.087,8.27],[93.087,8.271],[93.087,8.271],[93.087,8.271],[93.086,8.271],[93.086,8.272],[93.086,8.272],[93.086,8.273],[93.086,8.273],[93.086,8.273],[93.086,8.273],[93.086,8.274],[93.085,8.274],[93.085,8.275],[93.085,8.275],[93.085,8.276],[93.085,8.276],[93.085,8.276],[93.085,8.277],[93.085,8.278],[93.085,8.278],[93.085,8.278],[93.085,8.279],[93.084,8.279],[93.084,8.279],[93.084,8.28],[93.084,8.281],[93.084,8.282],[93.084,8.282],[93.084,8.283],[93.084,8.284],[93.084,8.285],[93.084,8.285],[93.084,8.285],[93.085,8.286],[93.085,8.286],[93.085,8.287],[93.085,8.287],[93.085,8.288],[93.084,8.289],[93.084,8.289],[93.084,8.29],[93.084,8.291],[93.084,8.291],[93.084,8.291],[93.084,8.292],[93.084,8.292],[93.084,8.294],[93.083,8.294],[93.083,8.296],[93.084,8.296],[93.084,8.297],[93.084,8.297],[93.084,8.298],[93.084,8.298],[93.084,8.298],[93.084,8.299],[93.084,8.299],[93.084,8.3],[93.084,8.3],[93.084,8.301],[93.085,8.301],[93.085,8.302],[93.085,8.302],[93.085,8.303],[93.085,8.303],[93.085,8.303],[93.084,8.304],[93.084,8.304],[93.085,8.305],[93.085,8.305],[93.085,8.305],[93.085,8.306],[93.085,8.306],[93.085,8.307],[93.085,8.308],[93.086,8.308],[93.086,8.309],[93.086,8.31],[93.087,8.311],[93.087,8.312],[93.088,8.313],[93.089,8.314],[93.089,8.314],[93.089,8.315],[93.09,8.316],[93.09,8.316],[93.09,8.317],[93.09,8.317],[93.09,8.317],[93.091,8.318],[93.091,8.318],[93.092,8.319],[93.092,8.32],[93.092,8.32],[93.092,8.321],[93.092,8.321],[93.092,8.321],[93.092,8.322],[93.092,8.322],[93.094,8.323],[93.094,8.324],[93.094,8.324],[93.094,8.324],[93.094,8.325],[93.094,8.325],[93.095,8.326],[93.095,8.329],[93.094,8.329],[93.094,8.33],[93.094,8.33],[93.094,8.332],[93.094,8.333],[93.094,8.334],[93.094,8.334],[93.094,8.336],[93.094,8.336],[93.094,8.337],[93.094,8.337],[93.094,8.338],[93.095,8.338],[93.095,8.339],[93.095,8.339],[93.095,8.34],[93.095,8.34],[93.095,8.34],[93.096,8.34],[93.096,8.34],[93.097,8.34],[93.097,8.341],[93.097,8.341],[93.098,8.341],[93.098,8.341],[93.099,8.341],[93.099,8.342],[93.099,8.342],[93.1,8.342],[93.1,8.342],[93.1,8.343],[93.101,8.343],[93.101,8.344],[93.101,8.344],[93.101,8.345],[93.101,8.345],[93.103,8.347],[93.103,8.347],[93.104,8.347],[93.105,8.347],[93.105,8.348],[93.105,8.348],[93.105,8.349],[93.106,8.35],[93.107,8.35],[93.107,8.35],[93.107,8.35],[93.109,8.349],[93.11,8.348],[93.111,8.348],[93.111,8.348],[93.111,8.347],[93.112,8.347],[93.112,8.347],[93.113,8.347],[93.114,8.348],[93.114,8.348],[93.115,8.349],[93.115,8.349],[93.115,8.349],[93.115,8.349],[93.114,8.35],[93.114,8.35],[93.115,8.351],[93.115,8.351],[93.116,8.35],[93.117,8.35],[93.117,8.349],[93.118,8.349],[93.118,8.349],[93.118,8.349],[93.118,8.349],[93.119,8.349],[93.119,8.35],[93.12,8.35],[93.12,8.35],[93.12,8.351],[93.121,8.351],[93.121,8.351],[93.121,8.351],[93.122,8.351],[93.122,8.352],[93.122,8.352],[93.122,8.352],[93.122,8.352],[93.122,8.353],[93.123,8.353],[93.123,8.353],[93.123,8.353],[93.123,8.353],[93.123,8.353],[93.123,8.354],[93.124,8.354],[93.124,8.354],[93.124,8.354],[93.124,8.354],[93.124,8.355],[93.125,8.355],[93.125,8.355],[93.125,8.356],[93.126,8.356],[93.126,8.356]]],[[[93.652,8.394],[93.653,8.394],[93.653,8.394],[93.653,8.393],[93.653,8.393],[93.654,8.393],[93.654,8.393],[93.655,8.392],[93.655,8.392],[93.656,8.391],[93.656,8.391],[93.657,8.391],[93.657,8.391],[93.657,8.391],[93.657,8.391],[93.657,8.39],[93.656,8.389],[93.655,8.389],[93.655,8.389],[93.655,8.389],[93.654,8.388],[93.653,8.388],[93.653,8.388],[93.653,8.388],[93.652,8.388],[93.652,8.389],[93.652,8.389],[93.651,8.389],[93.651,8.389],[93.651,8.389],[93.651,8.39],[93.651,8.39],[93.65,8.39],[93.65,8.39],[93.649,8.39],[93.649,8.39],[93.649,8.39],[93.648,8.389],[93.647,8.39],[93.647,8.39],[93.647,8.39],[93.647,8.391],[93.646,8.391],[93.646,8.392],[93.646,8.392],[93.646,8.392],[93.646,8.393],[93.645,8.393],[93.644,8.393],[93.644,8.393],[93.644,8.393],[93.644,8.394],[93.644,8.394],[93.644,8.394],[93.644,8.394],[93.645,8.394],[93.645,8.395],[93.646,8.395],[93.646,8.394],[93.646,8.394],[93.647,8.394],[93.648,8.394],[93.648,8.394],[93.649,8.394],[93.649,8.394],[93.651,8.394],[93.651,8.395],[93.652,8.395],[93.652,8.394]]],[[[93.635,8.395],[93.635,8.395],[93.634,8.395],[93.634,8.396],[93.634,8.396],[93.633,8.397],[93.633,8.397],[93.633,8.398],[93.633,8.398],[93.634,8.398],[93.634,8.398],[93.635,8.398],[93.635,8.397],[93.635,8.397],[93.635,8.397],[93.636,8.396],[93.636,8.395],[93.635,8.395],[93.635,8.395]]],[[[93.044,8.473],[93.044,8.473],[93.044,8.473],[93.046,8.472],[93.046,8.471],[93.048,8.469],[93.049,8.469],[93.049,8.468],[93.05,8.468],[93.051,8.467],[93.052,8.466],[93.054,8.464],[93.055,8.463],[93.056,8.462],[93.056,8.462],[93.056,8.462],[93.056,8.461],[93.056,8.461],[93.056,8.461],[93.057,8.461],[93.057,8.46],[93.057,8.46],[93.057,8.459],[93.057,8.459],[93.057,8.458],[93.058,8.458],[93.058,8.456],[93.057,8.455],[93.057,8.455],[93.057,8.454],[93.057,8.454],[93.056,8.453],[93.056,8.45],[93.057,8.45],[93.057,8.449],[93.056,8.449],[93.056,8.448],[93.057,8.448],[93.057,8.447],[93.058,8.446],[93.059,8.446],[93.059,8.446],[93.059,8.446],[93.06,8.445],[93.06,8.444],[93.06,8.444],[93.06,8.444],[93.061,8.443],[93.061,8.443],[93.061,8.443],[93.06,8.442],[93.06,8.441],[93.059,8.441],[93.058,8.439],[93.057,8.439],[93.057,8.439],[93.054,8.439],[93.054,8.439],[93.053,8.439],[93.053,8.439],[93.053,8.439],[93.052,8.439],[93.052,8.439],[93.052,8.438],[93.051,8.438],[93.051,8.439],[93.05,8.439],[93.05,8.439],[93.05,8.439],[93.049,8.439],[93.049,8.439],[93.049,8.439],[93.048,8.439],[93.048,8.44],[93.047,8.44],[93.047,8.44],[93.046,8.44],[93.046,8.44],[93.044,8.44],[93.044,8.441],[93.043,8.441],[93.043,8.441],[93.043,8.441],[93.041,8.442],[93.041,8.442],[93.04,8.443],[93.04,8.443],[93.038,8.445],[93.038,8.446],[93.037,8.446],[93.037,8.446],[93.037,8.447],[93.037,8.447],[93.035,8.449],[93.035,8.449],[93.035,8.45],[93.035,8.45],[93.035,8.45],[93.035,8.451],[93.034,8.451],[93.034,8.453],[93.035,8.453],[93.035,8.456],[93.035,8.456],[93.035,8.456],[93.035,8.456],[93.035,8.457],[93.036,8.457],[93.036,8.457],[93.035,8.458],[93.035,8.458],[93.036,8.458],[93.036,8.459],[93.036,8.459],[93.036,8.46],[93.036,8.46],[93.036,8.461],[93.036,8.461],[93.036,8.461],[93.037,8.461],[93.037,8.462],[93.037,8.462],[93.037,8.462],[93.037,8.463],[93.037,8.463],[93.037,8.464],[93.037,8.464],[93.038,8.464],[93.038,8.465],[93.038,8.465],[93.038,8.466],[93.038,8.466],[93.038,8.466],[93.039,8.467],[93.039,8.467],[93.039,8.467],[93.039,8.468],[93.039,8.468],[93.039,8.468],[93.04,8.469],[93.04,8.469],[93.04,8.469],[93.04,8.469],[93.041,8.47],[93.041,8.47],[93.042,8.471],[93.042,8.472],[93.042,8.472],[93.042,8.472],[93.043,8.474],[93.044,8.474],[93.044,8.473]]],[[[93.612,8.485],[93.611,8.484],[93.611,8.485],[93.611,8.485],[93.611,8.486],[93.611,8.486],[93.612,8.486],[93.612,8.486],[93.613,8.486],[93.613,8.486],[93.613,8.486],[93.614,8.486],[93.614,8.485],[93.613,8.485],[93.613,8.485],[93.612,8.485]]],[[[93.616,8.574],[93.617,8.572],[93.618,8.571],[93.618,8.569],[93.617,8.568],[93.618,8.567],[93.619,8.567],[93.619,8.567],[93.619,8.567],[93.62,8.566],[93.62,8.565],[93.62,8.564],[93.62,8.563],[93.621,8.562],[93.62,8.562],[93.621,8.559],[93.621,8.559],[93.62,8.557],[93.62,8.556],[93.62,8.556],[93.62,8.555],[93.619,8.555],[93.619,8.555],[93.619,8.554],[93.619,8.554],[93.619,8.554],[93.618,8.553],[93.618,8.552],[93.618,8.552],[93.619,8.551],[93.619,8.551],[93.619,8.551],[93.619,8.55],[93.619,8.55],[93.619,8.549],[93.62,8.549],[93.62,8.549],[93.62,8.548],[93.62,8.548],[93.62,8.547],[93.62,8.547],[93.619,8.547],[93.619,8.546],[93.619,8.546],[93.619,8.546],[93.619,8.546],[93.619,8.545],[93.62,8.545],[93.62,8.545],[93.62,8.544],[93.62,8.544],[93.62,8.543],[93.619,8.543],[93.62,8.543],[93.62,8.542],[93.621,8.542],[93.621,8.542],[93.621,8.541],[93.622,8.54],[93.622,8.54],[93.621,8.539],[93.621,8.539],[93.621,8.539],[93.621,8.539],[93.622,8.538],[93.622,8.538],[93.622,8.537],[93.622,8.536],[93.622,8.535],[93.622,8.535],[93.622,8.535],[93.623,8.534],[93.623,8.533],[93.623,8.533],[93.623,8.532],[93.622,8.532],[93.622,8.532],[93.622,8.532],[93.622,8.532],[93.622,8.531],[93.622,8.531],[93.622,8.531],[93.622,8.531],[93.623,8.53],[93.623,8.529],[93.623,8.529],[93.624,8.529],[93.625,8.528],[93.625,8.528],[93.626,8.527],[93.626,8.527],[93.627,8.527],[93.627,8.527],[93.627,8.527],[93.629,8.527],[93.629,8.526],[93.629,8.526],[93.63,8.526],[93.63,8.526],[93.631,8.526],[93.631,8.526],[93.632,8.525],[93.632,8.525],[93.632,8.525],[93.632,8.524],[93.632,8.524],[93.633,8.524],[93.633,8.524],[93.634,8.524],[93.635,8.524],[93.635,8.524],[93.635,8.524],[93.636,8.523],[93.636,8.523],[93.636,8.523],[93.636,8.523],[93.636,8.522],[93.636,8.522],[93.635,8.521],[93.635,8.521],[93.634,8.52],[93.633,8.519],[93.633,8.519],[93.633,8.518],[93.633,8.518],[93.633,8.517],[93.634,8.517],[93.634,8.517],[93.635,8.517],[93.635,8.516],[93.635,8.516],[93.635,8.515],[93.635,8.515],[93.636,8.514],[93.636,8.514],[93.637,8.513],[93.637,8.512],[93.637,8.512],[93.637,8.511],[93.637,8.51],[93.637,8.51],[93.636,8.51],[93.636,8.509],[93.636,8.509],[93.635,8.509],[93.635,8.509],[93.634,8.509],[93.634,8.509],[93.634,8.509],[93.633,8.508],[93.633,8.508],[93.633,8.507],[93.632,8.506],[93.632,8.506],[93.632,8.505],[93.632,8.505],[93.633,8.504],[93.633,8.503],[93.634,8.503],[93.635,8.502],[93.635,8.501],[93.635,8.5],[93.636,8.499],[93.637,8.498],[93.637,8.497],[93.638,8.492],[93.638,8.491],[93.638,8.49],[93.638,8.489],[93.638,8.487],[93.638,8.486],[93.639,8.485],[93.639,8.484],[93.639,8.483],[93.639,8.482],[93.639,8.481],[93.639,8.481],[93.639,8.48],[93.639,8.48],[93.639,8.479],[93.64,8.479],[93.64,8.478],[93.641,8.475],[93.641,8.475],[93.641,8.474],[93.641,8.473],[93.641,8.472],[93.641,8.471],[93.641,8.471],[93.641,8.47],[93.642,8.47],[93.642,8.469],[93.642,8.469],[93.642,8.469],[93.642,8.467],[93.642,8.467],[93.642,8.466],[93.642,8.466],[93.642,8.465],[93.641,8.465],[93.641,8.465],[93.64,8.465],[93.64,8.465],[93.639,8.465],[93.639,8.465],[93.638,8.466],[93.638,8.466],[93.638,8.466],[93.638,8.467],[93.637,8.467],[93.637,8.468],[93.637,8.468],[93.637,8.468],[93.636,8.47],[93.636,8.47],[93.635,8.469],[93.635,8.47],[93.635,8.47],[93.634,8.471],[93.633,8.471],[93.633,8.47],[93.633,8.47],[93.632,8.47],[93.631,8.47],[93.631,8.47],[93.63,8.47],[93.63,8.469],[93.63,8.469],[93.629,8.469],[93.629,8.469],[93.629,8.469],[93.628,8.468],[93.628,8.468],[93.627,8.467],[93.627,8.467],[93.627,8.465],[93.626,8.465],[93.626,8.464],[93.626,8.464],[93.626,8.463],[93.626,8.463],[93.626,8.463],[93.626,8.462],[93.626,8.461],[93.625,8.461],[93.625,8.46],[93.626,8.459],[93.626,8.459],[93.626,8.458],[93.625,8.458],[93.625,8.458],[93.625,8.457],[93.625,8.457],[93.625,8.457],[93.626,8.456],[93.626,8.456],[93.625,8.455],[93.625,8.455],[93.625,8.454],[93.625,8.453],[93.624,8.453],[93.624,8.453],[93.624,8.452],[93.624,8.452],[93.623,8.451],[93.623,8.45],[93.623,8.449],[93.623,8.449],[93.623,8.449],[93.623,8.449],[93.623,8.448],[93.623,8.447],[93.623,8.447],[93.624,8.446],[93.624,8.446],[93.624,8.446],[93.624,8.446],[93.624,8.445],[93.624,8.445],[93.625,8.444],[93.625,8.444],[93.626,8.443],[93.626,8.443],[93.628,8.442],[93.628,8.441],[93.627,8.44],[93.627,8.44],[93.626,8.44],[93.626,8.44],[93.627,8.44],[93.627,8.44],[93.627,8.439],[93.627,8.439],[93.628,8.438],[93.628,8.438],[93.628,8.437],[93.628,8.437],[93.628,8.436],[93.627,8.435],[93.627,8.433],[93.627,8.432],[93.627,8.431],[93.627,8.431],[93.626,8.43],[93.626,8.429],[93.626,8.428],[93.626,8.428],[93.625,8.428],[93.625,8.427],[93.625,8.427],[93.625,8.426],[93.625,8.426],[93.625,8.424],[93.624,8.424],[93.623,8.423],[93.623,8.422],[93.622,8.422],[93.622,8.422],[93.621,8.423],[93.621,8.424],[93.622,8.425],[93.622,8.426],[93.622,8.427],[93.621,8.428],[93.621,8.429],[93.621,8.429],[93.62,8.43],[93.62,8.431],[93.62,8.432],[93.619,8.432],[93.619,8.433],[93.617,8.433],[93.617,8.434],[93.616,8.435],[93.617,8.435],[93.618,8.436],[93.619,8.436],[93.619,8.436],[93.62,8.436],[93.62,8.437],[93.62,8.437],[93.62,8.437],[93.62,8.438],[93.621,8.438],[93.621,8.439],[93.62,8.44],[93.62,8.441],[93.619,8.442],[93.619,8.442],[93.619,8.442],[93.618,8.442],[93.618,8.443],[93.618,8.443],[93.617,8.443],[93.617,8.443],[93.617,8.444],[93.617,8.444],[93.618,8.445],[93.618,8.445],[93.619,8.446],[93.62,8.447],[93.62,8.448],[93.62,8.449],[93.62,8.45],[93.62,8.451],[93.62,8.451],[93.62,8.452],[93.62,8.453],[93.619,8.453],[93.619,8.454],[93.619,8.454],[93.618,8.454],[93.618,8.455],[93.618,8.455],[93.618,8.455],[93.617,8.455],[93.617,8.455],[93.617,8.455],[93.616,8.456],[93.616,8.456],[93.616,8.456],[93.616,8.456],[93.616,8.457],[93.616,8.457],[93.617,8.457],[93.618,8.456],[93.618,8.456],[93.618,8.456],[93.619,8.456],[93.619,8.456],[93.619,8.456],[93.619,8.457],[93.62,8.457],[93.62,8.458],[93.62,8.459],[93.62,8.459],[93.621,8.459],[93.623,8.461],[93.622,8.461],[93.622,8.462],[93.622,8.462],[93.622,8.462],[93.622,8.462],[93.623,8.463],[93.623,8.464],[93.622,8.464],[93.622,8.464],[93.622,8.464],[93.622,8.465],[93.622,8.465],[93.622,8.466],[93.621,8.467],[93.621,8.468],[93.621,8.468],[93.621,8.468],[93.621,8.469],[93.62,8.469],[93.62,8.47],[93.621,8.47],[93.621,8.47],[93.621,8.471],[93.622,8.471],[93.622,8.471],[93.622,8.471],[93.623,8.471],[93.623,8.472],[93.623,8.472],[93.623,8.472],[93.623,8.472],[93.623,8.473],[93.622,8.473],[93.622,8.473],[93.622,8.473],[93.622,8.473],[93.622,8.473],[93.621,8.473],[93.621,8.473],[93.62,8.473],[93.619,8.474],[93.619,8.474],[93.619,8.474],[93.619,8.475],[93.619,8.475],[93.62,8.476],[93.62,8.476],[93.62,8.476],[93.62,8.476],[93.62,8.477],[93.62,8.478],[93.62,8.478],[93.619,8.478],[93.619,8.479],[93.619,8.479],[93.619,8.48],[93.618,8.48],[93.619,8.481],[93.619,8.481],[93.619,8.481],[93.62,8.482],[93.62,8.482],[93.62,8.482],[93.622,8.482],[93.623,8.482],[93.623,8.482],[93.623,8.483],[93.624,8.483],[93.624,8.482],[93.624,8.482],[93.625,8.483],[93.625,8.483],[93.626,8.484],[93.626,8.484],[93.627,8.485],[93.627,8.485],[93.627,8.485],[93.627,8.486],[93.628,8.486],[93.628,8.486],[93.628,8.486],[93.628,8.487],[93.628,8.488],[93.628,8.488],[93.628,8.489],[93.628,8.489],[93.628,8.49],[93.628,8.49],[93.628,8.49],[93.627,8.49],[93.627,8.491],[93.627,8.491],[93.626,8.491],[93.626,8.492],[93.626,8.492],[93.626,8.492],[93.626,8.492],[93.626,8.493],[93.626,8.493],[93.626,8.493],[93.626,8.494],[93.625,8.494],[93.625,8.494],[93.625,8.495],[93.625,8.495],[93.625,8.496],[93.625,8.496],[93.625,8.496],[93.625,8.496],[93.625,8.497],[93.624,8.497],[93.624,8.497],[93.624,8.498],[93.625,8.498],[93.625,8.499],[93.625,8.499],[93.625,8.5],[93.625,8.5],[93.625,8.5],[93.625,8.501],[93.625,8.502],[93.626,8.502],[93.626,8.503],[93.626,8.503],[93.626,8.504],[93.625,8.503],[93.625,8.503],[93.625,8.504],[93.625,8.504],[93.625,8.504],[93.625,8.504],[93.625,8.505],[93.625,8.505],[93.625,8.505],[93.625,8.506],[93.625,8.507],[93.625,8.507],[93.625,8.509],[93.625,8.51],[93.625,8.511],[93.625,8.511],[93.625,8.511],[93.625,8.512],[93.625,8.512],[93.624,8.513],[93.625,8.514],[93.625,8.514],[93.625,8.514],[93.625,8.515],[93.625,8.515],[93.625,8.515],[93.625,8.515],[93.625,8.516],[93.624,8.516],[93.624,8.516],[93.624,8.517],[93.624,8.517],[93.623,8.518],[93.623,8.518],[93.623,8.519],[93.623,8.519],[93.622,8.52],[93.622,8.52],[93.622,8.52],[93.621,8.52],[93.621,8.52],[93.62,8.521],[93.62,8.521],[93.621,8.522],[93.621,8.522],[93.621,8.522],[93.621,8.522],[93.621,8.523],[93.622,8.523],[93.622,8.523],[93.622,8.524],[93.622,8.524],[93.622,8.525],[93.622,8.525],[93.622,8.525],[93.622,8.526],[93.621,8.526],[93.621,8.526],[93.621,8.527],[93.622,8.527],[93.621,8.527],[93.621,8.527],[93.621,8.527],[93.62,8.528],[93.62,8.528],[93.62,8.527],[93.619,8.527],[93.619,8.527],[93.618,8.528],[93.618,8.528],[93.619,8.528],[93.619,8.528],[93.619,8.529],[93.619,8.529],[93.619,8.529],[93.618,8.529],[93.618,8.529],[93.618,8.53],[93.618,8.53],[93.619,8.531],[93.618,8.531],[93.618,8.531],[93.618,8.531],[93.618,8.532],[93.618,8.532],[93.618,8.532],[93.618,8.533],[93.617,8.533],[93.617,8.533],[93.616,8.533],[93.616,8.533],[93.617,8.534],[93.617,8.533],[93.617,8.533],[93.617,8.533],[93.617,8.534],[93.617,8.534],[93.617,8.535],[93.617,8.535],[93.617,8.536],[93.615,8.538],[93.614,8.538],[93.614,8.538],[93.614,8.538],[93.613,8.539],[93.613,8.539],[93.613,8.539],[93.613,8.539],[93.613,8.54],[93.613,8.54],[93.613,8.541],[93.613,8.541],[93.612,8.541],[93.612,8.542],[93.611,8.543],[93.61,8.544],[93.61,8.545],[93.61,8.545],[93.611,8.545],[93.611,8.545],[93.612,8.546],[93.612,8.546],[93.612,8.547],[93.612,8.547],[93.611,8.547],[93.611,8.549],[93.611,8.55],[93.611,8.55],[93.61,8.551],[93.61,8.551],[93.61,8.552],[93.61,8.552],[93.61,8.552],[93.61,8.553],[93.61,8.553],[93.61,8.554],[93.61,8.554],[93.61,8.554],[93.611,8.554],[93.611,8.555],[93.611,8.555],[93.611,8.555],[93.61,8.556],[93.61,8.556],[93.611,8.557],[93.611,8.558],[93.611,8.558],[93.612,8.559],[93.612,8.559],[93.612,8.559],[93.611,8.559],[93.611,8.56],[93.611,8.56],[93.611,8.56],[93.611,8.561],[93.611,8.561],[93.611,8.561],[93.612,8.561],[93.612,8.561],[93.612,8.561],[93.613,8.562],[93.613,8.563],[93.613,8.564],[93.614,8.564],[93.614,8.564],[93.614,8.565],[93.614,8.565],[93.614,8.565],[93.614,8.565],[93.613,8.565],[93.613,8.566],[93.613,8.566],[93.614,8.566],[93.614,8.566],[93.613,8.566],[93.613,8.566],[93.613,8.566],[93.613,8.567],[93.613,8.567],[93.613,8.567],[93.613,8.568],[93.613,8.568],[93.613,8.568],[93.612,8.569],[93.613,8.569],[93.613,8.57],[93.613,8.57],[93.612,8.57],[93.612,8.57],[93.612,8.571],[93.612,8.571],[93.612,8.571],[93.611,8.572],[93.611,8.572],[93.611,8.573],[93.612,8.573],[93.612,8.573],[93.613,8.573],[93.613,8.573],[93.613,8.573],[93.613,8.574],[93.613,8.574],[93.614,8.574],[93.614,8.575],[93.613,8.575],[93.613,8.575],[93.613,8.576],[93.613,8.576],[93.613,8.576],[93.614,8.575],[93.615,8.575],[93.615,8.575],[93.616,8.574]]],[[[93.609,8.582],[93.609,8.581],[93.609,8.581],[93.609,8.58],[93.609,8.58],[93.609,8.579],[93.609,8.579],[93.609,8.579],[93.608,8.578],[93.607,8.579],[93.607,8.58],[93.607,8.581],[93.607,8.581],[93.607,8.581],[93.607,8.582],[93.607,8.582],[93.608,8.582],[93.608,8.582],[93.608,8.582],[93.609,8.582],[93.609,8.582],[93.609,8.582]]],[[[92.859,8.82],[92.859,8.82],[92.858,8.82],[92.857,8.819],[92.857,8.819],[92.857,8.819],[92.856,8.819],[92.855,8.819],[92.855,8.819],[92.854,8.819],[92.854,8.82],[92.853,8.82],[92.853,8.821],[92.852,8.821],[92.852,8.822],[92.852,8.822],[92.852,8.823],[92.852,8.823],[92.853,8.823],[92.853,8.824],[92.853,8.825],[92.853,8.827],[92.853,8.827],[92.853,8.828],[92.853,8.829],[92.853,8.831],[92.853,8.831],[92.853,8.831],[92.853,8.831],[92.853,8.832],[92.854,8.832],[92.854,8.833],[92.854,8.833],[92.854,8.834],[92.855,8.834],[92.855,8.835],[92.858,8.837],[92.858,8.837],[92.859,8.837],[92.859,8.837],[92.86,8.837],[92.86,8.836],[92.862,8.835],[92.862,8.834],[92.862,8.834],[92.862,8.834],[92.862,8.834],[92.863,8.833],[92.863,8.833],[92.863,8.832],[92.863,8.831],[92.863,8.831],[92.863,8.83],[92.863,8.83],[92.863,8.829],[92.863,8.828],[92.863,8.827],[92.863,8.827],[92.863,8.826],[92.863,8.826],[92.863,8.826],[92.863,8.825],[92.863,8.825],[92.863,8.824],[92.863,8.823],[92.861,8.822],[92.861,8.822],[92.86,8.821],[92.86,8.82],[92.86,8.82],[92.859,8.82],[92.859,8.82]]],[[[92.793,9.119],[92.793,9.119],[92.794,9.119],[92.794,9.118],[92.796,9.118],[92.796,9.118],[92.796,9.118],[92.796,9.118],[92.797,9.119],[92.799,9.119],[92.799,9.118],[92.798,9.118],[92.798,9.118],[92.797,9.118],[92.797,9.118],[92.792,9.118],[92.792,9.118],[92.793,9.118],[92.793,9.119],[92.793,9.119],[92.793,9.119],[92.793,9.119]]],[[[92.804,9.121],[92.804,9.12],[92.804,9.12],[92.804,9.12],[92.804,9.12],[92.804,9.12],[92.804,9.12],[92.804,9.119],[92.803,9.119],[92.803,9.119],[92.803,9.119],[92.802,9.119],[92.802,9.119],[92.801,9.119],[92.801,9.119],[92.801,9.119],[92.801,9.119],[92.8,9.119],[92.8,9.119],[92.8,9.119],[92.8,9.119],[92.801,9.119],[92.801,9.119],[92.801,9.119],[92.801,9.119],[92.802,9.119],[92.802,9.12],[92.803,9.12],[92.803,9.12],[92.803,9.12],[92.804,9.12],[92.804,9.121],[92.804,9.121]]],[[[92.814,9.127],[92.814,9.126],[92.814,9.126],[92.814,9.126],[92.815,9.126],[92.815,9.126],[92.814,9.126],[92.814,9.126],[92.814,9.126],[92.814,9.125],[92.813,9.125],[92.813,9.125],[92.813,9.125],[92.813,9.125],[92.812,9.125],[92.812,9.124],[92.812,9.124],[92.812,9.126],[92.813,9.126],[92.813,9.126],[92.813,9.126],[92.813,9.126],[92.814,9.126],[92.814,9.127],[92.814,9.127]]],[[[92.788,9.244],[92.789,9.243],[92.79,9.243],[92.79,9.243],[92.791,9.243],[92.791,9.242],[92.791,9.242],[92.792,9.241],[92.792,9.241],[92.793,9.24],[92.793,9.24],[92.795,9.238],[92.795,9.238],[92.795,9.238],[92.795,9.237],[92.795,9.237],[92.796,9.237],[92.797,9.236],[92.798,9.235],[92.798,9.234],[92.798,9.234],[92.798,9.234],[92.799,9.234],[92.799,9.233],[92.8,9.233],[92.8,9.233],[92.801,9.232],[92.801,9.231],[92.802,9.231],[92.802,9.23],[92.803,9.229],[92.804,9.229],[92.805,9.228],[92.805,9.228],[92.808,9.225],[92.808,9.225],[92.809,9.224],[92.809,9.224],[92.81,9.224],[92.81,9.224],[92.811,9.223],[92.811,9.223],[92.813,9.221],[92.813,9.221],[92.814,9.22],[92.814,9.22],[92.814,9.219],[92.814,9.219],[92.815,9.218],[92.815,9.218],[92.816,9.218],[92.817,9.217],[92.817,9.216],[92.817,9.216],[92.817,9.216],[92.817,9.215],[92.818,9.214],[92.819,9.214],[92.819,9.213],[92.819,9.212],[92.82,9.211],[92.82,9.21],[92.821,9.209],[92.821,9.209],[92.821,9.208],[92.821,9.208],[92.821,9.208],[92.821,9.207],[92.821,9.207],[92.821,9.206],[92.822,9.205],[92.822,9.204],[92.822,9.204],[92.822,9.204],[92.822,9.204],[92.822,9.202],[92.823,9.202],[92.823,9.201],[92.823,9.2],[92.823,9.199],[92.824,9.199],[92.824,9.196],[92.854,9.209],[92.854,9.209],[92.857,9.202],[92.826,9.192],[92.826,9.19],[92.826,9.189],[92.826,9.188],[92.827,9.188],[92.826,9.187],[92.826,9.186],[92.826,9.185],[92.826,9.184],[92.826,9.183],[92.826,9.182],[92.826,9.182],[92.826,9.182],[92.825,9.181],[92.826,9.18],[92.826,9.18],[92.826,9.179],[92.826,9.179],[92.827,9.178],[92.828,9.177],[92.829,9.176],[92.829,9.176],[92.829,9.175],[92.829,9.174],[92.83,9.174],[92.83,9.173],[92.83,9.173],[92.83,9.172],[92.83,9.171],[92.83,9.171],[92.831,9.171],[92.831,9.17],[92.831,9.17],[92.831,9.169],[92.831,9.168],[92.832,9.168],[92.832,9.167],[92.832,9.166],[92.832,9.165],[92.832,9.164],[92.832,9.163],[92.832,9.163],[92.832,9.162],[92.831,9.161],[92.831,9.16],[92.831,9.159],[92.831,9.158],[92.831,9.157],[92.83,9.157],[92.83,9.156],[92.83,9.156],[92.829,9.155],[92.829,9.154],[92.829,9.153],[92.829,9.153],[92.829,9.152],[92.828,9.151],[92.828,9.151],[92.828,9.15],[92.828,9.149],[92.828,9.148],[92.828,9.147],[92.828,9.147],[92.829,9.146],[92.829,9.145],[92.829,9.144],[92.829,9.144],[92.829,9.143],[92.829,9.143],[92.829,9.142],[92.829,9.141],[92.83,9.14],[92.83,9.14],[92.83,9.14],[92.831,9.14],[92.831,9.139],[92.831,9.139],[92.83,9.138],[92.829,9.138],[92.828,9.138],[92.828,9.138],[92.827,9.138],[92.827,9.138],[92.826,9.138],[92.825,9.138],[92.824,9.138],[92.823,9.138],[92.822,9.138],[92.822,9.137],[92.821,9.137],[92.82,9.136],[92.819,9.136],[92.818,9.135],[92.818,9.135],[92.817,9.135],[92.817,9.136],[92.816,9.135],[92.816,9.134],[92.816,9.134],[92.815,9.133],[92.815,9.132],[92.814,9.132],[92.814,9.132],[92.813,9.132],[92.813,9.132],[92.812,9.131],[92.812,9.131],[92.812,9.131],[92.812,9.129],[92.812,9.128],[92.812,9.127],[92.812,9.127],[92.812,9.126],[92.812,9.126],[92.811,9.126],[92.811,9.126],[92.811,9.125],[92.811,9.125],[92.811,9.124],[92.811,9.124],[92.811,9.124],[92.811,9.124],[92.811,9.124],[92.81,9.124],[92.81,9.124],[92.809,9.124],[92.809,9.124],[92.808,9.124],[92.808,9.124],[92.808,9.124],[92.808,9.124],[92.807,9.124],[92.807,9.124],[92.806,9.123],[92.806,9.123],[92.805,9.123],[92.805,9.122],[92.805,9.122],[92.804,9.122],[92.804,9.121],[92.803,9.121],[92.803,9.121],[92.802,9.12],[92.801,9.12],[92.8,9.12],[92.8,9.12],[92.799,9.12],[92.799,9.12],[92.798,9.12],[92.797,9.12],[92.796,9.12],[92.796,9.12],[92.795,9.12],[92.794,9.12],[92.794,9.12],[92.793,9.119],[92.792,9.119],[92.792,9.119],[92.791,9.119],[92.79,9.119],[92.79,9.119],[92.789,9.119],[92.787,9.119],[92.786,9.119],[92.786,9.119],[92.785,9.12],[92.784,9.12],[92.783,9.12],[92.783,9.12],[92.783,9.12],[92.783,9.12],[92.782,9.12],[92.782,9.12],[92.783,9.12],[92.783,9.12],[92.783,9.119],[92.783,9.119],[92.784,9.119],[92.784,9.119],[92.784,9.119],[92.784,9.119],[92.784,9.119],[92.785,9.119],[92.785,9.118],[92.787,9.118],[92.787,9.118],[92.788,9.118],[92.788,9.118],[92.788,9.118],[92.788,9.118],[92.789,9.118],[92.789,9.118],[92.789,9.118],[92.789,9.118],[92.79,9.118],[92.79,9.118],[92.79,9.117],[92.79,9.117],[92.789,9.117],[92.786,9.117],[92.786,9.117],[92.785,9.117],[92.785,9.118],[92.784,9.118],[92.784,9.118],[92.784,9.118],[92.783,9.119],[92.783,9.119],[92.782,9.119],[92.782,9.119],[92.781,9.119],[92.781,9.12],[92.781,9.12],[92.78,9.12],[92.779,9.121],[92.777,9.121],[92.777,9.122],[92.776,9.122],[92.776,9.123],[92.775,9.123],[92.773,9.125],[92.772,9.125],[92.772,9.126],[92.771,9.126],[92.771,9.127],[92.77,9.127],[92.77,9.127],[92.769,9.128],[92.769,9.127],[92.769,9.127],[92.768,9.126],[92.768,9.125],[92.767,9.126],[92.766,9.126],[92.766,9.126],[92.766,9.126],[92.766,9.125],[92.765,9.125],[92.764,9.124],[92.764,9.124],[92.762,9.124],[92.762,9.124],[92.762,9.124],[92.761,9.124],[92.761,9.124],[92.761,9.124],[92.76,9.124],[92.76,9.125],[92.759,9.125],[92.759,9.125],[92.758,9.126],[92.758,9.126],[92.757,9.126],[92.757,9.126],[92.757,9.127],[92.756,9.127],[92.755,9.127],[92.755,9.127],[92.755,9.126],[92.754,9.126],[92.754,9.125],[92.753,9.125],[92.751,9.125],[92.75,9.125],[92.748,9.126],[92.748,9.125],[92.747,9.125],[92.747,9.125],[92.747,9.125],[92.746,9.125],[92.746,9.125],[92.744,9.125],[92.744,9.125],[92.744,9.125],[92.743,9.125],[92.743,9.125],[92.743,9.125],[92.742,9.124],[92.741,9.124],[92.74,9.123],[92.739,9.123],[92.737,9.123],[92.736,9.124],[92.736,9.124],[92.735,9.123],[92.735,9.124],[92.735,9.124],[92.734,9.123],[92.733,9.124],[92.733,9.124],[92.732,9.124],[92.732,9.124],[92.731,9.125],[92.728,9.128],[92.728,9.128],[92.728,9.129],[92.727,9.13],[92.727,9.13],[92.726,9.132],[92.726,9.133],[92.726,9.134],[92.727,9.135],[92.726,9.136],[92.726,9.137],[92.726,9.138],[92.725,9.138],[92.725,9.139],[92.724,9.14],[92.723,9.14],[92.723,9.141],[92.722,9.142],[92.722,9.143],[92.72,9.145],[92.72,9.146],[92.72,9.148],[92.72,9.15],[92.719,9.15],[92.719,9.151],[92.719,9.152],[92.718,9.153],[92.718,9.153],[92.718,9.154],[92.718,9.156],[92.718,9.157],[92.718,9.158],[92.718,9.16],[92.718,9.161],[92.719,9.163],[92.719,9.164],[92.719,9.166],[92.719,9.167],[92.72,9.169],[92.72,9.17],[92.721,9.172],[92.721,9.173],[92.721,9.174],[92.721,9.175],[92.721,9.176],[92.721,9.177],[92.721,9.178],[92.721,9.178],[92.721,9.18],[92.721,9.18],[92.721,9.183],[92.721,9.183],[92.721,9.185],[92.721,9.185],[92.721,9.186],[92.72,9.187],[92.72,9.188],[92.72,9.188],[92.72,9.189],[92.72,9.19],[92.72,9.191],[92.72,9.191],[92.72,9.193],[92.719,9.193],[92.719,9.194],[92.721,9.196],[92.721,9.196],[92.721,9.197],[92.721,9.197],[92.721,9.197],[92.721,9.198],[92.721,9.199],[92.721,9.199],[92.721,9.199],[92.721,9.199],[92.721,9.2],[92.721,9.2],[92.72,9.2],[92.72,9.201],[92.72,9.201],[92.72,9.201],[92.72,9.202],[92.721,9.202],[92.721,9.203],[92.72,9.204],[92.72,9.204],[92.721,9.204],[92.721,9.206],[92.72,9.206],[92.72,9.207],[92.72,9.208],[92.72,9.208],[92.72,9.208],[92.72,9.21],[92.721,9.21],[92.721,9.21],[92.721,9.211],[92.721,9.211],[92.721,9.212],[92.721,9.212],[92.721,9.213],[92.721,9.214],[92.721,9.214],[92.721,9.214],[92.722,9.215],[92.722,9.215],[92.722,9.215],[92.723,9.216],[92.722,9.216],[92.723,9.216],[92.723,9.217],[92.723,9.217],[92.723,9.217],[92.724,9.218],[92.725,9.219],[92.725,9.219],[92.726,9.219],[92.726,9.219],[92.727,9.219],[92.728,9.219],[92.728,9.22],[92.729,9.22],[92.73,9.219],[92.73,9.219],[92.73,9.219],[92.731,9.219],[92.731,9.219],[92.732,9.219],[92.732,9.218],[92.733,9.218],[92.733,9.218],[92.734,9.218],[92.734,9.218],[92.734,9.218],[92.735,9.217],[92.735,9.217],[92.735,9.216],[92.736,9.216],[92.736,9.215],[92.736,9.215],[92.737,9.215],[92.738,9.216],[92.738,9.216],[92.738,9.216],[92.739,9.216],[92.739,9.216],[92.739,9.216],[92.74,9.216],[92.74,9.216],[92.741,9.217],[92.742,9.217],[92.742,9.216],[92.743,9.216],[92.743,9.216],[92.743,9.216],[92.743,9.216],[92.744,9.216],[92.745,9.215],[92.745,9.214],[92.746,9.214],[92.746,9.214],[92.746,9.213],[92.746,9.213],[92.747,9.212],[92.748,9.212],[92.749,9.213],[92.749,9.213],[92.749,9.213],[92.749,9.213],[92.75,9.213],[92.751,9.214],[92.751,9.214],[92.751,9.214],[92.752,9.214],[92.752,9.215],[92.752,9.215],[92.753,9.215],[92.755,9.215],[92.755,9.215],[92.756,9.215],[92.756,9.216],[92.757,9.216],[92.757,9.215],[92.758,9.215],[92.758,9.215],[92.759,9.215],[92.759,9.215],[92.765,9.215],[92.766,9.215],[92.766,9.215],[92.766,9.215],[92.767,9.215],[92.767,9.216],[92.767,9.216],[92.768,9.216],[92.768,9.216],[92.769,9.217],[92.769,9.217],[92.769,9.218],[92.769,9.218],[92.77,9.218],[92.77,9.219],[92.77,9.219],[92.771,9.22],[92.771,9.22],[92.771,9.221],[92.772,9.221],[92.772,9.222],[92.771,9.222],[92.771,9.222],[92.771,9.223],[92.771,9.223],[92.771,9.223],[92.77,9.224],[92.771,9.224],[92.771,9.225],[92.771,9.226],[92.771,9.226],[92.771,9.227],[92.771,9.228],[92.771,9.228],[92.772,9.228],[92.772,9.228],[92.772,9.228],[92.772,9.228],[92.773,9.228],[92.773,9.229],[92.774,9.229],[92.774,9.229],[92.774,9.229],[92.775,9.23],[92.775,9.231],[92.775,9.231],[92.775,9.231],[92.775,9.232],[92.775,9.233],[92.776,9.234],[92.776,9.234],[92.776,9.234],[92.776,9.235],[92.776,9.235],[92.776,9.235],[92.776,9.236],[92.776,9.236],[92.775,9.237],[92.774,9.237],[92.774,9.237],[92.774,9.237],[92.773,9.238],[92.773,9.238],[92.773,9.239],[92.773,9.239],[92.774,9.24],[92.774,9.24],[92.774,9.241],[92.774,9.241],[92.775,9.241],[92.775,9.24],[92.775,9.24],[92.775,9.239],[92.775,9.239],[92.775,9.239],[92.775,9.239],[92.776,9.239],[92.776,9.239],[92.777,9.239],[92.777,9.24],[92.778,9.241],[92.778,9.242],[92.778,9.242],[92.779,9.243],[92.779,9.244],[92.779,9.244],[92.779,9.245],[92.779,9.246],[92.779,9.246],[92.778,9.246],[92.778,9.247],[92.778,9.247],[92.778,9.248],[92.777,9.248],[92.777,9.248],[92.777,9.249],[92.777,9.25],[92.777,9.25],[92.777,9.25],[92.776,9.251],[92.776,9.251],[92.775,9.253],[92.775,9.254],[92.775,9.254],[92.775,9.254],[92.774,9.255],[92.774,9.256],[92.775,9.257],[92.776,9.257],[92.777,9.257],[92.778,9.257],[92.778,9.256],[92.779,9.256],[92.779,9.255],[92.779,9.254],[92.779,9.254],[92.779,9.254],[92.779,9.253],[92.78,9.253],[92.78,9.252],[92.781,9.252],[92.781,9.251],[92.781,9.251],[92.781,9.25],[92.781,9.25],[92.782,9.249],[92.783,9.248],[92.783,9.248],[92.784,9.248],[92.784,9.248],[92.785,9.247],[92.786,9.247],[92.786,9.246],[92.787,9.246],[92.787,9.245],[92.787,9.245],[92.788,9.244],[92.788,9.244]]]]}}]}